screen_size,rear_camera_mp,front_camera_mp,internal_memory,ram,battery,weight,days_used,normalized_used_price,model_age,device_brand_Alcatel,device_brand_Apple,device_brand_Asus,device_brand_BlackBerry,device_brand_Celkon,device_brand_Coolpad,device_brand_Gionee,device_brand_Google,device_brand_HTC,device_brand_Honor,device_brand_Huawei,device_brand_Infinix,device_brand_Karbonn,device_brand_LG,device_brand_Lava,device_brand_Lenovo,device_brand_Meizu,device_brand_Micromax,device_brand_Microsoft,device_brand_Motorola,device_brand_Nokia,device_brand_OnePlus,device_brand_Oppo,device_brand_Others,device_brand_Panasonic,device_brand_Realme,device_brand_Samsung,device_brand_Sony,device_brand_Spice,device_brand_Vivo,device_brand_XOLO,device_brand_Xiaomi,device_brand_ZTE,os_Others,os_Windows,os_iOS,4g_yes,5g_yes
14.5,13.0,5.0,64.0,3.0,3020.0,146.0,127,4.307572449,0,False,False,False,False,False,False,False,False,False,True,False,False,False,False,False,False,False,False,False,False,False,False,False,False,False,False,False,False,False,False,False,False,False,False,False,False,True,False
17.3,13.0,16.0,128.0,8.0,4300.0,213.0,325,5.162096647,0,False,False,False,False,False,False,False,False,False,True,False,False,False,False,False,False,False,False,False,False,False,False,False,False,False,False,False,False,False,False,False,False,False,False,False,False,True,True
16.69,13.0,8.0,128.0,8.0,4200.0,213.0,162,5.111083765,0,False,False,False,False,False,False,False,False,False,True,False,False,False,False,False,False,False,False,False,False,False,False,False,False,False,False,False,False,False,False,False,False,False,False,False,False,True,True
15.32,13.0,8.0,64.0,3.0,5000.0,185.0,293,4.389994804,0,False,False,False,False,False,False,False,False,False,True,False,False,False,False,False,False,False,False,False,False,False,False,False,False,False,False,False,False,False,False,False,False,False,False,False,False,True,False
16.23,13.0,8.0,64.0,4.0,4000.0,176.0,223,4.413888608,0,False,False,False,False,False,False,False,False,False,True,False,False,False,False,False,False,False,False,False,False,False,False,False,False,False,False,False,False,False,False,False,False,False,False,False,False,True,False
13.84,8.0,5.0,32.0,2.0,3020.0,144.0,234,3.878259375,0,False,False,False,False,False,False,False,False,False,True,False,False,False,False,False,False,False,False,False,False,False,False,False,False,False,False,False,False,False,False,False,False,False,False,False,False,True,False
15.77,13.0,8.0,64.0,4.0,3400.0,164.0,219,4.729421148,0,False,False,False,False,False,False,False,False,False,True,False,False,False,False,False,False,False,False,False,False,False,False,False,False,False,False,False,False,False,False,False,False,False,False,False,False,True,False
15.32,13.0,16.0,128.0,6.0,4000.0,165.0,161,4.886054204,0,False,False,False,False,False,False,False,False,False,True,False,False,False,False,False,False,False,False,False,False,False,False,False,False,False,False,False,False,False,False,False,False,False,False,False,False,True,False
16.23,13.0,8.0,128.0,6.0,4000.0,176.0,327,4.773223771,0,False,False,False,False,False,False,False,False,False,True,False,False,False,False,False,False,False,False,False,False,False,False,False,False,False,False,False,False,False,False,False,False,False,False,False,False,True,False
15.47,13.0,8.0,64.0,3.0,3020.0,150.0,268,4.26703657,0,False,False,False,False,False,False,False,False,False,True,False,False,False,False,False,False,False,False,False,False,False,False,False,False,False,False,False,False,False,False,False,False,False,False,False,False,True,False
15.32,13.0,8.0,64.0,4.0,5000.0,185.0,344,4.657383057,0,False,False,False,False,False,False,False,False,False,True,False,False,False,False,False,False,False,False,False,False,False,False,False,False,False,False,False,False,False,False,False,False,False,False,False,False,True,False
16.69,13.0,16.0,128.0,8.0,4100.0,206.0,537,5.383255763,1,False,False,False,False,False,False,False,False,False,True,False,False,False,False,False,False,False,False,False,False,False,False,False,False,False,False,False,False,False,False,False,False,False,False,False,False,True,True
15.32,13.0,16.0,64.0,4.0,4000.0,171.5,336,4.617592706,1,False,False,False,False,False,False,False,False,False,True,False,False,False,False,False,False,False,False,False,False,False,False,False,False,False,False,False,False,False,False,False,False,False,False,False,False,True,False
14.5,13.0,5.0,32.0,2.0,3020.0,146.0,230,4.111365547,1,False,False,False,False,False,False,False,False,False,True,False,False,False,False,False,False,False,False,False,False,False,False,False,False,False,False,False,False,False,False,False,False,False,False,False,False,True,False
16.23,13.0,8.0,64.0,4.0,4000.0,176.0,248,4.411221293,1,False,False,False,False,False,False,False,False,False,True,False,False,False,False,False,False,False,False,False,False,False,False,False,False,False,False,False,False,False,False,False,False,False,False,False,False,True,False
15.9,13.0,32.0,128.0,6.0,3750.0,172.0,395,5.022366217,1,False,False,False,False,False,False,False,False,False,True,False,False,False,False,False,False,False,False,False,False,False,False,False,False,False,False,False,False,False,False,False,False,False,False,False,False,True,False
16.74,13.0,16.0,64.0,4.0,4000.0,206.0,421,4.777020443,1,False,False,False,False,False,False,False,False,False,True,False,False,False,False,False,False,False,False,False,False,False,False,False,False,False,False,False,False,False,False,False,False,False,False,False,False,True,False
14.5,13.0,5.0,32.0,2.0,3020.0,146.0,532,4.248638089,1,False,False,False,False,False,False,False,False,False,True,False,False,False,False,False,False,False,False,False,False,False,False,False,False,False,False,False,False,False,False,False,False,False,False,False,False,True,False
15.29,13.0,16.0,32.0,3.0,3850.0,170.0,187,4.560800238,1,False,False,False,False,False,False,False,False,True,False,False,False,False,False,False,False,False,False,False,False,False,False,False,False,False,False,False,False,False,False,False,False,False,False,False,False,True,False
12.88,13.0,13.0,64.0,4.0,3075.0,150.0,499,4.595624773,1,False,False,False,False,False,False,False,False,True,False,False,False,False,False,False,False,False,False,False,False,False,False,False,False,False,False,False,False,False,False,False,False,False,False,False,False,True,False
15.29,13.0,8.0,32.0,3.0,3300.0,160.0,497,4.426521875,1,False,False,False,False,False,False,False,False,True,False,False,False,False,False,False,False,False,False,False,False,False,False,False,False,False,False,False,False,False,False,False,False,False,False,False,False,True,False
15.24,13.0,14.5,128.0,6.0,3930.0,180.0,202,5.213467289,1,False,False,False,False,False,False,False,False,True,False,False,False,False,False,False,False,False,False,False,False,False,False,False,False,False,False,False,False,False,False,False,False,False,False,False,False,True,False
15.29,13.0,16.0,64.0,4.0,3850.0,170.0,493,4.636668853,1,False,False,False,False,False,False,False,False,True,False,False,False,False,False,False,False,False,False,False,False,False,False,False,False,False,False,False,False,False,False,False,False,False,False,False,False,True,False
15.37,10.5,16.0,128.0,6.0,4000.0,192.0,91,4.905496976,0,False,False,False,False,False,False,False,False,False,False,True,False,False,False,False,False,False,False,False,False,False,False,False,False,False,False,False,False,False,False,False,False,False,False,False,False,True,True
15.37,10.5,16.0,64.0,6.0,4000.0,182.0,299,4.820442843,0,False,False,False,False,False,False,False,False,False,False,True,False,False,False,False,False,False,False,False,False,False,False,False,False,False,False,False,False,False,False,False,False,False,False,False,False,True,True
15.32,10.5,16.0,128.0,4.0,4000.0,163.0,354,4.577901759,0,False,False,False,False,False,False,False,False,False,False,True,False,False,False,False,False,False,False,False,False,False,False,False,False,False,False,False,False,False,False,False,False,False,False,False,False,True,False
15.32,10.5,16.0,128.0,4.0,4000.0,163.0,306,4.872828107,0,False,False,False,False,False,False,False,False,False,False,True,False,False,False,False,False,False,False,False,False,False,False,False,False,False,False,False,False,False,False,False,False,False,False,False,False,True,False
15.37,10.5,16.0,128.0,8.0,4000.0,189.0,205,4.709440107,0,False,False,False,False,False,False,False,False,False,False,True,False,False,False,False,False,False,False,False,False,False,False,False,False,False,False,False,False,False,False,False,False,False,False,False,False,True,True
16.71,10.5,16.0,256.0,8.0,4200.0,226.0,120,6.153455837,0,False,False,False,False,False,False,False,False,False,False,True,False,False,False,False,False,False,False,False,False,False,False,False,False,False,False,False,False,False,False,False,False,False,False,False,False,True,True
16.23,10.5,8.0,64.0,4.0,4000.0,176.0,161,4.644390899,0,False,False,False,False,False,False,False,False,False,False,True,False,False,False,False,False,False,False,False,False,False,False,False,False,False,False,False,False,False,False,False,False,False,False,False,False,True,False
16.23,10.5,8.0,64.0,4.0,4000.0,176.0,93,4.322143925,0,False,False,False,False,False,False,False,False,False,False,True,False,False,False,False,False,False,False,False,False,False,False,False,False,False,False,False,False,False,False,False,False,False,False,False,False,True,False
16.74,13.0,16.0,128.0,6.0,4000.0,206.0,460,5.065439086,1,False,False,False,False,False,False,False,False,False,False,True,False,False,False,False,False,False,False,False,False,False,False,False,False,False,False,False,False,False,False,False,False,False,False,False,False,True,False
15.34,13.0,16.0,128.0,8.0,4200.0,183.0,223,4.931375613,1,False,False,False,False,False,False,False,False,False,False,True,False,False,False,False,False,False,False,False,False,False,False,False,False,False,False,False,False,False,False,False,False,False,False,False,False,True,False
15.9,13.0,32.0,64.0,6.0,4000.0,178.0,206,4.99653637,1,False,False,False,False,False,False,False,False,False,False,True,False,False,False,False,False,False,False,False,False,False,False,False,False,False,False,False,False,False,False,False,False,False,False,False,False,True,False
15.32,13.0,16.0,64.0,6.0,4000.0,163.0,488,4.537426534,1,False,False,False,False,False,False,False,False,False,False,True,False,False,False,False,False,False,False,False,False,False,False,False,False,False,False,False,False,False,False,False,False,False,False,False,False,True,False
16.23,13.0,8.0,64.0,4.0,4000.0,176.0,516,4.705286977,1,False,False,False,False,False,False,False,False,False,False,True,False,False,False,False,False,False,False,False,False,False,False,False,False,False,False,False,False,False,False,False,False,False,False,False,False,True,False
16.59,13.0,16.0,512.0,12.0,4500.0,198.0,289,5.674182005,1,False,False,False,False,False,False,False,False,False,False,True,False,False,False,False,False,False,False,False,False,False,False,False,False,False,False,False,False,False,False,False,False,False,False,False,False,True,True
16.81,13.0,16.0,128.0,6.0,4200.0,196.0,477,5.380450196,1,False,False,False,False,False,False,False,False,False,False,True,False,False,False,False,False,False,False,False,False,False,False,False,False,False,False,False,False,False,False,False,False,False,False,False,False,True,True
16.81,13.0,16.0,128.0,6.0,4200.0,196.0,195,5.014826499,1,False,False,False,False,False,False,False,False,False,False,True,False,False,False,False,False,False,False,False,False,False,False,False,False,False,False,False,False,False,False,False,False,False,False,False,False,True,False
15.9,13.0,32.0,128.0,6.0,4000.0,178.0,244,5.143474781,1,False,False,False,False,False,False,False,False,False,False,True,False,False,False,False,False,False,False,False,False,False,False,False,False,False,False,False,False,False,False,False,False,False,False,False,False,True,False
16.74,13.0,16.0,128.0,4.0,4000.0,163.5,376,4.839293241,1,False,False,False,False,False,False,False,False,False,False,True,False,False,False,False,False,False,False,False,False,False,False,False,False,False,False,False,False,False,False,False,False,False,False,False,False,True,False
16.23,13.0,32.0,128.0,8.0,3500.0,171.0,333,5.428204627,1,False,False,False,False,False,False,False,False,False,False,True,False,False,False,False,False,False,False,False,False,False,False,False,False,False,False,False,False,False,False,False,False,False,False,False,False,True,False
16.23,13.0,32.0,128.0,8.0,3500.0,171.0,284,5.378560054,1,False,False,False,False,False,False,False,False,False,False,True,False,False,False,False,False,False,False,False,False,False,False,False,False,False,False,False,False,False,False,False,False,False,False,False,False,True,False
15.34,13.0,24.0,128.0,6.0,4000.0,178.0,202,5.058853866,1,False,False,False,False,False,False,False,False,False,False,True,False,False,False,False,False,False,False,False,False,False,False,False,False,False,False,False,False,False,False,False,False,False,False,False,False,True,False
15.34,13.0,16.0,64.0,4.0,4000.0,178.0,445,5.043683148,1,False,False,False,False,False,False,False,False,False,False,True,False,False,False,False,False,False,False,False,False,False,False,False,False,False,False,False,False,False,False,False,False,False,False,False,False,True,False
16.74,13.0,16.0,64.0,4.0,4000.0,196.8,375,4.607467545,1,False,False,False,False,False,False,False,False,False,False,True,False,False,False,False,False,False,False,False,False,False,False,False,False,False,False,False,False,False,False,False,False,False,False,False,False,True,False
10.16,5.0,2.0,16.0,4.0,1700.0,136.1,666,3.579343567,6,False,False,False,False,False,False,False,False,False,False,True,False,False,False,False,False,False,False,False,False,False,False,False,False,False,False,False,False,False,False,False,False,False,False,False,False,False,False
17.32,8.0,8.0,32.0,2.0,6000.0,209.0,245,4.282068168,0,False,False,False,False,False,False,False,False,False,False,False,True,False,False,False,False,False,False,False,False,False,False,False,False,False,False,False,False,False,False,False,False,False,False,False,False,True,False
15.39,8.0,8.0,64.0,4.0,5000.0,185.0,173,4.363608049,0,False,False,False,False,False,False,False,False,False,False,False,True,False,False,False,False,False,False,False,False,False,False,False,False,False,False,False,False,False,False,False,False,False,False,False,False,True,False
15.39,8.0,8.0,32.0,2.0,5000.0,185.0,256,4.181439269,0,False,False,False,False,False,False,False,False,False,False,False,True,False,False,False,False,False,False,False,False,False,False,False,False,False,False,False,False,False,False,False,False,False,False,False,False,True,False
15.39,8.0,16.0,32.0,3.0,4000.0,178.0,316,4.555244377,1,False,False,False,False,False,False,False,False,False,False,False,True,False,False,False,False,False,False,False,False,False,False,False,False,False,False,False,False,False,False,False,False,False,False,False,False,True,False
15.29,8.0,16.0,32.0,2.0,4000.0,165.0,468,4.416669578,1,False,False,False,False,False,False,False,False,False,False,False,True,False,False,False,False,False,False,False,False,False,False,False,False,False,False,False,False,False,False,False,False,False,False,False,False,True,False
14.5,8.0,5.0,32.0,2.0,3200.0,150.0,356,3.989909544,0,False,False,False,False,False,False,False,False,False,False,False,False,False,False,True,False,False,False,False,False,False,False,False,False,False,False,False,False,False,False,False,False,False,False,False,False,True,False
12.7,5.0,0.3,8.0,0.5,3000.0,147.6,819,3.495598057,4,False,False,False,False,False,False,False,False,False,False,False,False,False,False,True,False,False,False,False,False,False,False,False,False,False,False,False,False,False,False,False,False,False,False,False,False,False,False
15.47,8.0,5.0,16.0,2.0,4000.0,172.0,267,3.940610462,1,False,False,False,False,False,False,False,False,False,False,False,False,False,False,False,True,False,False,False,False,False,False,False,False,False,False,False,False,False,False,False,False,False,False,False,False,True,False
17.78,2.0,2.0,32.0,1.0,3590.0,236.0,528,3.896096855,1,False,False,False,False,False,False,False,False,False,False,False,False,False,False,False,True,False,False,False,False,False,False,False,False,False,False,False,False,False,False,False,False,False,False,False,False,True,False
16.23,8.0,16.0,64.0,6.0,4000.0,159.0,254,4.423648309,1,False,False,False,False,False,False,False,False,False,False,False,False,False,False,False,True,False,False,False,False,False,False,False,False,False,False,False,False,False,False,False,False,False,False,False,False,True,False
16.23,8.0,32.0,128.0,6.0,4000.0,185.0,370,5.342812606,1,False,False,False,False,False,False,False,False,False,False,False,False,False,False,False,True,False,False,False,False,False,False,False,False,False,False,False,False,False,False,False,False,False,False,False,False,True,True
15.32,8.0,16.0,64.0,4.0,4050.0,164.0,482,4.676839473,1,False,False,False,False,False,False,False,False,False,False,False,False,False,False,False,True,False,False,False,False,False,False,False,False,False,False,False,False,False,False,False,False,False,False,False,False,True,False
16.59,5.0,16.0,64.0,4.0,4000.0,196.5,273,4.879082894,0,False,False,False,False,False,False,False,False,False,False,False,False,False,True,False,False,False,False,False,False,False,False,False,False,False,False,False,False,False,False,False,False,False,False,False,False,True,False
15.44,5.0,13.0,64.0,3.0,4000.0,219.0,349,4.350148896,0,False,False,False,False,False,False,False,False,False,False,False,False,False,True,False,False,False,False,False,False,False,False,False,False,False,False,False,False,False,False,False,False,False,False,False,False,True,False
5.28,2.0,13.0,8.0,1.0,1470.0,127.0,343,3.875566468,0,False,False,False,False,False,False,False,False,False,False,False,False,False,True,False,False,False,False,False,False,False,False,False,False,False,False,False,False,False,False,False,False,False,True,False,False,True,False
15.44,5.0,10.0,128.0,8.0,5000.0,218.0,352,4.734442522,0,False,False,False,False,False,False,False,False,False,False,False,False,False,True,False,False,False,False,False,False,False,False,False,False,False,False,False,False,False,False,False,False,False,False,False,False,True,True
15.44,5.0,10.0,128.0,8.0,5000.0,213.0,142,5.476463552,0,False,False,False,False,False,False,False,False,False,False,False,False,False,True,False,False,False,False,False,False,False,False,False,False,False,False,False,False,False,False,False,False,False,False,False,False,True,True
15.37,5.0,13.0,32.0,3.0,4000.0,196.5,92,4.636959508,0,False,False,False,False,False,False,False,False,False,False,False,False,False,True,False,False,False,False,False,False,False,False,False,False,False,False,False,False,False,False,False,False,False,False,False,False,True,False
14.5,8.0,8.0,32.0,3.0,3450.0,170.0,166,4.230767603,0,False,False,False,False,False,False,False,False,False,False,False,False,False,True,False,False,False,False,False,False,False,False,False,False,False,False,False,False,False,False,False,False,False,False,False,False,True,False
15.34,8.0,32.0,256.0,8.0,4000.0,192.0,383,5.467680322,1,False,False,False,False,False,False,False,False,False,False,False,False,False,True,False,False,False,False,False,False,False,False,False,False,False,False,False,False,False,False,False,False,False,False,False,False,True,True
15.34,8.0,16.0,64.0,4.0,4000.0,198.0,443,4.696928611,1,False,False,False,False,False,False,False,False,False,False,False,False,False,True,False,False,False,False,False,False,False,False,False,False,False,False,False,False,False,False,False,False,False,False,False,False,True,False
13.84,8.0,5.0,16.0,2.0,3000.0,148.0,257,4.255328982,1,False,False,False,False,False,False,False,False,False,False,False,False,False,True,False,False,False,False,False,False,False,False,False,False,False,False,False,False,False,False,False,False,False,False,False,False,True,False
13.84,8.0,5.0,16.0,1.0,3000.0,152.0,380,4.08933202,1,False,False,False,False,False,False,False,False,False,False,False,False,False,True,False,False,False,False,False,False,False,False,False,False,False,False,False,False,False,False,False,False,False,False,False,False,True,False
15.27,8.0,13.0,32.0,2.0,3500.0,186.0,255,4.64352514,1,False,False,False,False,False,False,False,False,False,False,False,False,False,True,False,False,False,False,False,False,False,False,False,False,False,False,False,False,False,False,False,False,False,False,False,False,True,False
15.37,8.0,13.0,32.0,3.0,4000.0,194.0,512,4.550608398,1,False,False,False,False,False,False,False,False,False,False,False,False,False,True,False,False,False,False,False,False,False,False,False,False,False,False,False,False,False,False,False,False,False,False,False,False,True,False
15.8,8.0,16.0,64.0,4.0,4050.0,172.0,223,4.461877016,1,False,False,False,False,False,False,False,False,False,False,False,False,False,True,False,False,False,False,False,False,False,False,False,False,False,False,False,False,False,False,False,False,False,False,False,False,True,False
15.9,8.0,16.0,32.0,3.0,4000.0,175.0,200,4.582310892,1,False,False,False,False,False,False,False,False,False,False,False,False,False,True,False,False,False,False,False,False,False,False,False,False,False,False,False,False,False,False,False,False,False,False,False,False,True,False
15.72,8.0,8.0,32.0,3.0,4000.0,164.0,210,4.373994463,1,False,False,False,False,False,False,False,False,False,False,False,False,False,True,False,False,False,False,False,False,False,False,False,False,False,False,False,False,False,False,False,False,False,False,False,False,True,False
15.29,13.0,5.0,32.0,3.0,3500.0,179.0,216,4.517649588,1,False,False,False,False,False,False,False,False,False,False,False,False,False,True,False,False,False,False,False,False,False,False,False,False,False,False,False,False,False,False,False,False,False,False,False,False,True,False
15.29,16.0,5.0,64.0,4.0,3300.0,172.0,724,4.887940214,2,False,False,False,False,False,False,False,False,False,False,False,False,False,True,False,False,False,False,False,False,False,False,False,False,False,False,False,False,False,False,False,False,False,False,False,False,True,False
12.83,13.0,5.0,16.0,2.0,4500.0,171.0,628,4.358630057,2,False,False,False,False,False,False,False,False,False,False,False,False,False,True,False,False,False,False,False,False,False,False,False,False,False,False,False,False,False,False,False,False,False,False,False,False,True,False
7.62,2.0,1.3,4.0,0.5,1540.0,140.45,750,3.027715319,6,False,False,False,False,False,False,False,False,False,False,False,False,False,True,False,False,False,False,False,False,False,False,False,False,False,False,False,False,False,False,False,False,False,False,False,False,False,False
15.39,8.0,20.0,128.0,8.0,4500.0,199.0,186,5.167866937,0,False,False,False,False,False,False,False,False,False,False,False,False,False,False,False,False,True,False,False,False,False,False,False,False,False,False,False,False,False,False,False,False,False,False,False,False,True,True
15.37,8.0,16.0,128.0,6.0,4500.0,183.0,449,4.665512415,1,False,False,False,False,False,False,False,False,False,False,False,False,False,False,False,False,True,False,False,False,False,False,False,False,False,False,False,False,False,False,False,False,False,False,False,False,True,False
15.37,8.0,8.0,32.0,2.0,4000.0,184.0,190,4.290185431,1,False,False,False,False,False,False,False,False,False,False,False,False,False,False,False,False,True,False,False,False,False,False,False,False,False,False,False,False,False,False,False,False,False,False,False,False,True,False
15.29,8.0,20.0,128.0,6.0,3600.0,166.0,459,4.721084811,1,False,False,False,False,False,False,False,False,False,False,False,False,False,False,False,False,True,False,False,False,False,False,False,False,False,False,False,False,False,False,False,False,False,False,False,False,True,False
15.29,8.0,16.0,64.0,6.0,4000.0,165.0,517,4.842295535,1,False,False,False,False,False,False,False,False,False,False,False,False,False,False,False,False,True,False,False,False,False,False,False,False,False,False,False,False,False,False,False,False,False,False,False,False,True,False
15.29,8.0,20.0,128.0,6.0,3600.0,165.0,332,4.959412173,1,False,False,False,False,False,False,False,False,False,False,False,False,False,False,False,False,True,False,False,False,False,False,False,False,False,False,False,False,False,False,False,False,False,False,False,False,True,False
10.16,2.0,0.3,0.5,0.25,1500.0,146.5,1016,3.043569603,6,False,False,False,False,False,False,False,False,False,False,False,False,False,False,False,False,False,True,False,False,False,False,False,False,False,False,False,False,False,False,False,False,False,False,False,False,False,False
7.75,0.3,0.3,0.5,0.25,1500.0,89.0,956,2.386926241,6,False,False,False,False,False,False,False,False,False,False,False,False,False,False,False,False,False,True,False,False,False,False,False,False,False,False,False,False,False,False,False,False,False,False,False,False,False,False
10.03,2.0,0.3,0.2,0.25,2000.0,85.0,680,2.856470206,7,False,False,False,False,False,False,False,False,False,False,False,False,False,False,False,False,False,True,False,False,False,False,False,False,False,False,False,False,False,False,False,False,False,False,False,False,False,False
10.16,2.0,0.3,16.0,4.0,2000.0,89.0,733,3.108614431,7,False,False,False,False,False,False,False,False,False,False,False,False,False,False,False,False,False,True,False,False,False,False,False,False,False,False,False,False,False,False,False,False,False,False,False,False,False,False
7.75,0.3,0.3,16.0,4.0,2000.0,89.0,1029,2.989714201,7,False,False,False,False,False,False,False,False,False,False,False,False,False,False,False,False,False,True,False,False,False,False,False,False,False,False,False,False,False,False,False,False,False,False,False,False,False,False
15.37,8.0,16.0,128.0,6.0,5000.0,210.0,242,4.829672813,0,False,False,False,False,False,False,False,False,False,False,False,False,False,False,False,False,False,False,False,True,False,False,False,False,False,False,False,False,False,False,False,False,False,False,False,False,True,False
15.42,8.0,25.0,256.0,12.0,5000.0,203.0,220,5.186882886,0,False,False,False,False,False,False,False,False,False,False,False,False,False,False,False,False,False,False,False,True,False,False,False,False,False,False,False,False,False,False,False,False,False,False,False,False,True,True
16.56,0.3,8.0,64.0,3.0,4000.0,200.0,310,4.186011751,0,False,False,False,False,False,False,False,False,False,False,False,False,False,False,False,False,False,False,False,False,True,False,False,False,False,False,False,False,False,False,False,False,False,False,False,False,True,False
13.84,0.3,5.0,16.0,2.0,3000.0,180.0,193,3.616308761,0,False,False,False,False,False,False,False,False,False,False,False,False,False,False,False,False,False,False,False,False,True,False,False,False,False,False,False,False,False,False,False,False,False,False,False,False,True,False
13.84,0.3,5.0,16.0,2.0,3000.0,180.0,356,4.055430469,0,False,False,False,False,False,False,False,False,False,False,False,False,False,False,False,False,False,False,False,False,True,False,False,False,False,False,False,False,False,False,False,False,False,False,False,False,True,False
5.18,0.3,5.0,0.1,0.03,1020.0,90.5,272,2.910174385,0,False,False,False,False,False,False,False,False,False,False,False,False,False,False,False,False,False,False,False,False,True,False,False,False,False,False,False,False,False,False,False,False,False,True,False,False,False,False
5.18,0.3,5.0,0.06,2.0,1020.0,91.3,288,2.729159164,0,False,False,False,False,False,False,False,False,False,False,False,False,False,False,False,False,False,False,False,False,True,False,False,False,False,False,False,False,False,False,False,False,False,True,False,False,False,False
17.3,0.3,24.0,64.0,6.0,4500.0,220.0,284,5.314043067,0,False,False,False,False,False,False,False,False,False,False,False,False,False,False,False,False,False,False,False,False,True,False,False,False,False,False,False,False,False,False,False,False,False,False,False,False,True,True
5.18,0.3,5.0,0.06,0.02,1200.0,88.2,266,3.370738174,0,False,False,False,False,False,False,False,False,False,False,False,False,False,False,False,False,False,False,False,False,True,False,False,False,False,False,False,False,False,False,False,False,False,True,False,False,False,False
5.18,0.3,8.0,32.0,0.02,1200.0,86.5,234,2.721295428,1,False,False,False,False,False,False,False,False,False,False,False,False,False,False,False,False,False,False,False,False,True,False,False,False,False,False,False,False,False,False,False,False,False,True,False,False,True,False
16.64,8.0,16.0,128.0,8.0,4300.0,180.0,110,5.620944196,0,False,False,False,False,False,False,False,False,False,False,False,False,False,False,False,False,False,False,False,False,False,True,False,False,False,False,False,False,False,False,False,False,False,False,False,False,True,True
16.64,8.0,16.0,128.0,8.0,4300.0,180.0,208,5.288166015,0,False,False,False,False,False,False,False,False,False,False,False,False,False,False,False,False,False,False,False,False,False,True,False,False,False,False,False,False,False,False,False,False,False,False,False,False,True,True
16.94,8.0,16.0,256.0,12.0,4085.0,206.0,458,5.713402718,1,False,False,False,False,False,False,False,False,False,False,False,False,False,False,False,False,False,False,False,False,False,True,False,False,False,False,False,False,False,False,False,False,False,False,False,False,True,True
16.94,8.0,16.0,128.0,6.0,4000.0,206.0,294,5.670983763,1,False,False,False,False,False,False,False,False,False,False,False,False,False,False,False,False,False,False,False,False,False,True,False,False,False,False,False,False,False,False,False,False,False,False,False,False,True,True
16.64,8.0,32.0,128.0,8.0,4000.0,172.0,187,5.170881643,0,False,False,False,False,False,False,False,False,False,False,False,False,False,False,False,False,False,False,False,False,False,False,True,False,False,False,False,False,False,False,False,False,False,False,False,False,True,True
16.33,8.0,32.0,128.0,8.0,4000.0,183.0,271,5.009634794,0,False,False,False,False,False,False,False,False,False,False,False,False,False,False,False,False,False,False,False,False,False,False,True,False,False,False,False,False,False,False,False,False,False,False,False,False,True,True
16.69,8.0,32.0,128.0,6.0,4000.0,184.0,100,5.033895988,0,False,False,False,False,False,False,False,False,False,False,False,False,False,False,False,False,False,False,False,False,False,False,True,False,False,False,False,False,False,False,False,False,False,False,False,False,True,True
16.64,8.0,16.0,128.0,8.0,4000.0,186.0,186,5.116615618,0,False,False,False,False,False,False,False,False,False,False,False,False,False,False,False,False,False,False,False,False,False,False,True,False,False,False,False,False,False,False,False,False,False,False,False,False,True,True
15.29,8.0,8.0,64.0,3.0,4230.0,168.0,273,4.578312732,0,False,False,False,False,False,False,False,False,False,False,False,False,False,False,False,False,False,False,False,False,False,False,True,False,False,False,False,False,False,False,False,False,False,False,False,False,True,False
15.34,8.0,32.0,128.0,8.0,4025.0,180.0,146,5.412315471,0,False,False,False,False,False,False,False,False,False,False,False,False,False,False,False,False,False,False,False,False,False,False,True,False,False,False,False,False,False,False,False,False,False,False,False,False,True,True
15.34,8.0,32.0,128.0,8.0,4025.0,181.0,397,4.868380247,1,False,False,False,False,False,False,False,False,False,False,False,False,False,False,False,False,False,False,False,False,False,False,True,False,False,False,False,False,False,False,False,False,False,False,False,False,True,True
15.37,8.0,8.0,128.0,4.0,4230.0,180.0,411,4.57037168,1,False,False,False,False,False,False,False,False,False,False,False,False,False,False,False,False,False,False,False,False,False,False,True,False,False,False,False,False,False,False,False,False,False,False,False,False,True,False
15.34,8.0,25.0,128.0,6.0,3600.0,169.5,276,4.936199063,1,False,False,False,False,False,False,False,False,False,False,False,False,False,False,False,False,False,False,False,False,False,False,True,False,False,False,False,False,False,False,False,False,False,False,False,False,True,False
15.34,8.0,32.0,128.0,4.0,4035.0,186.0,205,4.94178527,1,False,False,False,False,False,False,False,False,False,False,False,False,False,False,False,False,False,False,False,False,False,False,True,False,False,False,False,False,False,False,False,False,False,False,False,False,True,False
16.59,8.0,16.0,128.0,6.0,4020.0,190.0,321,4.656718448,1,False,False,False,False,False,False,False,False,False,False,False,False,False,False,False,False,False,False,False,False,False,False,True,False,False,False,False,False,False,False,False,False,False,False,False,False,True,False
15.39,8.0,16.0,256.0,8.0,4065.0,215.0,392,5.295613715,1,False,False,False,False,False,False,False,False,False,False,False,False,False,False,False,False,False,False,False,False,False,False,True,False,False,False,False,False,False,False,False,False,False,False,False,False,True,True
15.27,8.0,5.0,32.0,2.0,4000.0,170.0,296,4.322011202,1,False,False,False,False,False,False,False,False,False,False,False,False,False,False,False,False,False,False,False,False,False,False,True,False,False,False,False,False,False,False,False,False,False,False,False,False,True,False
15.29,13.0,8.0,32.0,3.0,4230.0,168.0,664,4.457713717,2,False,False,False,False,False,False,False,False,False,False,False,False,False,False,False,False,False,False,False,False,False,False,True,False,False,False,False,False,False,False,False,False,False,False,False,False,True,False
10.29,8.0,5.0,8.0,1.0,2000.0,135.0,1076,4.02463715,5,False,False,False,False,False,False,False,False,False,False,False,False,False,False,False,False,False,False,False,False,False,False,True,False,False,False,False,False,False,False,False,False,False,False,False,False,True,False
16.43,8.0,20.0,128.0,6.0,4000.0,171.0,317,5.570212986,1,False,False,False,False,False,False,False,False,False,False,False,False,False,False,False,False,False,False,False,False,False,False,False,True,False,False,False,False,False,False,False,False,False,False,False,False,True,True
15.37,8.0,16.0,64.0,4.0,4300.0,191.0,289,4.702659807,0,False,False,False,False,False,False,False,False,False,False,False,False,False,False,False,False,False,False,False,False,False,False,False,False,False,True,False,False,False,False,False,False,False,False,False,False,True,False
15.37,8.0,16.0,128.0,4.0,5000.0,199.0,338,4.941570991,0,False,False,False,False,False,False,False,False,False,False,False,False,False,False,False,False,False,False,False,False,False,False,False,False,False,True,False,False,False,False,False,False,False,False,False,False,True,False
15.37,8.0,5.0,32.0,3.0,5000.0,195.0,111,4.498364182,0,False,False,False,False,False,False,False,False,False,False,False,False,False,False,False,False,False,False,False,False,False,False,False,False,False,True,False,False,False,False,False,False,False,False,False,False,True,False
15.27,8.0,5.0,32.0,3.0,4000.0,166.0,167,2.896464272,0,False,False,False,False,False,False,False,False,False,False,False,False,False,False,False,False,False,False,False,False,False,False,False,False,False,True,False,False,False,False,False,False,False,False,False,False,True,False
15.27,8.0,5.0,32.0,2.0,4000.0,166.0,399,4.288677032,1,False,False,False,False,False,False,False,False,False,False,False,False,False,False,False,False,False,False,False,False,False,False,False,False,False,True,False,False,False,False,False,False,False,False,False,False,True,False
15.34,2.0,8.0,256.0,8.0,3130.0,141.0,135,4.915665057,0,False,False,False,False,False,False,False,False,False,False,False,False,False,False,False,False,False,False,False,False,False,False,False,True,False,False,False,False,False,False,False,False,False,False,False,False,True,False
12.93,8.0,8.0,64.0,4.0,3090.0,173.0,523,4.180522258,1,False,False,False,False,False,False,False,False,False,False,False,False,False,False,False,False,False,False,False,False,False,False,False,True,False,False,False,False,False,False,False,False,False,False,False,False,True,False
16.59,2.0,16.0,128.0,6.0,4500.0,210.0,234,5.020849617,0,False,False,False,False,False,False,False,False,False,False,False,False,False,False,False,False,False,False,False,False,False,False,False,True,False,False,False,False,False,False,False,False,False,False,False,False,True,True
16.59,8.0,24.0,128.0,6.0,3820.0,192.0,414,5.036303041,1,False,False,False,False,False,False,False,False,False,False,False,False,False,False,False,False,False,False,False,False,False,False,False,True,False,False,False,False,False,False,False,False,False,False,False,False,True,False
17.78,2.0,16.0,64.0,4.0,6000.0,220.0,135,4.378896742,0,False,False,False,False,False,False,False,False,False,False,False,False,False,False,False,False,False,False,False,False,False,False,False,True,False,False,False,False,False,False,False,False,False,False,False,False,True,False
15.39,2.0,8.0,32.0,2.0,5000.0,206.5,153,4.084294226,0,False,False,False,False,False,False,False,False,False,False,False,False,False,False,False,False,False,False,False,False,False,False,False,True,False,False,False,False,False,False,False,False,False,False,False,False,True,False
15.39,2.0,16.0,128.0,6.0,4000.0,203.0,125,4.919469846,0,False,False,False,False,False,False,False,False,False,False,False,False,False,False,False,False,False,False,False,False,False,False,False,True,False,False,False,False,False,False,False,False,False,False,False,False,True,False
12.83,2.0,5.0,16.0,2.0,2700.0,153.0,123,3.629394807,0,False,False,False,False,False,False,False,False,False,False,False,False,False,False,False,False,False,False,False,False,False,False,False,True,False,False,False,False,False,False,False,False,False,False,False,False,True,False
12.7,2.0,5.0,32.0,4.0,4000.0,234.0,220,3.974809994,0,False,False,False,False,False,False,False,False,False,False,False,False,False,False,False,False,False,False,False,False,False,False,False,True,False,False,False,False,False,False,False,False,False,False,False,False,True,False
12.7,13.0,5.0,16.0,2.0,4000.0,234.0,173,4.29374172,0,False,False,False,False,False,False,False,False,False,False,False,False,False,False,False,False,False,False,False,False,False,False,False,True,False,False,False,False,False,False,False,False,False,False,False,False,True,False
15.42,12.0,16.0,128.0,8.0,5000.0,159.0,413,5.175471537,2,False,False,False,False,False,False,False,False,False,False,False,False,False,False,False,False,False,False,False,False,False,False,False,True,False,False,False,False,False,False,False,False,False,False,False,False,True,False
16.36,8.0,32.0,128.0,8.0,4500.0,176.0,343,5.052864298,0,False,False,False,False,False,False,False,False,False,False,False,False,False,False,False,False,False,False,False,False,False,False,False,False,False,False,False,False,False,True,False,False,False,False,False,False,True,False
16.59,8.0,16.0,64.0,4.0,5000.0,204.1,246,4.801065863,0,False,False,False,False,False,False,False,False,False,False,False,False,False,False,False,False,False,False,False,False,False,False,False,False,False,False,False,False,False,True,False,False,False,False,False,False,True,False
16.66,8.0,32.0,128.0,8.0,4315.0,181.5,145,5.560335417,0,False,False,False,False,False,False,False,False,False,False,False,False,False,False,False,False,False,False,False,False,False,False,False,False,False,False,False,False,False,True,False,False,False,False,False,False,True,True
16.21,8.0,16.0,128.0,8.0,4500.0,190.2,300,4.847331743,0,False,False,False,False,False,False,False,False,False,False,False,False,False,False,False,False,False,False,False,False,False,False,False,False,False,False,False,False,False,True,False,False,False,False,False,False,True,False
16.43,8.0,8.0,128.0,4.0,5000.0,197.0,118,4.823260994,0,False,False,False,False,False,False,False,False,False,False,False,False,False,False,False,False,False,False,False,False,False,False,False,False,False,False,False,False,False,True,False,False,False,False,False,False,True,False
16.69,8.0,16.0,128.0,6.0,4500.0,198.1,312,4.95434709,0,False,False,False,False,False,False,False,False,False,False,False,False,False,False,False,False,False,False,False,False,False,False,False,False,False,False,False,False,False,True,False,False,False,False,False,False,True,True
17.5,8.0,16.0,256.0,8.0,4500.0,219.5,226,5.466878008,0,False,False,False,False,False,False,False,False,False,False,False,False,False,False,False,False,False,False,False,False,False,False,False,False,False,False,False,False,False,True,False,False,False,False,False,False,True,True
16.36,8.0,32.0,128.0,8.0,4500.0,176.0,199,5.192623462,0,False,False,False,False,False,False,False,False,False,False,False,False,False,False,False,False,False,False,False,False,False,False,False,False,False,False,False,False,False,True,False,False,False,False,False,False,True,False
16.36,13.0,32.0,128.0,8.0,4350.0,196.5,279,5.288014474,1,False,False,False,False,False,False,False,False,False,False,False,False,False,False,False,False,False,False,False,False,False,False,False,False,False,False,False,False,False,True,False,False,False,False,False,False,True,True
16.21,13.0,16.0,128.0,8.0,4500.0,198.5,212,4.770599875,1,False,False,False,False,False,False,False,False,False,False,False,False,False,False,False,False,False,False,False,False,False,False,False,False,False,False,False,False,False,True,False,False,False,False,False,False,True,False
16.59,13.0,16.0,128.0,8.0,5000.0,193.0,188,5.064302435,1,False,False,False,False,False,False,False,False,False,False,False,False,False,False,False,False,False,False,False,False,False,False,False,False,False,False,False,False,False,True,False,False,False,False,False,False,True,False
16.21,13.0,32.0,128.0,8.0,4500.0,186.7,264,5.104732617,1,False,False,False,False,False,False,False,False,False,False,False,False,False,False,False,False,False,False,False,False,False,False,False,False,False,False,False,False,False,True,False,False,False,False,False,False,True,False
16.13,13.0,8.0,64.0,3.0,5000.0,191.5,230,4.417755682,1,False,False,False,False,False,False,False,False,False,False,False,False,False,False,False,False,False,False,False,False,False,False,False,False,False,False,False,False,False,True,False,False,False,False,False,False,True,False
16.21,13.0,16.0,64.0,6.0,4500.0,198.5,259,4.601664047,1,False,False,False,False,False,False,False,False,False,False,False,False,False,False,False,False,False,False,False,False,False,False,False,False,False,False,False,False,False,True,False,False,False,False,False,False,True,False
16.13,13.0,8.0,64.0,4.0,5000.0,190.0,349,4.59360355,1,False,False,False,False,False,False,False,False,False,False,False,False,False,False,False,False,False,False,False,False,False,False,False,False,False,False,False,False,False,True,False,False,False,False,False,False,True,False
16.13,13.0,16.0,128.0,4.0,5000.0,190.5,500,4.907346705,1,False,False,False,False,False,False,False,False,False,False,False,False,False,False,False,False,False,False,False,False,False,False,False,False,False,False,False,False,False,True,False,False,False,False,False,False,True,False
17.5,13.0,16.0,256.0,8.0,4500.0,218.5,288,4.94071342,1,False,False,False,False,False,False,False,False,False,False,False,False,False,False,False,False,False,False,False,False,False,False,False,False,False,False,False,False,False,True,False,False,False,False,False,False,True,True
17.5,13.0,16.0,128.0,8.0,4500.0,217.3,391,5.278471738,1,False,False,False,False,False,False,False,False,False,False,False,False,False,False,False,False,False,False,False,False,False,False,False,False,False,False,False,False,False,True,False,False,False,False,False,False,True,False
16.28,13.0,12.0,128.0,8.0,4500.0,217.0,204,4.911109575,1,False,False,False,False,False,False,False,False,False,False,False,False,False,False,False,False,False,False,False,False,False,False,False,False,False,False,False,False,False,True,False,False,False,False,False,False,True,True
16.28,13.0,12.0,128.0,8.0,4500.0,215.0,293,5.144350003,1,False,False,False,False,False,False,False,False,False,False,False,False,False,False,False,False,False,False,False,False,False,False,False,False,False,False,False,False,False,True,False,False,False,False,False,False,True,False
15.8,8.0,5.0,16.0,2.0,4030.0,163.5,456,3.966132331,1,False,False,False,False,False,False,False,False,False,False,False,False,False,False,False,False,False,False,False,False,False,False,False,False,False,False,False,False,False,True,False,False,False,False,False,False,True,False
16.21,13.0,32.0,128.0,6.0,4500.0,179.0,224,5.206859756,1,False,False,False,False,False,False,False,False,False,False,False,False,False,False,False,False,False,False,False,False,False,False,False,False,False,False,False,False,False,True,False,False,False,False,False,False,True,False
16.21,13.0,12.0,64.0,6.0,4500.0,198.5,451,4.735671994,1,False,False,False,False,False,False,False,False,False,False,False,False,False,False,False,False,False,False,False,False,False,False,False,False,False,False,False,False,False,True,False,False,False,False,False,False,True,False
16.59,13.0,16.0,64.0,4.0,5000.0,204.1,338,4.956108708,1,False,False,False,False,False,False,False,False,False,False,False,False,False,False,False,False,False,False,False,False,False,False,False,False,False,False,False,False,False,True,False,False,False,False,False,False,True,False
16.23,13.0,16.0,128.0,6.0,3700.0,185.0,455,4.755829062,1,False,False,False,False,False,False,False,False,False,False,False,False,False,False,False,False,False,False,False,False,False,False,False,False,False,False,False,False,False,True,False,False,False,False,False,False,True,False
15.9,13.0,16.0,64.0,4.0,3260.0,150.0,431,4.614625345,1,False,False,False,False,False,False,False,False,False,False,False,False,False,False,False,False,False,False,False,False,False,False,False,False,False,False,False,False,False,True,False,False,False,False,False,False,True,False
16.13,13.0,20.0,128.0,4.0,5000.0,190.5,334,4.761831996,1,False,False,False,False,False,False,False,False,False,False,False,False,False,False,False,False,False,False,False,False,False,False,False,False,False,False,False,False,False,True,False,False,False,False,False,False,True,False
16.59,13.0,16.0,128.0,6.0,3940.0,189.5,415,5.116315759,1,False,False,False,False,False,False,False,False,False,False,False,False,False,False,False,False,False,False,False,False,False,False,False,False,False,False,False,False,False,True,False,False,False,False,False,False,True,False
15.8,13.0,5.0,16.0,2.0,4030.0,163.5,266,4.382151627,1,False,False,False,False,False,False,False,False,False,False,False,False,False,False,False,False,False,False,False,False,False,False,False,False,False,False,False,False,False,True,False,False,False,False,False,False,True,False
10.29,5.0,2.0,4.0,0.5,1900.0,130.0,931,3.379292546,7,False,False,False,False,False,False,False,False,False,False,False,False,False,False,False,False,False,False,False,False,False,False,False,False,False,False,False,False,False,True,False,False,False,False,False,False,False,False
12.93,8.0,8.0,32.0,3.0,3400.0,145.0,407,4.421487704,1,False,False,False,False,False,False,False,False,False,False,False,False,False,False,False,False,False,False,False,False,False,False,False,True,False,False,False,False,False,False,False,False,False,False,False,False,True,False
14.4,13.0,8.0,16.0,2.0,2920.0,160.0,233,4.523526197,1,False,False,False,False,False,False,False,False,False,False,False,False,False,False,False,False,False,False,False,False,False,False,False,True,False,False,False,False,False,False,False,False,False,False,False,False,True,False
15.21,8.0,5.0,16.0,2.0,4000.0,185.0,423,4.131800899,1,False,False,False,False,False,False,False,False,False,False,False,False,False,False,False,False,False,False,False,False,False,False,False,True,False,False,False,False,False,False,False,False,False,False,False,False,True,False
15.32,8.0,16.0,128.0,6.0,4000.0,184.0,470,4.857950206,1,False,False,False,False,False,False,False,False,False,False,False,False,False,False,False,False,False,False,False,False,False,False,False,True,False,False,False,False,False,False,False,False,False,False,False,False,True,False
15.9,8.0,8.0,64.0,3.0,4000.0,178.0,280,4.33781348,1,False,False,False,False,False,False,False,False,False,False,False,False,False,False,False,False,False,False,False,False,False,False,False,True,False,False,False,False,False,False,False,False,False,False,False,False,True,False
16.69,8.0,20.0,128.0,8.0,4520.0,208.0,318,4.852498904,0,False,False,False,False,False,False,False,False,False,False,False,False,False,False,False,False,False,False,False,False,False,False,False,False,False,False,False,False,False,False,False,True,False,False,False,False,True,True
16.69,8.0,16.0,64.0,6.0,4520.0,205.0,301,4.977492076,0,False,False,False,False,False,False,False,False,False,False,False,False,False,False,False,False,False,False,False,False,False,False,False,False,False,False,False,False,False,False,False,True,False,False,False,False,True,True
16.94,8.0,16.0,128.0,6.0,4800.0,208.0,319,5.120923648,0,False,False,False,False,False,False,False,False,False,False,False,False,False,False,False,False,False,False,False,False,False,False,False,False,False,False,False,False,False,False,False,True,False,False,False,False,True,True
16.94,8.0,16.0,128.0,6.0,4500.0,208.0,184,5.026246142,0,False,False,False,False,False,False,False,False,False,False,False,False,False,False,False,False,False,False,False,False,False,False,False,False,False,False,False,False,False,False,False,True,False,False,False,False,True,True
16.94,8.0,32.0,64.0,6.0,5020.0,209.0,256,4.966753066,0,False,False,False,False,False,False,False,False,False,False,False,False,False,False,False,False,False,False,False,False,False,False,False,False,False,False,False,False,False,False,False,True,False,False,False,False,True,False
15.8,8.0,8.0,32.0,2.0,5000.0,188.0,265,4.344065128,0,False,False,False,False,False,False,False,False,False,False,False,False,False,False,False,False,False,False,False,False,False,False,False,False,False,False,False,False,False,False,False,True,False,False,False,False,True,False
15.8,8.0,8.0,32.0,2.0,5000.0,188.0,321,3.421000009,0,False,False,False,False,False,False,False,False,False,False,False,False,False,False,False,False,False,False,False,False,False,False,False,False,False,False,False,False,False,False,False,True,False,False,False,False,True,False
16.94,8.0,16.0,64.0,6.0,4500.0,208.0,169,4.967310169,0,False,False,False,False,False,False,False,False,False,False,False,False,False,False,False,False,False,False,False,False,False,False,False,False,False,False,False,False,False,False,False,True,False,False,False,False,True,False
16.23,12.0,20.0,128.0,8.0,4000.0,196.0,382,5.360587692,1,False,False,False,False,False,False,False,False,False,False,False,False,False,False,False,False,False,False,False,False,False,False,False,False,False,False,False,False,False,False,False,True,False,False,False,False,True,False
16.23,12.0,16.0,128.0,8.0,4000.0,191.0,374,5.192289962,1,False,False,False,False,False,False,False,False,False,False,False,False,False,False,False,False,False,False,False,False,False,False,False,False,False,False,False,False,False,False,False,True,False,False,False,False,True,False
15.27,12.0,32.0,64.0,4.0,4030.0,173.8,396,4.792396362,1,False,False,False,False,False,False,False,False,False,False,False,False,False,False,False,False,False,False,False,False,False,False,False,False,False,False,False,False,False,False,False,True,False,False,False,False,True,False
16.23,12.0,32.0,64.0,6.0,4030.0,179.0,406,4.886280713,1,False,False,False,False,False,False,False,False,False,False,False,False,False,False,False,False,False,False,False,False,False,False,False,False,False,False,False,False,False,False,False,True,False,False,False,False,True,False
15.32,12.0,13.0,32.0,3.0,4000.0,186.0,338,4.687395126,1,False,False,False,False,False,False,False,False,False,False,False,False,False,False,False,False,False,False,False,False,False,False,False,False,False,False,False,False,False,False,False,True,False,False,False,False,True,False
16.89,8.0,12.0,256.0,8.0,5100.0,215.0,235,5.390850968,0,False,False,False,False,False,False,False,False,False,False,False,False,False,False,False,False,False,False,False,False,False,False,False,False,False,False,False,False,False,False,False,False,True,False,False,False,True,True
16.89,8.0,12.0,128.0,6.0,5100.0,210.0,278,4.652053772,0,False,False,False,False,False,False,False,False,False,False,False,False,False,False,False,False,False,False,False,False,False,False,False,False,False,False,False,False,False,False,False,False,True,False,False,False,True,True
15.24,14.5,8.0,32.0,3.0,4000.0,160.0,386,4.272211769,1,False,False,False,False,False,False,False,False,False,False,False,False,False,False,False,False,False,False,False,False,False,False,False,False,False,False,False,False,False,False,False,False,True,False,False,False,True,False
15.47,16.0,5.0,32.0,3.0,3200.0,165.0,325,4.408059812,1,False,False,False,False,False,False,False,False,False,False,False,False,False,False,False,False,False,False,False,False,False,False,False,False,False,False,False,False,False,False,False,False,True,False,False,False,True,False
15.32,14.5,16.0,64.0,3.0,3200.0,165.0,347,4.498697941,1,False,False,False,False,False,False,False,False,False,False,False,False,False,False,False,False,False,False,False,False,False,False,False,False,False,False,False,False,False,False,False,False,True,False,False,False,True,False
16.48,14.5,8.0,128.0,4.0,5000.0,190.0,343,4.57316339,1,False,False,False,False,False,False,False,False,False,False,False,False,False,False,False,False,False,False,False,False,False,False,False,False,False,False,False,False,False,False,False,False,True,False,False,False,True,False
16.89,48.0,16.0,128.0,8.0,5000.0,215.0,336,5.668051665,1,False,False,False,False,False,False,False,False,False,False,False,False,False,False,False,False,False,False,False,False,False,False,False,False,False,False,False,False,False,False,False,False,True,False,False,False,True,False
16.31,14.5,8.0,128.0,6.0,4000.0,186.0,330,5.243913978,1,False,False,False,False,False,False,False,False,False,False,False,False,False,False,False,False,False,False,False,False,False,False,False,False,False,False,False,False,False,False,False,False,True,False,False,False,True,False
13.84,13.0,8.0,16.0,2.0,2600.0,157.0,474,4.297421451,1,False,False,False,False,False,False,False,False,False,False,False,False,False,False,False,False,False,False,False,False,False,False,False,False,False,False,False,False,False,False,False,False,True,False,False,False,True,False
12.7,8.0,5.0,16.0,1.0,2000.0,144.0,349,3.803992261,1,False,False,False,False,False,False,False,False,False,False,False,False,False,False,False,False,False,False,False,False,False,False,False,False,False,False,False,False,False,False,False,False,True,False,False,False,True,False
12.7,8.0,5.0,16.0,1.0,2000.0,144.0,385,3.931433399,1,False,False,False,False,False,False,False,False,False,False,False,False,False,False,False,False,False,False,False,False,False,False,False,False,False,False,False,False,False,False,False,False,True,False,False,False,False,False
16.89,48.0,16.0,64.0,6.0,5000.0,215.0,506,5.263725922,1,False,False,False,False,False,False,False,False,False,False,False,False,False,False,False,False,False,False,False,False,False,False,False,False,False,False,False,False,False,False,False,False,True,False,False,False,True,False
16.43,14.5,20.0,128.0,6.0,4000.0,175.0,333,5.029718709,1,False,False,False,False,False,False,False,False,False,False,False,False,False,False,False,False,False,False,False,False,False,False,False,False,False,False,False,False,False,False,False,False,True,False,False,False,True,False
13.84,13.0,8.0,16.0,2.0,3200.0,135.0,595,4.450152464,2,False,False,False,False,False,False,False,False,False,False,False,False,False,False,False,False,False,False,False,False,False,False,False,False,False,False,False,False,False,False,False,False,True,False,False,False,True,False
15.27,16.0,5.0,32.0,2.0,3200.0,146.0,420,4.339249605,1,False,False,False,False,False,False,False,False,False,False,False,False,False,False,False,False,False,False,False,False,False,False,False,False,False,False,False,False,False,False,False,False,True,False,False,False,True,False
14.5,13.0,5.0,64.0,3.0,3020.0,146.0,138,4.466367783,0,False,False,False,False,False,False,False,False,False,True,False,False,False,False,False,False,False,False,False,False,False,False,False,False,False,False,False,False,False,False,False,False,False,False,False,False,True,False
17.3,13.0,16.0,128.0,8.0,4300.0,213.0,268,5.051905188,0,False,False,False,False,False,False,False,False,False,True,False,False,False,False,False,False,False,False,False,False,False,False,False,False,False,False,False,False,False,False,False,False,False,False,False,False,True,True
16.69,13.0,8.0,128.0,8.0,4200.0,213.0,195,5.018008048,0,False,False,False,False,False,False,False,False,False,True,False,False,False,False,False,False,False,False,False,False,False,False,False,False,False,False,False,False,False,False,False,False,False,False,False,False,True,True
15.32,13.0,8.0,64.0,3.0,5000.0,185.0,346,4.477791257,0,False,False,False,False,False,False,False,False,False,True,False,False,False,False,False,False,False,False,False,False,False,False,False,False,False,False,False,False,False,False,False,False,False,False,False,False,True,False
16.23,13.0,8.0,64.0,4.0,4000.0,176.0,362,4.466597536,0,False,False,False,False,False,False,False,False,False,True,False,False,False,False,False,False,False,False,False,False,False,False,False,False,False,False,False,False,False,False,False,False,False,False,False,False,True,False
13.84,8.0,5.0,32.0,2.0,3020.0,144.0,355,3.961574784,0,False,False,False,False,False,False,False,False,False,True,False,False,False,False,False,False,False,False,False,False,False,False,False,False,False,False,False,False,False,False,False,False,False,False,False,False,True,False
15.77,13.0,8.0,64.0,4.0,3400.0,164.0,202,4.776093698,0,False,False,False,False,False,False,False,False,False,True,False,False,False,False,False,False,False,False,False,False,False,False,False,False,False,False,False,False,False,False,False,False,False,False,False,False,True,False
15.32,13.0,16.0,128.0,6.0,4000.0,165.0,310,4.803775113,0,False,False,False,False,False,False,False,False,False,True,False,False,False,False,False,False,False,False,False,False,False,False,False,False,False,False,False,False,False,False,False,False,False,False,False,False,True,False
16.23,13.0,8.0,128.0,6.0,4000.0,176.0,141,4.831747834,0,False,False,False,False,False,False,False,False,False,True,False,False,False,False,False,False,False,False,False,False,False,False,False,False,False,False,False,False,False,False,False,False,False,False,False,False,True,False
15.47,13.0,8.0,64.0,3.0,3020.0,150.0,228,4.476199805,0,False,False,False,False,False,False,False,False,False,True,False,False,False,False,False,False,False,False,False,False,False,False,False,False,False,False,False,False,False,False,False,False,False,False,False,False,True,False
15.32,13.0,8.0,64.0,4.0,5000.0,185.0,213,4.609859175,0,False,False,False,False,False,False,False,False,False,True,False,False,False,False,False,False,False,False,False,False,False,False,False,False,False,False,False,False,False,False,False,False,False,False,False,False,True,False
16.69,13.0,16.0,128.0,8.0,4100.0,206.0,504,5.17252736,1,False,False,False,False,False,False,False,False,False,True,False,False,False,False,False,False,False,False,False,False,False,False,False,False,False,False,False,False,False,False,False,False,False,False,False,False,True,True
15.32,13.0,16.0,64.0,4.0,4000.0,171.5,371,4.797194518,1,False,False,False,False,False,False,False,False,False,True,False,False,False,False,False,False,False,False,False,False,False,False,False,False,False,False,False,False,False,False,False,False,False,False,False,False,True,False
14.5,13.0,5.0,32.0,2.0,3020.0,146.0,201,4.220095768,1,False,False,False,False,False,False,False,False,False,True,False,False,False,False,False,False,False,False,False,False,False,False,False,False,False,False,False,False,False,False,False,False,False,False,False,False,True,False
16.23,13.0,8.0,64.0,4.0,4000.0,176.0,354,4.415944853,1,False,False,False,False,False,False,False,False,False,True,False,False,False,False,False,False,False,False,False,False,False,False,False,False,False,False,False,False,False,False,False,False,False,False,False,False,True,False
15.9,13.0,32.0,128.0,6.0,3750.0,172.0,311,5.180209278,1,False,False,False,False,False,False,False,False,False,True,False,False,False,False,False,False,False,False,False,False,False,False,False,False,False,False,False,False,False,False,False,False,False,False,False,False,True,False
16.74,13.0,16.0,64.0,4.0,4000.0,206.0,524,4.679349584,1,False,False,False,False,False,False,False,False,False,True,False,False,False,False,False,False,False,False,False,False,False,False,False,False,False,False,False,False,False,False,False,False,False,False,False,False,True,False
14.5,13.0,5.0,32.0,2.0,3020.0,146.0,388,4.055776969,1,False,False,False,False,False,False,False,False,False,True,False,False,False,False,False,False,False,False,False,False,False,False,False,False,False,False,False,False,False,False,False,False,False,False,False,False,True,False
15.29,13.0,16.0,32.0,3.0,3850.0,170.0,194,4.829033478,1,False,False,False,False,False,False,False,False,True,False,False,False,False,False,False,False,False,False,False,False,False,False,False,False,False,False,False,False,False,False,False,False,False,False,False,False,True,False
12.88,13.0,13.0,64.0,4.0,3075.0,150.0,385,4.860277413,1,False,False,False,False,False,False,False,False,True,False,False,False,False,False,False,False,False,False,False,False,False,False,False,False,False,False,False,False,False,False,False,False,False,False,False,False,True,False
15.29,13.0,8.0,32.0,3.0,3300.0,160.0,323,4.388008706,1,False,False,False,False,False,False,False,False,True,False,False,False,False,False,False,False,False,False,False,False,False,False,False,False,False,False,False,False,False,False,False,False,False,False,False,False,True,False
15.24,13.0,14.5,128.0,6.0,3930.0,180.0,489,4.633951987,1,False,False,False,False,False,False,False,False,True,False,False,False,False,False,False,False,False,False,False,False,False,False,False,False,False,False,False,False,False,False,False,False,False,False,False,False,True,False
15.29,13.0,16.0,64.0,4.0,3850.0,170.0,392,5.041552397,1,False,False,False,False,False,False,False,False,True,False,False,False,False,False,False,False,False,False,False,False,False,False,False,False,False,False,False,False,False,False,False,False,False,False,False,False,True,False
15.37,10.5,16.0,128.0,6.0,4000.0,192.0,204,4.865455368,0,False,False,False,False,False,False,False,False,False,False,True,False,False,False,False,False,False,False,False,False,False,False,False,False,False,False,False,False,False,False,False,False,False,False,False,False,True,True
15.37,10.5,16.0,64.0,6.0,4000.0,182.0,328,4.971686544,0,False,False,False,False,False,False,False,False,False,False,True,False,False,False,False,False,False,False,False,False,False,False,False,False,False,False,False,False,False,False,False,False,False,False,False,False,True,True
15.32,10.5,16.0,128.0,4.0,4000.0,163.0,134,5.058980915,0,False,False,False,False,False,False,False,False,False,False,True,False,False,False,False,False,False,False,False,False,False,False,False,False,False,False,False,False,False,False,False,False,False,False,False,False,True,False
15.32,10.5,16.0,128.0,4.0,4000.0,163.0,127,4.980931815,0,False,False,False,False,False,False,False,False,False,False,True,False,False,False,False,False,False,False,False,False,False,False,False,False,False,False,False,False,False,False,False,False,False,False,False,False,True,False
15.37,10.5,16.0,128.0,8.0,4000.0,189.0,102,4.916690848,0,False,False,False,False,False,False,False,False,False,False,True,False,False,False,False,False,False,False,False,False,False,False,False,False,False,False,False,False,False,False,False,False,False,False,False,False,True,True
16.71,10.5,16.0,256.0,8.0,4200.0,226.0,215,5.49380191,0,False,False,False,False,False,False,False,False,False,False,True,False,False,False,False,False,False,False,False,False,False,False,False,False,False,False,False,False,False,False,False,False,False,False,False,False,True,True
16.23,10.5,8.0,64.0,4.0,4000.0,176.0,133,4.365643155,0,False,False,False,False,False,False,False,False,False,False,True,False,False,False,False,False,False,False,False,False,False,False,False,False,False,False,False,False,False,False,False,False,False,False,False,False,True,False
16.23,10.5,8.0,64.0,4.0,4000.0,176.0,202,4.651003602,0,False,False,False,False,False,False,False,False,False,False,True,False,False,False,False,False,False,False,False,False,False,False,False,False,False,False,False,False,False,False,False,False,False,False,False,False,True,False
16.74,13.0,16.0,128.0,6.0,4000.0,206.0,433,5.071354029,1,False,False,False,False,False,False,False,False,False,False,True,False,False,False,False,False,False,False,False,False,False,False,False,False,False,False,False,False,False,False,False,False,False,False,False,False,True,False
15.34,13.0,16.0,128.0,8.0,4200.0,183.0,505,4.99531859,1,False,False,False,False,False,False,False,False,False,False,True,False,False,False,False,False,False,False,False,False,False,False,False,False,False,False,False,False,False,False,False,False,False,False,False,False,True,False
15.9,13.0,32.0,64.0,6.0,4000.0,178.0,351,5.037147389,1,False,False,False,False,False,False,False,False,False,False,True,False,False,False,False,False,False,False,False,False,False,False,False,False,False,False,False,False,False,False,False,False,False,False,False,False,True,False
15.32,13.0,16.0,64.0,6.0,4000.0,163.0,364,4.949043538,1,False,False,False,False,False,False,False,False,False,False,True,False,False,False,False,False,False,False,False,False,False,False,False,False,False,False,False,False,False,False,False,False,False,False,False,False,True,False
16.23,13.0,8.0,64.0,4.0,4000.0,176.0,253,4.403054002,1,False,False,False,False,False,False,False,False,False,False,True,False,False,False,False,False,False,False,False,False,False,False,False,False,False,False,False,False,False,False,False,False,False,False,False,False,True,False
16.59,13.0,16.0,512.0,12.0,4500.0,198.0,488,5.995954452,1,False,False,False,False,False,False,False,False,False,False,True,False,False,False,False,False,False,False,False,False,False,False,False,False,False,False,False,False,False,False,False,False,False,False,False,False,True,True
16.81,13.0,16.0,128.0,6.0,4200.0,196.0,269,5.530103463,1,False,False,False,False,False,False,False,False,False,False,True,False,False,False,False,False,False,False,False,False,False,False,False,False,False,False,False,False,False,False,False,False,False,False,False,False,True,True
16.81,13.0,16.0,128.0,6.0,4200.0,196.0,207,5.345344072,1,False,False,False,False,False,False,False,False,False,False,True,False,False,False,False,False,False,False,False,False,False,False,False,False,False,False,False,False,False,False,False,False,False,False,False,False,True,False
15.9,13.0,32.0,128.0,6.0,4000.0,178.0,223,5.214772701,1,False,False,False,False,False,False,False,False,False,False,True,False,False,False,False,False,False,False,False,False,False,False,False,False,False,False,False,False,False,False,False,False,False,False,False,False,True,False
16.74,13.0,16.0,128.0,4.0,4000.0,163.5,181,4.894401058,1,False,False,False,False,False,False,False,False,False,False,True,False,False,False,False,False,False,False,False,False,False,False,False,False,False,False,False,False,False,False,False,False,False,False,False,False,True,False
16.23,13.0,32.0,128.0,8.0,3500.0,171.0,520,5.372914505,1,False,False,False,False,False,False,False,False,False,False,True,False,False,False,False,False,False,False,False,False,False,False,False,False,False,False,False,False,False,False,False,False,False,False,False,False,True,False
16.23,13.0,32.0,128.0,8.0,3500.0,171.0,210,5.366396487,1,False,False,False,False,False,False,False,False,False,False,True,False,False,False,False,False,False,False,False,False,False,False,False,False,False,False,False,False,False,False,False,False,False,False,False,False,True,False
15.34,13.0,24.0,128.0,6.0,4000.0,178.0,539,5.180209278,1,False,False,False,False,False,False,False,False,False,False,True,False,False,False,False,False,False,False,False,False,False,False,False,False,False,False,False,False,False,False,False,False,False,False,False,False,True,False
15.34,13.0,16.0,64.0,4.0,4000.0,178.0,244,4.837313121,1,False,False,False,False,False,False,False,False,False,False,True,False,False,False,False,False,False,False,False,False,False,False,False,False,False,False,False,False,False,False,False,False,False,False,False,False,True,False
16.74,13.0,16.0,64.0,4.0,4000.0,196.8,330,4.861671141,1,False,False,False,False,False,False,False,False,False,False,True,False,False,False,False,False,False,False,False,False,False,False,False,False,False,False,False,False,False,False,False,False,False,False,False,False,True,False
10.16,5.0,2.0,16.0,4.0,1700.0,136.1,610,3.959097413,6,False,False,False,False,False,False,False,False,False,False,True,False,False,False,False,False,False,False,False,False,False,False,False,False,False,False,False,False,False,False,False,False,False,False,False,False,False,False
17.32,8.0,8.0,32.0,2.0,6000.0,209.0,320,4.405132623,0,False,False,False,False,False,False,False,False,False,False,False,True,False,False,False,False,False,False,False,False,False,False,False,False,False,False,False,False,False,False,False,False,False,False,False,False,True,False
15.39,8.0,8.0,64.0,4.0,5000.0,185.0,173,4.4959132,0,False,False,False,False,False,False,False,False,False,False,False,True,False,False,False,False,False,False,False,False,False,False,False,False,False,False,False,False,False,False,False,False,False,False,False,False,True,False
15.39,8.0,8.0,32.0,2.0,5000.0,185.0,329,4.370712875,0,False,False,False,False,False,False,False,False,False,False,False,True,False,False,False,False,False,False,False,False,False,False,False,False,False,False,False,False,False,False,False,False,False,False,False,False,True,False
15.39,8.0,16.0,32.0,3.0,4000.0,178.0,356,4.417996878,1,False,False,False,False,False,False,False,False,False,False,False,True,False,False,False,False,False,False,False,False,False,False,False,False,False,False,False,False,False,False,False,False,False,False,False,False,True,False
15.29,8.0,16.0,32.0,2.0,4000.0,165.0,497,4.423288532,1,False,False,False,False,False,False,False,False,False,False,False,True,False,False,False,False,False,False,False,False,False,False,False,False,False,False,False,False,False,False,False,False,False,False,False,False,True,False
14.5,8.0,5.0,32.0,2.0,3200.0,150.0,359,3.918203865,0,False,False,False,False,False,False,False,False,False,False,False,False,False,False,True,False,False,False,False,False,False,False,False,False,False,False,False,False,False,False,False,False,False,False,False,False,True,False
12.7,5.0,0.3,8.0,0.5,3000.0,147.6,704,3.509154523,4,False,False,False,False,False,False,False,False,False,False,False,False,False,False,True,False,False,False,False,False,False,False,False,False,False,False,False,False,False,False,False,False,False,False,False,False,False,False
15.47,8.0,5.0,16.0,2.0,4000.0,172.0,531,4.145196092,1,False,False,False,False,False,False,False,False,False,False,False,False,False,False,False,True,False,False,False,False,False,False,False,False,False,False,False,False,False,False,False,False,False,False,False,False,True,False
17.78,2.0,2.0,32.0,1.0,3590.0,236.0,524,3.806440243,1,False,False,False,False,False,False,False,False,False,False,False,False,False,False,False,True,False,False,False,False,False,False,False,False,False,False,False,False,False,False,False,False,False,False,False,False,True,False
16.23,8.0,16.0,64.0,6.0,4000.0,159.0,426,4.447228998,1,False,False,False,False,False,False,False,False,False,False,False,False,False,False,False,True,False,False,False,False,False,False,False,False,False,False,False,False,False,False,False,False,False,False,False,False,True,False
16.23,8.0,32.0,128.0,6.0,4000.0,185.0,401,5.347964306,1,False,False,False,False,False,False,False,False,False,False,False,False,False,False,False,True,False,False,False,False,False,False,False,False,False,False,False,False,False,False,False,False,False,False,False,False,True,True
15.32,8.0,16.0,64.0,4.0,4050.0,164.0,424,4.541058241,1,False,False,False,False,False,False,False,False,False,False,False,False,False,False,False,True,False,False,False,False,False,False,False,False,False,False,False,False,False,False,False,False,False,False,False,False,True,False
16.59,5.0,16.0,64.0,4.0,4000.0,196.5,195,4.739963282,0,False,False,False,False,False,False,False,False,False,False,False,False,False,True,False,False,False,False,False,False,False,False,False,False,False,False,False,False,False,False,False,False,False,False,False,False,True,False
15.44,5.0,13.0,64.0,3.0,4000.0,219.0,126,4.720550337,0,False,False,False,False,False,False,False,False,False,False,False,False,False,True,False,False,False,False,False,False,False,False,False,False,False,False,False,False,False,False,False,False,False,False,False,False,True,False
5.28,2.0,13.0,8.0,1.0,1470.0,127.0,202,3.758405517,0,False,False,False,False,False,False,False,False,False,False,False,False,False,True,False,False,False,False,False,False,False,False,False,False,False,False,False,False,False,False,False,False,False,True,False,False,True,False
15.44,5.0,10.0,128.0,8.0,5000.0,218.0,234,5.412047757,0,False,False,False,False,False,False,False,False,False,False,False,False,False,True,False,False,False,False,False,False,False,False,False,False,False,False,False,False,False,False,False,False,False,False,False,False,True,True
15.44,5.0,10.0,128.0,8.0,5000.0,213.0,248,4.633951987,0,False,False,False,False,False,False,False,False,False,False,False,False,False,True,False,False,False,False,False,False,False,False,False,False,False,False,False,False,False,False,False,False,False,False,False,False,True,True
15.37,5.0,13.0,32.0,3.0,4000.0,196.5,205,4.232801305,0,False,False,False,False,False,False,False,False,False,False,False,False,False,True,False,False,False,False,False,False,False,False,False,False,False,False,False,False,False,False,False,False,False,False,False,False,True,False
14.5,8.0,8.0,32.0,3.0,3450.0,170.0,196,4.319752215,0,False,False,False,False,False,False,False,False,False,False,False,False,False,True,False,False,False,False,False,False,False,False,False,False,False,False,False,False,False,False,False,False,False,False,False,False,True,False
15.34,8.0,32.0,256.0,8.0,4000.0,192.0,471,5.789103535,1,False,False,False,False,False,False,False,False,False,False,False,False,False,True,False,False,False,False,False,False,False,False,False,False,False,False,False,False,False,False,False,False,False,False,False,False,True,True
15.34,8.0,16.0,64.0,4.0,4000.0,198.0,517,4.955756633,1,False,False,False,False,False,False,False,False,False,False,False,False,False,True,False,False,False,False,False,False,False,False,False,False,False,False,False,False,False,False,False,False,False,False,False,False,True,False
13.84,8.0,5.0,16.0,2.0,3000.0,148.0,438,4.367800927,1,False,False,False,False,False,False,False,False,False,False,False,False,False,True,False,False,False,False,False,False,False,False,False,False,False,False,False,False,False,False,False,False,False,False,False,False,True,False
13.84,8.0,5.0,16.0,1.0,3000.0,152.0,393,4.043752776,1,False,False,False,False,False,False,False,False,False,False,False,False,False,True,False,False,False,False,False,False,False,False,False,False,False,False,False,False,False,False,False,False,False,False,False,False,True,False
15.27,8.0,13.0,32.0,2.0,3500.0,186.0,273,4.396299294,1,False,False,False,False,False,False,False,False,False,False,False,False,False,True,False,False,False,False,False,False,False,False,False,False,False,False,False,False,False,False,False,False,False,False,False,False,True,False
15.37,8.0,13.0,32.0,3.0,4000.0,194.0,344,4.707997496,1,False,False,False,False,False,False,False,False,False,False,False,False,False,True,False,False,False,False,False,False,False,False,False,False,False,False,False,False,False,False,False,False,False,False,False,False,True,False
15.8,8.0,16.0,64.0,4.0,4050.0,172.0,289,4.541484634,1,False,False,False,False,False,False,False,False,False,False,False,False,False,True,False,False,False,False,False,False,False,False,False,False,False,False,False,False,False,False,False,False,False,False,False,False,True,False
15.9,8.0,16.0,32.0,3.0,4000.0,175.0,482,4.48661185,1,False,False,False,False,False,False,False,False,False,False,False,False,False,True,False,False,False,False,False,False,False,False,False,False,False,False,False,False,False,False,False,False,False,False,False,False,True,False
15.72,8.0,8.0,32.0,3.0,4000.0,164.0,516,4.105943698,1,False,False,False,False,False,False,False,False,False,False,False,False,False,True,False,False,False,False,False,False,False,False,False,False,False,False,False,False,False,False,False,False,False,False,False,False,True,False
15.29,13.0,5.0,32.0,3.0,3500.0,179.0,463,4.170688129,1,False,False,False,False,False,False,False,False,False,False,False,False,False,True,False,False,False,False,False,False,False,False,False,False,False,False,False,False,False,False,False,False,False,False,False,False,True,False
15.29,16.0,5.0,64.0,4.0,3300.0,172.0,693,4.989411658,2,False,False,False,False,False,False,False,False,False,False,False,False,False,True,False,False,False,False,False,False,False,False,False,False,False,False,False,False,False,False,False,False,False,False,False,False,True,False
12.83,13.0,5.0,16.0,2.0,4500.0,171.0,393,4.539564429,2,False,False,False,False,False,False,False,False,False,False,False,False,False,True,False,False,False,False,False,False,False,False,False,False,False,False,False,False,False,False,False,False,False,False,False,False,True,False
7.62,2.0,1.3,4.0,0.5,1540.0,140.45,965,3.131136911,6,False,False,False,False,False,False,False,False,False,False,False,False,False,True,False,False,False,False,False,False,False,False,False,False,False,False,False,False,False,False,False,False,False,False,False,False,False,False
15.39,8.0,20.0,128.0,8.0,4500.0,199.0,318,5.15358057,0,False,False,False,False,False,False,False,False,False,False,False,False,False,False,False,False,True,False,False,False,False,False,False,False,False,False,False,False,False,False,False,False,False,False,False,False,True,True
15.37,8.0,16.0,128.0,6.0,4500.0,183.0,348,4.74927053,1,False,False,False,False,False,False,False,False,False,False,False,False,False,False,False,False,True,False,False,False,False,False,False,False,False,False,False,False,False,False,False,False,False,False,False,False,True,False
15.37,8.0,8.0,32.0,2.0,4000.0,184.0,198,4.31935304,1,False,False,False,False,False,False,False,False,False,False,False,False,False,False,False,False,True,False,False,False,False,False,False,False,False,False,False,False,False,False,False,False,False,False,False,False,True,False
15.29,8.0,20.0,128.0,6.0,3600.0,166.0,405,4.874891933,1,False,False,False,False,False,False,False,False,False,False,False,False,False,False,False,False,True,False,False,False,False,False,False,False,False,False,False,False,False,False,False,False,False,False,False,False,True,False
15.29,8.0,16.0,64.0,6.0,4000.0,165.0,499,4.80557721,1,False,False,False,False,False,False,False,False,False,False,False,False,False,False,False,False,True,False,False,False,False,False,False,False,False,False,False,False,False,False,False,False,False,False,False,False,True,False
15.29,8.0,20.0,128.0,6.0,3600.0,165.0,226,5.218841165,1,False,False,False,False,False,False,False,False,False,False,False,False,False,False,False,False,True,False,False,False,False,False,False,False,False,False,False,False,False,False,False,False,False,False,False,False,True,False
10.16,2.0,0.3,0.5,0.25,1500.0,146.5,900,3.118834471,6,False,False,False,False,False,False,False,False,False,False,False,False,False,False,False,False,False,True,False,False,False,False,False,False,False,False,False,False,False,False,False,False,False,False,False,False,False,False
7.75,0.3,0.3,0.5,0.25,1500.0,89.0,757,1.572773928,6,False,False,False,False,False,False,False,False,False,False,False,False,False,False,False,False,False,True,False,False,False,False,False,False,False,False,False,False,False,False,False,False,False,False,False,False,False,False
10.03,2.0,0.3,0.2,0.25,2000.0,85.0,652,3.404857342,7,False,False,False,False,False,False,False,False,False,False,False,False,False,False,False,False,False,True,False,False,False,False,False,False,False,False,False,False,False,False,False,False,False,False,False,False,False,False
10.16,2.0,0.3,16.0,4.0,2000.0,89.0,1051,3.302481409,7,False,False,False,False,False,False,False,False,False,False,False,False,False,False,False,False,False,True,False,False,False,False,False,False,False,False,False,False,False,False,False,False,False,False,False,False,False,False
7.75,0.3,0.3,16.0,4.0,2000.0,89.0,897,2.853015971,7,False,False,False,False,False,False,False,False,False,False,False,False,False,False,False,False,False,True,False,False,False,False,False,False,False,False,False,False,False,False,False,False,False,False,False,False,False,False
15.37,8.0,16.0,128.0,6.0,5000.0,210.0,92,5.034156489,0,False,False,False,False,False,False,False,False,False,False,False,False,False,False,False,False,False,False,False,True,False,False,False,False,False,False,False,False,False,False,False,False,False,False,False,False,True,False
15.42,8.0,25.0,256.0,12.0,5000.0,203.0,188,5.639812681,0,False,False,False,False,False,False,False,False,False,False,False,False,False,False,False,False,False,False,False,True,False,False,False,False,False,False,False,False,False,False,False,False,False,False,False,False,True,True
16.56,0.3,8.0,64.0,3.0,4000.0,200.0,296,4.160756328,0,False,False,False,False,False,False,False,False,False,False,False,False,False,False,False,False,False,False,False,False,True,False,False,False,False,False,False,False,False,False,False,False,False,False,False,False,True,False
13.84,0.3,5.0,16.0,2.0,3000.0,180.0,293,3.690627925,0,False,False,False,False,False,False,False,False,False,False,False,False,False,False,False,False,False,False,False,False,True,False,False,False,False,False,False,False,False,False,False,False,False,False,False,False,True,False
13.84,0.3,5.0,16.0,2.0,3000.0,180.0,260,3.988243031,0,False,False,False,False,False,False,False,False,False,False,False,False,False,False,False,False,False,False,False,False,True,False,False,False,False,False,False,False,False,False,False,False,False,False,False,False,True,False
5.18,0.3,5.0,0.06,0.03,1020.0,90.5,322,2.519308077,0,False,False,False,False,False,False,False,False,False,False,False,False,False,False,False,False,False,False,False,False,True,False,False,False,False,False,False,False,False,False,False,False,False,True,False,False,False,False
5.18,0.3,5.0,0.1,0.03,1020.0,91.3,148,2.564949357,0,False,False,False,False,False,False,False,False,False,False,False,False,False,False,False,False,False,False,False,False,True,False,False,False,False,False,False,False,False,False,False,False,False,True,False,False,False,False
17.3,0.3,24.0,64.0,6.0,4500.0,220.0,127,4.602667056,0,False,False,False,False,False,False,False,False,False,False,False,False,False,False,False,False,False,False,False,False,True,False,False,False,False,False,False,False,False,False,False,False,False,False,False,False,True,True
5.18,0.3,5.0,0.1,2.0,1200.0,88.2,327,3.062923523,0,False,False,False,False,False,False,False,False,False,False,False,False,False,False,False,False,False,False,False,False,True,False,False,False,False,False,False,False,False,False,False,False,False,True,False,False,False,False
5.18,0.3,8.0,0.1,0.03,1200.0,86.5,414,2.789322921,1,False,False,False,False,False,False,False,False,False,False,False,False,False,False,False,False,False,False,False,False,True,False,False,False,False,False,False,False,False,False,False,False,False,True,False,False,True,False
16.64,8.0,16.0,128.0,8.0,4300.0,180.0,186,5.482927968,0,False,False,False,False,False,False,False,False,False,False,False,False,False,False,False,False,False,False,False,False,False,True,False,False,False,False,False,False,False,False,False,False,False,False,False,False,True,True
16.64,8.0,16.0,128.0,8.0,4300.0,180.0,232,5.235164552,0,False,False,False,False,False,False,False,False,False,False,False,False,False,False,False,False,False,False,False,False,False,True,False,False,False,False,False,False,False,False,False,False,False,False,False,False,True,True
16.94,8.0,16.0,256.0,12.0,4085.0,206.0,280,5.079850363,1,False,False,False,False,False,False,False,False,False,False,False,False,False,False,False,False,False,False,False,False,False,True,False,False,False,False,False,False,False,False,False,False,False,False,False,False,True,True
16.94,8.0,16.0,128.0,6.0,4000.0,206.0,523,5.342525621,1,False,False,False,False,False,False,False,False,False,False,False,False,False,False,False,False,False,False,False,False,False,True,False,False,False,False,False,False,False,False,False,False,False,False,False,False,True,True
16.64,8.0,32.0,128.0,8.0,4000.0,172.0,293,5.269969331,0,False,False,False,False,False,False,False,False,False,False,False,False,False,False,False,False,False,False,False,False,False,False,True,False,False,False,False,False,False,False,False,False,False,False,False,False,True,True
16.33,8.0,32.0,128.0,8.0,4000.0,183.0,281,5.047866851,0,False,False,False,False,False,False,False,False,False,False,False,False,False,False,False,False,False,False,False,False,False,False,True,False,False,False,False,False,False,False,False,False,False,False,False,False,True,True
16.69,8.0,32.0,128.0,6.0,4000.0,184.0,122,5.126045146,0,False,False,False,False,False,False,False,False,False,False,False,False,False,False,False,False,False,False,False,False,False,False,True,False,False,False,False,False,False,False,False,False,False,False,False,False,True,True
16.64,8.0,16.0,128.0,8.0,4000.0,186.0,200,5.094302196,0,False,False,False,False,False,False,False,False,False,False,False,False,False,False,False,False,False,False,False,False,False,False,True,False,False,False,False,False,False,False,False,False,False,False,False,False,True,True
15.29,8.0,8.0,64.0,3.0,4230.0,168.0,267,4.515026636,0,False,False,False,False,False,False,False,False,False,False,False,False,False,False,False,False,False,False,False,False,False,False,True,False,False,False,False,False,False,False,False,False,False,False,False,False,True,False
15.34,8.0,32.0,128.0,8.0,4025.0,180.0,218,5.307177995,0,False,False,False,False,False,False,False,False,False,False,False,False,False,False,False,False,False,False,False,False,False,False,True,False,False,False,False,False,False,False,False,False,False,False,False,False,True,True
15.34,8.0,32.0,128.0,8.0,4025.0,181.0,330,4.900225013,1,False,False,False,False,False,False,False,False,False,False,False,False,False,False,False,False,False,False,False,False,False,False,True,False,False,False,False,False,False,False,False,False,False,False,False,False,True,True
15.37,8.0,8.0,128.0,4.0,4230.0,180.0,277,4.514369822,1,False,False,False,False,False,False,False,False,False,False,False,False,False,False,False,False,False,False,False,False,False,False,True,False,False,False,False,False,False,False,False,False,False,False,False,False,True,False
15.34,8.0,25.0,128.0,6.0,3600.0,169.5,344,5.037212309,1,False,False,False,False,False,False,False,False,False,False,False,False,False,False,False,False,False,False,False,False,False,False,True,False,False,False,False,False,False,False,False,False,False,False,False,False,True,False
15.34,8.0,32.0,128.0,4.0,4035.0,186.0,463,5.093320661,1,False,False,False,False,False,False,False,False,False,False,False,False,False,False,False,False,False,False,False,False,False,False,True,False,False,False,False,False,False,False,False,False,False,False,False,False,True,False
16.59,8.0,16.0,128.0,6.0,4020.0,190.0,336,5.032266314,1,False,False,False,False,False,False,False,False,False,False,False,False,False,False,False,False,False,False,False,False,False,False,True,False,False,False,False,False,False,False,False,False,False,False,False,False,True,False
15.39,8.0,16.0,256.0,8.0,4065.0,215.0,232,5.598384921,1,False,False,False,False,False,False,False,False,False,False,False,False,False,False,False,False,False,False,False,False,False,False,True,False,False,False,False,False,False,False,False,False,False,False,False,False,True,True
15.27,8.0,5.0,32.0,2.0,4000.0,170.0,282,4.022848561,1,False,False,False,False,False,False,False,False,False,False,False,False,False,False,False,False,False,False,False,False,False,False,True,False,False,False,False,False,False,False,False,False,False,False,False,False,True,False
15.29,13.0,8.0,32.0,3.0,4230.0,168.0,587,4.273745191,2,False,False,False,False,False,False,False,False,False,False,False,False,False,False,False,False,False,False,False,False,False,False,True,False,False,False,False,False,False,False,False,False,False,False,False,False,True,False
10.29,8.0,5.0,8.0,1.0,2000.0,135.0,917,4.09700768,5,False,False,False,False,False,False,False,False,False,False,False,False,False,False,False,False,False,False,False,False,False,False,True,False,False,False,False,False,False,False,False,False,False,False,False,False,True,False
16.43,8.0,20.0,128.0,6.0,4000.0,171.0,486,4.701661486,1,False,False,False,False,False,False,False,False,False,False,False,False,False,False,False,False,False,False,False,False,False,False,False,True,False,False,False,False,False,False,False,False,False,False,False,False,True,True
15.37,8.0,16.0,64.0,4.0,4300.0,191.0,97,4.798514106,0,False,False,False,False,False,False,False,False,False,False,False,False,False,False,False,False,False,False,False,False,False,False,False,False,False,True,False,False,False,False,False,False,False,False,False,False,True,False
15.37,8.0,16.0,128.0,4.0,5000.0,199.0,362,4.932169121,0,False,False,False,False,False,False,False,False,False,False,False,False,False,False,False,False,False,False,False,False,False,False,False,False,False,True,False,False,False,False,False,False,False,False,False,False,True,False
15.37,8.0,5.0,32.0,3.0,5000.0,195.0,321,4.383151002,0,False,False,False,False,False,False,False,False,False,False,False,False,False,False,False,False,False,False,False,False,False,False,False,False,False,True,False,False,False,False,False,False,False,False,False,False,True,False
15.27,8.0,5.0,32.0,3.0,4000.0,166.0,247,2.667228207,0,False,False,False,False,False,False,False,False,False,False,False,False,False,False,False,False,False,False,False,False,False,False,False,False,False,True,False,False,False,False,False,False,False,False,False,False,True,False
15.27,8.0,5.0,32.0,2.0,4000.0,166.0,450,4.335720882,1,False,False,False,False,False,False,False,False,False,False,False,False,False,False,False,False,False,False,False,False,False,False,False,False,False,True,False,False,False,False,False,False,False,False,False,False,True,False
12.88,8.0,5.0,32.0,3.0,4000.0,168.0,120,4.151669629,0,False,False,False,False,False,False,False,False,False,False,False,False,False,False,False,False,False,False,False,False,False,False,False,False,False,False,True,False,False,False,False,False,False,False,False,False,True,False
12.7,8.0,5.0,16.0,1.0,2600.0,154.0,226,4.08142817,0,False,False,False,False,False,False,False,False,False,False,False,False,False,False,False,False,False,False,False,False,False,False,False,False,False,False,True,False,False,False,False,False,False,False,False,False,True,False
15.42,8.0,32.0,128.0,8.0,4500.0,185.0,258,5.514194582,0,False,False,False,False,False,False,False,False,False,False,False,False,False,False,False,False,False,False,False,False,False,False,False,False,False,False,True,False,False,False,False,False,False,False,False,False,True,True
15.37,8.0,32.0,128.0,6.0,4500.0,187.0,248,5.126282718,0,False,False,False,False,False,False,False,False,False,False,False,False,False,False,False,False,False,False,False,False,False,False,False,False,False,False,True,False,False,False,False,False,False,False,False,False,True,True
15.29,8.0,13.0,128.0,8.0,4000.0,168.1,282,5.678498854,0,False,False,False,False,False,False,False,False,False,False,False,False,False,False,False,False,False,False,False,False,False,False,False,False,False,False,True,False,False,False,False,False,False,False,False,False,True,True
12.73,12.0,8.0,64.0,4.0,4500.0,256.0,320,4.59036107,1,False,False,False,False,False,False,False,False,False,False,False,False,False,False,False,False,False,False,False,False,False,False,False,False,False,False,True,False,False,False,False,False,False,False,False,False,True,False
15.42,12.0,32.0,128.0,6.0,4500.0,187.0,325,4.955756633,1,False,False,False,False,False,False,False,False,False,False,False,False,False,False,False,False,False,False,False,False,False,False,False,False,False,False,True,False,False,False,False,False,False,False,False,False,True,False
15.32,12.0,10.0,256.0,12.0,3500.0,168.0,190,4.997685135,1,False,False,False,False,False,False,False,False,False,False,False,False,False,False,False,False,False,False,False,False,False,False,False,False,False,False,True,False,False,False,False,False,False,False,False,False,True,True
12.7,16.0,5.0,32.0,3.0,2800.0,172.0,222,4.454579827,1,False,False,False,False,False,False,False,False,False,False,False,False,False,False,False,False,False,False,False,False,False,False,False,False,False,False,True,False,False,False,False,False,False,False,False,False,True,False
16.59,2.0,16.0,64.0,4.0,4000.0,193.0,168,4.314015424,0,False,False,False,False,False,False,False,False,False,False,False,False,False,False,False,False,False,False,False,False,False,False,False,True,False,False,False,False,False,False,False,False,False,False,False,False,True,False
15.77,2.0,5.0,64.0,4.0,4000.0,184.7,299,4.358246106,0,False,False,False,False,False,False,False,False,False,False,False,False,False,False,False,False,False,False,False,False,False,False,False,True,False,False,False,False,False,False,False,False,False,False,False,False,True,False
15.44,2.0,8.0,32.0,2.0,3500.0,191.6,243,3.990279503,0,False,False,False,False,False,False,False,False,False,False,False,False,False,False,False,False,False,False,False,False,False,False,False,True,False,False,False,False,False,False,False,False,False,False,False,False,True,False
17.78,8.0,0.3,8.0,1.0,2000.0,242.0,513,2.822568655,1,False,False,False,False,False,False,False,False,False,False,False,False,False,False,False,False,False,False,False,False,False,False,False,True,False,False,False,False,False,False,False,False,False,False,False,False,False,False
12.88,8.0,5.0,16.0,2.0,2700.0,138.0,440,4.175002465,1,False,False,False,False,False,False,False,False,False,False,False,False,False,False,False,False,False,False,False,False,False,False,False,True,False,False,False,False,False,False,False,False,False,False,False,False,True,False
16.23,8.0,16.0,64.0,4.0,3450.0,176.6,335,4.995657011,1,False,False,False,False,False,False,False,False,False,False,False,False,False,False,False,False,False,False,False,False,False,False,False,True,False,False,False,False,False,False,False,False,False,False,False,False,True,False
18.01,8.0,1.2,16.0,2.0,5124.0,299.0,827,4.562680134,5,False,True,False,False,False,False,False,False,False,False,False,False,False,False,False,False,False,False,False,False,False,False,False,False,False,False,False,False,False,False,False,False,False,False,False,True,True,False
15.24,13.0,2.0,16.0,2.0,3230.0,196.0,840,4.539564429,6,False,False,True,False,False,False,False,False,False,False,False,False,False,False,False,False,False,False,False,False,False,False,False,False,False,False,False,False,False,False,False,False,False,False,False,False,False,False
15.24,13.0,2.0,16.0,2.0,3300.0,196.0,1073,4.327966358,6,False,False,True,False,False,False,False,False,False,False,False,False,False,False,False,False,False,False,False,False,False,False,False,False,False,False,False,False,False,False,False,False,False,False,False,False,False,False
15.24,8.0,8.0,32.0,1.0,2800.0,185.0,513,4.304335327,1,False,False,False,False,False,False,False,False,False,False,False,False,False,False,False,False,False,False,False,False,False,False,False,True,False,False,False,False,False,False,False,False,False,False,False,False,False,False
12.83,8.0,8.0,32.0,1.0,2200.0,158.0,213,4.170842533,1,False,False,False,False,False,False,False,False,False,False,False,False,False,False,False,False,False,False,False,False,False,False,False,True,False,False,False,False,False,False,False,False,False,False,False,False,False,False
12.7,5.0,5.0,32.0,1.0,3400.0,146.0,184,3.764218811,1,False,False,False,False,False,False,False,False,False,False,False,False,False,False,False,False,False,False,False,False,False,False,False,True,False,False,False,False,False,False,False,False,False,False,False,False,False,False
10.29,5.0,0.3,4.0,0.5,1760.0,136.0,1091,4.05386973,7,False,False,False,False,False,False,False,False,False,False,False,False,False,False,False,False,False,False,False,False,False,False,False,True,False,False,False,False,False,False,False,False,False,False,False,False,False,False
12.83,13.0,5.0,32.0,3.0,4200.0,206.5,214,4.796864349,0,False,False,False,False,False,False,False,False,False,False,False,False,False,False,False,False,False,False,False,False,False,False,False,True,False,False,False,False,False,False,False,False,False,False,False,False,True,False
14.35,12.0,8.0,64.0,4.0,3100.0,210.0,247,4.476882166,1,False,False,False,False,False,False,False,False,False,False,False,False,False,False,False,False,False,False,False,False,False,False,False,True,False,False,False,False,False,False,False,False,False,False,False,False,True,False
16.59,8.0,16.0,64.0,4.0,4000.0,195.0,252,5.174226981,0,False,False,False,False,False,True,False,False,False,False,False,False,False,False,False,False,False,False,False,False,False,False,False,False,False,False,False,False,False,False,False,False,False,False,False,False,True,True
16.15,8.0,13.0,32.0,3.0,4000.0,170.0,342,4.588329169,1,False,False,False,False,False,True,False,False,False,False,False,False,False,False,False,False,False,False,False,False,False,False,False,False,False,False,False,False,False,False,False,False,False,False,False,False,True,False
5.18,2.0,5.0,4.0,0.5,3230.0,90.0,356,3.247268899,1,True,False,False,False,False,False,False,False,False,False,False,False,False,False,False,False,False,False,False,False,False,False,False,False,False,False,False,False,False,False,False,False,False,True,False,False,True,False
17.78,5.0,2.0,8.0,1.0,3240.0,295.1,662,4.182202803,4,True,False,False,False,False,False,False,False,False,False,False,False,False,False,False,False,False,False,False,False,False,False,False,False,False,False,False,False,False,False,False,False,False,False,False,False,True,False
17.78,3.0,0.3,4.0,1.0,3240.0,279.0,1046,4.46326094,6,True,False,False,False,False,False,False,False,False,False,False,False,False,False,False,False,False,False,False,False,False,False,False,False,False,False,False,False,False,False,False,False,False,False,False,False,True,False
17.78,0.3,0.3,16.0,0.5,2840.0,285.0,770,3.713572067,6,True,False,False,False,False,False,False,False,False,False,False,False,False,False,False,False,False,False,False,False,False,False,False,False,False,False,False,False,False,False,False,False,False,False,False,False,False,False
17.78,2.0,0.3,4.0,1.0,3240.0,285.0,759,3.989354348,6,True,False,False,False,False,False,False,False,False,False,False,False,False,False,False,False,False,False,False,False,False,False,False,False,False,False,False,False,False,False,False,False,False,False,False,False,False,False
16.56,5.0,8.0,64.0,4.0,4000.0,178.0,187,4.297149343,1,True,False,False,False,False,False,False,False,False,False,False,False,False,False,False,False,False,False,False,False,False,False,False,False,False,False,False,False,False,False,False,False,False,False,False,False,True,False
12.83,5.0,5.0,16.0,1.0,2460.0,153.2,473,3.78487122,1,True,False,False,False,False,False,False,False,False,False,False,False,False,False,False,False,False,False,False,False,False,False,False,False,False,False,False,False,False,False,False,False,False,False,False,False,True,False
17.78,13.0,2.0,16.0,4.0,3400.0,260.0,1085,4.632298853,4,False,False,False,False,False,False,False,False,False,False,False,False,False,False,False,False,False,False,False,False,False,False,False,False,False,False,False,False,False,False,False,False,False,False,False,False,True,False
12.83,13.0,5.0,32.0,4.0,4080.0,169.0,1079,4.710160633,4,False,False,False,False,False,False,False,False,False,False,False,False,False,False,False,False,False,False,False,False,False,False,False,False,False,False,False,False,False,False,False,False,False,False,False,False,True,False
12.7,8.0,2.0,32.0,4.0,2000.0,126.0,617,3.781686504,4,False,False,False,False,False,False,False,False,False,False,False,False,False,False,False,False,False,False,False,False,False,False,False,False,False,False,False,False,False,False,False,False,False,False,False,False,True,False
12.83,13.0,13.0,32.0,4.0,4020.0,166.0,714,4.368307963,5,False,False,False,False,False,False,False,False,False,False,False,False,False,False,False,False,False,False,False,False,False,False,False,False,False,False,False,False,False,False,False,False,False,False,False,False,True,False
12.83,13.0,5.0,16.0,4.0,5000.0,147.5,549,4.430935839,4,False,False,False,False,False,False,False,False,False,False,False,False,False,False,False,False,False,False,False,False,False,False,False,False,False,False,False,False,False,False,False,False,False,False,False,False,True,False
12.7,8.0,5.0,32.0,4.0,2000.0,125.0,893,4.070564034,4,False,False,False,False,False,False,False,False,False,False,False,False,False,False,False,False,False,False,False,False,False,False,False,False,False,False,False,False,False,False,False,False,False,False,False,False,True,False
12.83,21.0,8.0,32.0,4.0,2870.0,150.0,824,4.590969837,5,False,False,False,False,False,False,False,False,False,False,False,False,False,False,False,False,False,False,False,False,False,False,False,False,False,False,False,False,False,False,False,False,False,False,True,False,True,False
10.29,5.0,5.0,32.0,4.0,2000.0,142.0,988,3.781686504,5,False,False,False,False,False,False,False,False,False,False,False,False,False,False,False,False,False,False,False,False,False,False,False,False,False,False,False,False,False,False,False,False,False,False,False,False,True,False
10.29,5.0,2.0,32.0,4.0,2000.0,142.0,961,3.616577542,5,False,False,False,False,False,False,False,False,False,False,False,False,False,False,False,False,False,False,False,False,False,False,False,False,False,False,False,False,False,False,False,False,False,False,False,False,False,False
12.83,8.0,8.0,32.0,4.0,4000.0,165.0,942,4.556295018,5,False,False,False,False,False,False,False,False,False,False,False,False,False,False,False,False,False,False,False,False,False,False,False,False,False,False,False,False,False,False,False,False,False,False,False,False,True,False
12.7,8.0,8.0,32.0,4.0,2420.0,145.0,874,4.354141431,5,False,False,False,False,False,False,False,False,False,False,False,False,False,False,False,False,False,False,False,False,False,False,False,False,False,False,False,False,False,False,False,False,False,False,False,False,True,False
12.7,13.0,5.0,32.0,4.0,2300.0,110.0,592,4.488524004,5,False,False,False,False,False,False,False,False,False,False,False,False,False,False,False,False,False,False,False,False,False,False,False,False,False,False,False,False,False,False,False,False,False,False,False,False,True,False
12.7,8.0,2.0,32.0,4.0,2000.0,118.0,934,3.721104601,5,False,False,False,False,False,False,False,False,False,False,False,False,False,False,False,False,False,False,False,False,False,False,False,False,False,False,False,False,False,False,False,False,False,False,False,False,False,False
10.16,5.0,2.0,32.0,4.0,1300.0,120.0,603,3.89914038,5,False,False,False,False,False,False,False,False,False,False,False,False,False,False,False,False,False,False,False,False,False,False,False,False,False,False,False,False,False,False,False,False,False,False,False,False,False,False
10.16,5.0,2.0,16.0,4.0,1300.0,119.0,697,3.755369195,5,False,False,False,False,False,False,False,False,False,False,False,False,False,False,False,False,False,False,False,False,False,False,False,False,False,False,False,False,False,False,False,False,False,False,True,False,False,False
10.29,5.0,2.0,32.0,4.0,2000.0,145.0,1044,3.642049867,5,False,False,False,False,False,False,False,False,False,False,False,False,False,False,False,False,False,False,False,False,False,False,False,False,False,False,False,False,False,False,False,False,False,False,False,False,True,False
12.7,13.0,5.0,16.0,4.0,2300.0,116.0,579,4.028916757,6,False,False,False,False,False,False,False,False,False,False,False,False,False,False,False,False,False,False,False,False,False,False,False,False,False,False,False,False,False,False,False,False,False,False,False,False,True,False
12.7,8.0,2.0,16.0,4.0,2000.0,150.0,569,4.348728349,6,False,False,False,False,False,False,False,False,False,False,False,False,False,False,False,False,False,False,False,False,False,False,False,False,False,False,False,False,False,False,False,False,False,False,False,False,False,False
12.88,13.0,2.0,16.0,4.0,2700.0,164.0,723,4.342375829,6,False,False,False,False,False,False,False,False,False,False,False,False,False,False,False,False,False,False,False,False,False,False,False,False,False,False,False,False,False,False,False,False,False,False,False,False,True,False
12.7,13.0,2.0,32.0,4.0,2100.0,110.0,899,4.154969184,6,False,False,False,False,False,False,False,False,False,False,False,False,False,False,False,False,False,False,False,False,False,False,False,False,False,False,False,False,False,False,False,False,False,False,False,False,False,False
12.7,8.0,2.0,16.0,4.0,3500.0,155.0,886,4.405010471,6,False,False,False,False,False,False,False,False,False,False,False,False,False,False,False,False,False,False,False,False,False,False,False,False,False,False,False,False,False,False,False,False,False,False,False,False,False,False
12.7,8.0,2.0,16.0,4.0,2500.0,155.0,936,4.49903159,6,False,False,False,False,False,False,False,False,False,False,False,False,False,False,False,False,False,False,False,False,False,False,False,False,False,False,False,False,False,False,False,False,False,False,False,False,True,False
10.16,2.0,2.0,16.0,4.0,1300.0,130.0,685,3.840312158,6,False,False,False,False,False,False,False,False,False,False,False,False,False,False,False,False,False,False,False,False,False,False,False,False,False,False,False,False,False,False,False,False,False,False,False,False,False,False
17.78,2.0,0.3,16.0,4.0,3400.0,298.0,920,4.094344562,6,False,False,False,False,False,False,False,False,False,False,False,False,False,False,False,False,False,False,False,False,False,False,False,False,False,False,False,False,False,False,False,False,False,False,False,False,False,False
17.78,5.0,0.3,16.0,4.0,3400.0,298.0,1007,4.063369758,6,False,False,False,False,False,False,False,False,False,False,False,False,False,False,False,False,False,False,False,False,False,False,False,False,False,False,False,False,False,False,False,False,False,False,False,False,False,False
17.78,5.0,0.3,32.0,4.0,3700.0,159.5,724,4.065945088,6,False,False,False,False,False,False,False,False,False,False,False,False,False,False,False,False,False,False,False,False,False,False,False,False,False,False,False,False,False,False,False,False,False,False,False,False,False,False
10.34,13.0,2.0,16.0,4.0,2500.0,134.0,642,4.294424174,6,False,False,False,False,False,False,False,False,False,False,False,False,False,False,False,False,False,False,False,False,False,False,False,False,False,False,False,False,False,False,False,False,False,False,False,False,False,False
10.16,5.0,1.3,16.0,4.0,1630.0,122.0,719,3.63758616,6,False,False,False,False,False,False,False,False,False,False,False,False,False,False,False,False,False,False,False,False,False,False,False,False,False,False,False,False,False,False,False,False,False,False,False,False,False,False
17.78,0.3,2.0,16.0,4.0,2955.0,323.0,1082,4.405254761,6,False,False,False,False,False,False,False,False,False,False,False,False,False,False,False,False,False,False,False,False,False,False,False,False,False,False,False,False,False,False,False,False,False,False,False,False,False,False
17.78,0.3,2.0,32.0,4.0,2955.0,315.0,690,4.040943785,6,False,False,False,False,False,False,False,False,False,False,False,False,False,False,False,False,False,False,False,False,False,False,False,False,False,False,False,False,False,False,False,False,False,False,False,False,False,False
12.7,5.0,0.3,16.0,4.0,2000.0,150.0,1015,3.470723444,6,False,False,False,False,False,False,False,False,False,False,False,False,False,False,False,False,False,False,False,False,False,False,False,False,False,False,False,False,False,False,False,False,False,False,False,False,False,False
15.24,13.0,2.0,16.0,4.0,3300.0,229.0,635,4.631617356,7,False,False,False,False,False,False,False,False,False,False,False,False,False,False,False,False,False,False,False,False,False,False,False,False,False,False,False,False,False,False,False,False,False,False,False,False,True,False
7.75,3.15,0.3,16.0,4.0,1500.0,120.0,901,3.041661205,7,False,False,False,False,False,False,False,False,False,False,False,False,False,False,False,False,False,False,False,False,False,False,False,False,False,False,False,False,False,False,False,False,False,False,False,False,False,False
12.88,8.0,2.0,32.0,4.0,2400.0,195.0,946,4.060270582,7,False,False,False,False,False,False,False,False,False,False,False,False,False,False,False,False,False,False,False,False,False,False,False,False,False,False,False,False,False,False,False,False,False,False,False,False,False,False
10.29,8.0,2.0,16.0,4.0,2000.0,140.0,562,4.254193263,7,False,False,False,False,False,False,False,False,False,False,False,False,False,False,False,False,False,False,False,False,False,False,False,False,False,False,False,False,False,False,False,False,False,False,False,False,False,False
7.75,3.0,0.3,16.0,4.0,1300.0,110.0,942,3.485844856,7,False,False,False,False,False,False,False,False,False,False,False,False,False,False,False,False,False,False,False,False,False,False,False,False,False,False,False,False,False,False,False,False,False,False,False,False,False,False
10.24,8.0,0.3,16.0,4.0,2000.0,140.0,761,4.343805422,7,False,False,False,False,False,False,False,False,False,False,False,False,False,False,False,False,False,False,False,False,False,False,False,False,False,False,False,False,False,False,False,False,False,False,False,False,False,False
10.29,5.0,0.3,16.0,4.0,1760.0,130.0,825,3.757238792,7,False,False,False,False,False,False,False,False,False,False,False,False,False,False,False,False,False,False,False,False,False,False,False,False,False,False,False,False,False,False,False,False,False,False,False,False,False,False
17.78,0.3,0.3,32.0,4.0,2640.0,339.9,558,4.126004715,7,False,False,False,False,False,False,False,False,False,False,False,False,False,False,False,False,False,False,False,False,False,False,False,False,False,False,False,False,False,False,False,False,False,False,False,False,False,False
17.78,0.3,0.3,32.0,4.0,2710.0,320.0,592,4.291965156,7,False,False,False,False,False,False,False,False,False,False,False,False,False,False,False,False,False,False,False,False,False,False,False,False,False,False,False,False,False,False,False,False,False,False,False,False,False,False
12.83,5.0,5.0,16.0,4.0,3230.0,130.0,302,3.832763324,1,True,False,False,False,False,False,False,False,False,False,False,False,False,False,False,False,False,False,False,False,False,False,False,False,False,False,False,False,False,False,False,False,False,False,False,False,True,False
12.7,5.0,2.0,32.0,4.0,3230.0,148.0,211,3.997650091,1,True,False,False,False,False,False,False,False,False,False,False,False,False,False,False,False,False,False,False,False,False,False,False,False,False,False,False,False,False,False,False,False,False,False,False,False,False,False
15.29,8.0,8.0,32.0,4.0,4000.0,158.0,670,4.065945088,2,True,False,False,False,False,False,False,False,False,False,False,False,False,False,False,False,False,False,False,False,False,False,False,False,False,False,False,False,False,False,False,False,False,False,False,False,False,False
12.88,12.0,5.0,32.0,4.0,3000.0,144.0,591,4.721885986,2,True,False,False,False,False,False,False,False,False,False,False,False,False,False,False,False,False,False,False,False,False,False,False,False,False,False,False,False,False,False,False,False,False,False,False,False,True,False
15.24,8.0,5.0,16.0,4.0,3000.0,155.0,586,3.952588967,2,True,False,False,False,False,False,False,False,False,False,False,False,False,False,False,False,False,False,False,False,False,False,False,False,False,False,False,False,False,False,False,False,False,False,False,False,True,False
12.83,13.0,5.0,16.0,4.0,3000.0,145.0,538,4.537961436,2,True,False,False,False,False,False,False,False,False,False,False,False,False,False,False,False,False,False,False,False,False,False,False,False,False,False,False,False,False,False,False,False,False,False,False,False,True,False
12.78,8.0,5.0,16.0,4.0,3000.0,151.0,600,4.105119635,2,True,False,False,False,False,False,False,False,False,False,False,False,False,False,False,False,False,False,False,False,False,False,False,False,False,False,False,False,False,False,False,False,False,False,False,False,True,False
15.24,8.0,5.0,16.0,4.0,3000.0,169.0,707,4.428074948,2,True,False,False,False,False,False,False,False,False,False,False,False,False,False,False,False,False,False,False,False,False,False,False,False,False,False,False,False,False,False,False,False,False,False,False,False,True,False
17.78,2.0,0.3,32.0,4.0,2580.0,245.0,564,4.013857311,2,True,False,False,False,False,False,False,False,False,False,False,False,False,False,False,False,False,False,False,False,False,False,False,False,False,False,False,False,False,False,False,False,False,False,False,False,False,False
12.75,12.0,8.0,32.0,4.0,2850.0,147.0,716,4.560800238,3,True,False,False,False,False,False,False,False,False,False,False,False,False,False,False,False,False,False,False,False,False,False,False,False,False,False,False,False,False,False,False,False,False,False,False,False,True,False
12.75,13.0,5.0,16.0,4.0,2800.0,155.0,751,4.284689402,3,True,False,False,False,False,False,False,False,False,False,False,False,False,False,False,False,False,False,False,False,False,False,False,False,False,False,False,False,False,False,False,False,False,False,False,False,True,False
15.24,12.0,5.0,32.0,4.0,4000.0,175.0,823,4.6404408,3,True,False,False,False,False,False,False,False,False,False,False,False,False,False,False,False,False,False,False,False,False,False,False,False,False,False,False,False,False,False,False,False,False,False,False,False,True,False
12.83,16.0,8.0,32.0,4.0,4000.0,164.0,839,4.651767471,3,True,False,False,False,False,False,False,False,False,False,False,False,False,False,False,False,False,False,False,False,False,False,False,False,False,False,False,False,False,False,False,False,False,False,False,False,True,False
12.7,5.0,2.0,32.0,4.0,2050.0,159.5,687,3.934371409,3,True,False,False,False,False,False,False,False,False,False,False,False,False,False,False,False,False,False,False,False,False,False,False,False,False,False,False,False,False,False,False,False,False,False,False,False,True,False
12.75,8.0,5.0,32.0,4.0,2800.0,159.5,619,4.410614092,3,True,False,False,False,False,False,False,False,False,False,False,False,False,False,False,False,False,False,False,False,False,False,False,False,False,False,False,False,False,False,False,False,False,False,False,False,True,False
12.7,13.0,5.0,16.0,4.0,2460.0,159.5,866,4.371218436,3,True,False,False,False,False,False,False,False,False,False,False,False,False,False,False,False,False,False,False,False,False,False,False,False,False,False,False,False,False,False,False,False,False,False,False,False,True,False
15.24,8.0,5.0,32.0,4.0,3000.0,159.5,884,4.543720224,3,True,False,False,False,False,False,False,False,False,False,False,False,False,False,False,False,False,False,False,False,False,False,False,False,False,False,False,False,False,False,False,False,False,False,False,False,True,False
12.7,13.0,5.0,16.0,4.0,2460.0,156.0,754,4.07973841,4,True,False,False,False,False,False,False,False,False,False,False,False,False,False,False,False,False,False,False,False,False,False,False,False,False,False,False,False,False,False,False,False,False,False,False,False,True,False
12.83,8.0,5.0,16.0,4.0,2500.0,163.9,1063,3.998567607,4,True,False,False,False,False,False,False,False,False,False,False,False,False,False,False,False,False,False,False,False,False,False,False,False,False,False,False,False,False,False,False,False,False,False,False,False,True,False
12.7,13.0,5.0,16.0,4.0,2150.0,140.0,769,4.632396172,5,True,False,False,False,False,False,False,False,False,False,False,False,False,False,False,False,False,False,False,False,False,False,False,False,False,False,False,False,False,False,False,False,False,False,False,False,True,False
12.7,8.0,5.0,32.0,4.0,2000.0,148.0,989,3.013572192,4,True,False,False,False,False,False,False,False,False,False,False,False,False,False,False,False,False,False,False,False,False,False,False,False,False,False,False,False,False,False,False,False,False,False,False,False,False,False
12.83,13.0,5.0,32.0,4.0,3000.0,159.95,811,4.332442405,4,True,False,False,False,False,False,False,False,False,False,False,False,False,False,False,False,False,False,False,False,False,False,False,False,False,False,False,False,False,False,False,False,False,False,False,False,True,False
12.83,13.0,5.0,16.0,4.0,2960.0,159.95,911,4.390118805,4,True,False,False,False,False,False,False,False,False,False,False,False,False,False,False,False,False,False,False,False,False,False,False,False,False,False,False,False,False,False,False,False,False,False,False,False,True,False
12.83,8.0,5.0,16.0,4.0,2500.0,159.95,987,4.026422546,4,True,False,False,False,False,False,False,False,False,False,False,False,False,False,False,False,False,False,False,False,False,False,False,False,False,False,False,False,False,False,False,False,False,False,False,False,True,False
12.7,8.0,5.0,32.0,4.0,2500.0,159.95,649,3.999484281,4,True,False,False,False,False,False,False,False,False,False,False,False,False,False,False,False,False,False,False,False,False,False,False,False,False,False,False,False,False,False,False,False,False,False,False,False,True,False
12.83,16.0,8.0,32.0,4.0,3000.0,149.0,1006,4.555664766,4,True,False,False,False,False,False,False,False,False,False,False,False,False,False,False,False,False,False,False,False,False,False,False,False,False,False,False,False,False,False,False,False,False,False,False,False,True,False
12.75,13.0,8.0,16.0,4.0,2610.0,135.0,708,4.351180755,4,True,False,False,False,False,False,False,False,False,False,False,False,False,False,False,False,False,False,False,False,False,False,False,False,False,False,False,False,False,False,False,False,False,False,False,False,True,False
17.78,2.0,0.3,32.0,4.0,2580.0,159.95,813,3.850360345,4,True,False,False,False,False,False,False,False,False,False,False,False,False,False,False,False,False,False,False,False,False,False,False,False,False,False,False,False,False,False,False,False,False,False,False,False,False,False
15.24,13.0,8.0,32.0,4.0,2580.0,179.0,770,4.268717949,4,True,False,False,False,False,False,False,False,False,False,False,False,False,False,False,False,False,False,False,False,False,False,False,False,False,False,False,False,False,False,False,False,False,False,False,False,False,False
15.24,8.0,5.0,32.0,4.0,2580.0,159.95,780,4.35850209,4,True,False,False,False,False,False,False,False,False,False,False,False,False,False,False,False,False,False,False,False,False,False,False,False,False,False,False,False,False,False,False,False,False,False,False,False,True,False
10.16,2.0,0.3,16.0,4.0,1500.0,159.95,893,3.674526948,4,True,False,False,False,False,False,False,False,False,False,False,False,False,False,False,False,False,False,False,False,False,False,False,False,False,False,False,False,False,False,False,False,False,False,False,False,False,False
12.83,5.0,2.0,32.0,4.0,2580.0,174.0,622,4.138999203,4,True,False,False,False,False,False,False,False,False,False,False,False,False,False,False,False,False,False,False,False,False,False,False,False,False,False,False,False,False,False,False,False,False,False,False,False,True,False
12.83,8.0,2.0,16.0,4.0,2500.0,173.0,1040,4.129550818,5,True,False,False,False,False,False,False,False,False,False,False,False,False,False,False,False,False,False,False,False,False,False,False,False,False,False,False,False,False,False,False,False,False,False,False,False,True,False
12.7,13.0,5.0,16.0,4.0,3000.0,140.0,566,4.288539792,5,True,False,False,False,False,False,False,False,False,False,False,False,False,False,False,False,False,False,False,False,False,False,False,False,False,False,False,False,False,False,False,False,False,False,False,False,True,False
12.83,13.0,8.0,16.0,4.0,3500.0,147.0,1041,4.475744639,5,True,False,False,False,False,False,False,False,False,False,False,False,False,False,False,False,False,False,False,False,False,False,False,False,False,False,False,False,False,False,False,False,False,False,False,False,True,False
10.29,5.0,0.3,16.0,4.0,2000.0,144.9,562,3.955465563,5,True,False,False,False,False,False,False,False,False,False,False,False,False,False,False,False,False,False,False,False,False,False,False,False,False,False,False,False,False,False,False,False,False,False,False,False,True,False
12.83,13.0,8.0,16.0,4.0,2910.0,141.0,1073,4.261552481,5,True,False,False,False,False,False,False,False,False,False,False,False,False,False,False,False,False,False,False,False,False,False,False,False,False,False,False,False,False,False,False,False,False,False,False,False,True,False
10.34,13.0,5.0,32.0,4.0,2000.0,110.0,736,4.577593418,5,True,False,False,False,False,False,False,False,False,False,False,False,False,False,False,False,False,False,False,False,False,False,False,False,False,False,False,False,False,False,False,False,False,False,False,False,True,False
12.83,5.0,2.0,32.0,4.0,2800.0,142.95,658,4.135806352,5,True,False,False,False,False,False,False,False,False,False,False,False,False,False,False,False,False,False,False,False,False,False,False,False,False,False,False,False,False,False,False,False,False,False,False,False,True,False
17.78,2.0,0.3,16.0,4.0,2820.0,260.0,893,4.244917421,5,True,False,False,False,False,False,False,False,False,False,False,False,False,False,False,False,False,False,False,False,False,False,False,False,False,False,False,False,False,False,False,False,False,False,False,False,True,False
17.78,2.0,0.3,16.0,4.0,2820.0,260.0,917,4.097340071,5,True,False,False,False,False,False,False,False,False,False,False,False,False,False,False,False,False,False,False,False,False,False,False,False,False,False,False,False,False,False,False,False,False,False,False,False,False,False
17.78,2.0,0.3,16.0,4.0,2820.0,260.0,976,3.974246349,5,True,False,False,False,False,False,False,False,False,False,False,False,False,False,False,False,False,False,False,False,False,False,False,False,False,False,False,False,False,False,False,False,False,False,False,False,False,False
12.7,5.0,2.0,16.0,4.0,2820.0,142.95,732,3.961955374,5,True,False,False,False,False,False,False,False,False,False,False,False,False,False,False,False,False,False,False,False,False,False,False,False,False,False,False,False,False,False,False,False,False,False,False,False,True,False
10.29,5.0,0.3,16.0,4.0,2820.0,125.0,629,3.341801172,5,True,False,False,False,False,False,False,False,False,False,False,False,False,False,False,False,False,False,False,False,False,False,False,False,False,False,False,False,False,False,False,False,False,False,False,False,True,False
10.16,2.0,0.3,16.0,4.0,2820.0,110.0,1092,3.021887231,5,True,False,False,False,False,False,False,False,False,False,False,False,False,False,False,False,False,False,False,False,False,False,False,False,False,False,False,False,False,False,False,False,False,False,False,False,True,False
7.75,2.0,0.3,512.0,0.25,2820.0,98.0,786,2.863343086,5,True,False,False,False,False,False,False,False,False,False,False,False,False,False,False,False,False,False,False,False,False,False,False,False,False,False,False,False,False,False,False,False,False,True,False,False,False,False
10.16,5.0,0.3,16.0,4.0,1400.0,114.0,829,3.927699485,6,True,False,False,False,False,False,False,False,False,False,False,False,False,False,False,False,False,False,False,False,False,False,False,False,False,False,False,False,False,False,False,False,False,False,False,False,False,False
7.75,2.0,0.3,16.0,4.0,1300.0,101.0,803,3.539508997,6,True,False,False,False,False,False,False,False,False,False,False,False,False,False,False,False,False,False,False,False,False,False,False,False,False,False,False,False,False,False,False,False,False,False,False,False,False,False
12.7,5.0,0.3,16.0,4.0,2000.0,149.0,702,3.586292865,6,True,False,False,False,False,False,False,False,False,False,False,False,False,False,False,False,False,False,False,False,False,False,False,False,False,False,False,False,False,False,False,False,False,False,False,False,False,False
7.75,1.3,0.3,256.0,0.25,1000.0,93.0,672,2.506341931,6,True,False,False,False,False,False,False,False,False,False,False,False,False,False,False,False,False,False,False,False,False,False,False,False,False,False,False,False,False,False,False,False,False,True,False,False,False,False
10.29,5.0,0.3,32.0,4.0,2000.0,147.0,929,3.90499839,6,True,False,False,False,False,False,False,False,False,False,False,False,False,False,False,False,False,False,False,False,False,False,False,False,False,False,False,False,False,False,False,False,False,False,False,False,True,False
10.29,5.0,0.3,32.0,4.0,2000.0,147.0,658,4.160912273,6,True,False,False,False,False,False,False,False,False,False,False,False,False,False,False,False,False,False,False,False,False,False,False,False,False,False,False,False,False,False,False,False,False,False,False,False,True,False
12.7,5.0,0.3,16.0,4.0,2000.0,149.1,718,3.927305629,6,True,False,False,False,False,False,False,False,False,False,False,False,False,False,False,False,False,False,False,False,False,False,False,False,False,False,False,False,False,False,False,False,False,False,False,False,False,False
10.16,5.0,0.3,16.0,4.0,1400.0,121.1,969,3.645449896,6,True,False,False,False,False,False,False,False,False,False,False,False,False,False,False,False,False,False,False,False,False,False,False,False,False,False,False,False,False,False,False,False,False,False,False,False,False,False
15.24,13.1,5.0,16.0,4.0,3100.0,175.0,654,4.536248741,6,True,False,False,False,False,False,False,False,False,False,False,False,False,False,False,False,False,False,False,False,False,False,False,False,False,False,False,False,False,False,False,False,False,False,False,False,True,False
7.75,2.0,0.3,16.0,4.0,1300.0,100.0,921,2.779440197,6,True,False,False,False,False,False,False,False,False,False,False,False,False,False,False,False,False,False,False,False,False,False,False,False,False,False,False,False,False,False,False,False,False,False,False,False,False,False
10.29,5.0,0.3,16.0,4.0,1800.0,150.0,632,3.921775297,6,True,False,False,False,False,False,False,False,False,False,False,False,False,False,False,False,False,False,False,False,False,False,False,False,False,False,False,False,False,False,False,False,False,False,False,False,False,False
10.16,3.15,0.3,16.0,4.0,1300.0,116.0,867,3.385745277,6,True,False,False,False,False,False,False,False,False,False,False,False,False,False,False,False,False,False,False,False,False,False,False,False,False,False,False,False,False,False,False,False,False,False,False,False,False,False
5.28,3.15,0.3,16.0,4.0,750.0,98.0,1029,3.314549575,6,True,False,False,False,False,False,False,False,False,False,False,False,False,False,False,False,False,False,False,False,False,False,False,False,False,False,False,False,False,False,False,False,False,True,False,False,False,False
5.18,2.0,0.3,128.0,0.25,750.0,95.0,787,3.601413428,6,True,False,False,False,False,False,False,False,False,False,False,False,False,False,False,False,False,False,False,False,False,False,False,False,False,False,False,False,False,False,False,False,False,True,False,False,False,False
5.18,0.3,0.3,16.0,0.25,850.0,77.9,809,1.617406082,6,True,False,False,False,False,False,False,False,False,False,False,False,False,False,False,False,False,False,False,False,False,False,False,False,False,False,False,False,False,False,False,False,False,True,False,False,False,False
5.18,2.0,0.3,128.0,4.0,850.0,85.0,656,2.335052283,6,True,False,False,False,False,False,False,False,False,False,False,False,False,False,False,False,False,False,False,False,False,False,False,False,False,False,False,False,False,False,False,False,False,True,False,False,False,False
12.93,8.0,2.0,32.0,4.0,3400.0,182.0,578,4.742755849,6,True,False,False,False,False,False,False,False,False,False,False,False,False,False,False,False,False,False,False,False,False,False,False,False,False,False,False,False,False,False,False,False,False,False,False,False,True,False
12.7,5.0,0.3,16.0,4.0,3000.0,162.0,753,4.162781724,6,True,False,False,False,False,False,False,False,False,False,False,False,False,False,False,False,False,False,False,False,False,False,False,False,False,False,False,False,False,False,False,False,False,False,False,False,True,False
10.16,5.0,0.3,16.0,4.0,2000.0,130.0,951,3.56671182,6,True,False,False,False,False,False,False,False,False,False,False,False,False,False,False,False,False,False,False,False,False,False,False,False,False,False,False,False,False,False,False,False,False,False,False,False,True,False
17.78,0.3,0.3,16.0,4.0,2000.0,285.0,701,3.994708372,6,True,False,False,False,False,False,False,False,False,False,False,False,False,False,False,False,False,False,False,False,False,False,False,False,False,False,False,False,False,False,False,False,False,True,False,False,False,False
10.29,5.0,0.3,16.0,4.0,1700.0,103.0,955,3.268808194,6,True,False,False,False,False,False,False,False,False,False,False,False,False,False,False,False,False,False,False,False,False,False,False,False,False,False,False,False,False,False,False,False,False,True,False,False,False,False
7.75,0.3,0.3,16.0,4.0,1300.0,100.0,785,3.02431973,6,True,False,False,False,False,False,False,False,False,False,False,False,False,False,False,False,False,False,False,False,False,False,False,False,False,False,False,False,False,False,False,False,False,True,False,False,False,False
12.7,8.0,1.3,32.0,4.0,2150.0,126.0,653,4.411706789,6,True,False,False,False,False,False,False,False,False,False,False,False,False,False,False,False,False,False,False,False,False,False,False,False,False,False,False,False,False,False,False,False,False,False,False,False,True,False
12.7,8.0,2.0,32.0,4.0,2000.0,128.0,834,3.943134,6,True,False,False,False,False,False,False,False,False,False,False,False,False,False,False,False,False,False,False,False,False,False,False,False,False,False,False,False,False,False,False,False,False,False,False,False,False,False
10.29,8.0,2.0,16.0,4.0,2000.0,116.0,568,4.222884351,6,True,False,False,False,False,False,False,False,False,False,False,False,False,False,False,False,False,False,False,False,False,False,False,False,False,False,False,False,False,False,False,False,False,False,False,False,True,False
10.29,8.0,0.3,16.0,4.0,1700.0,110.0,571,3.998384171,6,True,False,False,False,False,False,False,False,False,False,False,False,False,False,False,False,False,False,False,False,False,False,False,False,False,False,False,False,False,False,False,False,False,False,False,False,False,False
5.18,2.0,0.3,16.0,4.0,1000.0,89.0,606,2.83085763,7,True,False,False,False,False,False,False,False,False,False,False,False,False,False,False,False,False,False,False,False,False,False,False,False,False,False,False,False,False,False,False,False,False,True,False,False,False,False
12.7,13.1,2.0,16.0,4.0,2500.0,125.0,540,4.004055091,6,True,False,False,False,False,False,False,False,False,False,False,False,False,False,False,False,False,False,False,False,False,False,False,False,False,False,False,False,False,False,False,False,False,False,False,False,False,False
12.83,8.0,2.0,16.0,4.0,2500.0,189.0,906,4.234251422,6,True,False,False,False,False,False,False,False,False,False,False,False,False,False,False,False,False,False,False,False,False,False,False,False,False,False,False,False,False,False,False,False,False,False,False,False,False,False
10.29,5.0,0.3,16.0,4.0,1800.0,130.0,967,3.715277928,7,True,False,False,False,False,False,False,False,False,False,False,False,False,False,False,False,False,False,False,False,False,False,False,False,False,False,False,False,False,False,False,False,False,False,False,False,False,False
10.16,5.0,0.3,16.0,4.0,1400.0,136.5,904,3.711618941,7,True,False,False,False,False,False,False,False,False,False,False,False,False,False,False,False,False,False,False,False,False,False,False,False,False,False,False,False,False,False,False,False,False,False,False,False,False,False
12.7,5.0,0.3,16.0,4.0,1800.0,162.0,684,3.912422925,7,True,False,False,False,False,False,False,False,False,False,False,False,False,False,False,False,False,False,False,False,False,False,False,False,False,False,False,False,False,False,False,False,False,False,False,False,False,False
10.29,5.0,0.3,16.0,4.0,1800.0,157.0,921,3.937495801,7,True,False,False,False,False,False,False,False,False,False,False,False,False,False,False,False,False,False,False,False,False,False,False,False,False,False,False,False,False,False,False,False,False,False,False,False,False,False
10.16,5.0,0.3,16.0,4.0,1300.0,110.0,764,3.557346064,7,True,False,False,False,False,False,False,False,False,False,False,False,False,False,False,False,False,False,False,False,False,False,False,False,False,False,False,False,False,False,False,False,False,False,False,False,False,False
7.75,2.0,0.3,16.0,4.0,1300.0,100.0,837,3.215670694,7,True,False,False,False,False,False,False,False,False,False,False,False,False,False,False,False,False,False,False,False,False,False,False,False,False,False,False,False,False,False,False,False,False,False,False,False,False,False
10.34,13.0,1.3,16.0,4.0,2000.0,117.4,692,4.793805105,7,True,False,False,False,False,False,False,False,False,False,False,False,False,False,False,False,False,False,False,False,False,False,False,False,False,False,False,False,False,False,False,False,False,False,False,False,False,False
15.24,13.0,2.0,32.0,4.0,3400.0,177.6,817,4.55744945,7,True,False,False,False,False,False,False,False,False,False,False,False,False,False,False,False,False,False,False,False,False,False,False,False,False,False,False,False,False,False,False,False,False,False,False,False,False,False
10.34,8.0,1.3,16.0,4.0,2000.0,110.0,586,3.643620548,7,True,False,False,False,False,False,False,False,False,False,False,False,False,False,False,False,False,False,False,False,False,False,False,False,False,False,False,False,False,False,False,False,False,False,False,False,True,False
10.24,5.0,0.3,16.0,4.0,1700.0,96.0,831,3.156148995,7,True,False,False,False,False,False,False,False,False,False,False,False,False,False,False,False,False,False,False,False,False,False,False,False,False,False,False,False,False,False,False,False,False,False,False,False,False,False
7.75,2.0,0.3,512.0,0.25,1300.0,118.0,858,2.842581094,7,True,False,False,False,False,False,False,False,False,False,False,False,False,False,False,False,False,False,False,False,False,False,False,False,False,False,False,False,False,False,False,False,False,False,False,False,False,False
12.7,13.1,2.1,32.0,4.0,2000.0,130.0,608,4.674696249,7,True,False,False,False,False,False,False,False,False,False,False,False,False,False,False,False,False,False,False,False,False,False,False,False,False,False,False,False,False,False,False,False,False,False,False,False,False,False
7.75,3.15,0.3,16.0,0.25,1400.0,108.0,858,3.526654599,7,True,False,False,False,False,False,False,False,False,False,False,False,False,False,False,False,False,False,False,False,False,False,False,False,False,False,False,False,False,False,False,False,False,True,False,False,False,False
10.16,5.0,0.3,16.0,4.0,1500.0,119.5,1084,3.609294975,7,True,False,False,False,False,False,False,False,False,False,False,False,False,False,False,False,False,False,False,False,False,False,False,False,False,False,False,False,False,False,False,False,False,False,False,False,False,False
12.7,5.0,0.3,16.0,4.0,2500.0,163.0,789,3.667144962,7,True,False,False,False,False,False,False,False,False,False,False,False,False,False,False,False,False,False,False,False,False,False,False,False,False,False,False,False,False,False,False,False,False,False,False,False,False,False
11.81,8.0,1.3,16.0,4.0,1800.0,115.0,585,3.54702783,7,True,False,False,False,False,False,False,False,False,False,False,False,False,False,False,False,False,False,False,False,False,False,False,False,False,False,False,False,False,False,False,False,False,False,False,False,False,False
11.84,8.0,2.0,16.0,4.0,1800.0,109.0,898,3.996731733,7,True,False,False,False,False,False,False,False,False,False,False,False,False,False,False,False,False,False,False,False,False,False,False,False,False,False,False,False,False,False,False,False,False,False,False,False,False,False
7.75,2.0,0.3,512.0,0.25,1400.0,118.0,911,3.63968921,7,True,False,False,False,False,False,False,False,False,False,False,False,False,False,False,False,False,False,False,False,False,False,False,False,False,False,False,False,False,False,False,False,False,False,False,False,False,False
7.75,3.15,0.3,16.0,4.0,1400.0,122.0,597,3.387774361,7,True,False,False,False,False,False,False,False,False,False,False,False,False,False,False,False,False,False,False,False,False,False,False,False,False,False,False,False,False,False,False,False,False,False,False,False,False,False
10.16,5.0,0.3,16.0,4.0,1400.0,136.5,900,3.756538103,7,True,False,False,False,False,False,False,False,False,False,False,False,False,False,False,False,False,False,False,False,False,False,False,False,False,False,False,False,False,False,False,False,False,False,False,False,False,False
10.29,5.0,0.3,16.0,4.0,1800.0,139.0,573,4.123093976,7,True,False,False,False,False,False,False,False,False,False,False,False,False,False,False,False,False,False,False,False,False,False,False,False,False,False,False,False,False,False,False,False,False,False,False,False,False,False
12.7,8.0,1.3,16.0,4.0,2500.0,135.0,1042,4.234541193,7,True,False,False,False,False,False,False,False,False,False,False,False,False,False,False,False,False,False,False,False,False,False,False,False,False,False,False,False,False,False,False,False,False,False,False,False,True,False
12.7,12.0,1.0,16.0,4.0,2500.0,130.0,733,4.812997033,7,True,False,False,False,False,False,False,False,False,False,False,False,False,False,False,False,False,False,False,False,False,False,False,False,False,False,False,False,False,False,False,False,False,False,False,False,False,False
12.7,8.0,0.3,16.0,4.0,2500.0,135.0,847,4.365643155,7,True,False,False,False,False,False,False,False,False,False,False,False,False,False,False,False,False,False,False,False,False,False,False,False,False,False,False,False,False,False,False,False,False,False,False,False,False,False
15.29,12.0,8.0,32.0,4.0,4000.0,168.0,396,4.491441421,2,False,False,False,False,False,False,False,False,False,False,False,False,False,False,False,False,False,False,False,False,False,False,False,True,False,False,False,False,False,False,False,False,False,False,False,False,True,False
15.29,12.0,16.0,32.0,4.0,3000.0,210.0,616,4.930870326,2,False,False,False,False,False,False,False,False,False,False,False,False,False,False,False,False,False,False,False,False,False,False,False,True,False,False,False,False,False,False,False,False,False,False,False,False,True,False
15.24,13.0,13.0,64.0,4.0,3050.0,156.0,681,5.185540529,3,False,False,False,False,False,False,False,False,False,False,False,False,False,False,False,False,False,False,False,False,False,False,False,True,False,False,False,False,False,False,False,False,False,False,False,False,True,False
12.83,13.0,13.0,32.0,4.0,3000.0,143.6,492,4.829273277,2,False,False,False,False,False,False,False,False,False,False,False,False,False,False,False,False,False,False,False,False,False,False,False,True,False,False,False,False,False,False,False,False,False,False,False,False,True,False
12.7,8.0,8.0,16.0,4.0,2500.0,145.0,683,4.050044303,3,False,False,False,False,False,False,False,False,False,False,False,False,False,False,False,False,False,False,False,False,False,False,False,True,False,False,False,False,False,False,False,False,False,False,False,False,True,False
12.83,13.0,13.0,64.0,4.0,3000.0,167.5,825,5.181839728,3,False,False,False,False,False,False,False,False,False,False,False,False,False,False,False,False,False,False,False,False,False,False,False,True,False,False,False,False,False,False,False,False,False,False,False,False,True,False
12.83,16.0,8.0,64.0,4.0,3000.0,144.0,601,4.863758098,4,False,False,False,False,False,False,False,False,False,False,False,False,False,False,False,False,False,False,False,False,False,False,False,True,False,False,False,False,False,False,False,False,False,False,False,False,True,False
15.24,13.0,5.0,64.0,4.0,5020.0,209.8,636,4.617395156,4,False,False,False,False,False,False,False,False,False,False,False,False,False,False,False,False,False,False,False,False,False,False,False,True,False,False,False,False,False,False,False,False,False,False,False,False,True,False
12.83,13.0,5.0,32.0,4.0,3150.0,147.6,1046,4.534425781,4,False,False,False,False,False,False,False,False,False,False,False,False,False,False,False,False,False,False,False,False,False,False,False,True,False,False,False,False,False,False,False,False,False,False,False,False,True,False
12.7,13.0,5.0,16.0,4.0,2350.0,128.0,725,4.628984364,5,False,False,False,False,False,False,False,False,False,False,False,False,False,False,False,False,False,False,False,False,False,False,False,True,False,False,False,False,False,False,False,False,False,False,False,False,True,False
12.7,13.0,5.0,16.0,4.0,2350.0,128.0,636,4.323205074,5,False,False,False,False,False,False,False,False,False,False,False,False,False,False,False,False,False,False,False,False,False,False,False,True,False,False,False,False,False,False,False,False,False,False,False,False,True,False
12.7,8.0,5.0,16.0,4.0,2400.0,137.0,1048,4.072439727,5,False,False,False,False,False,False,False,False,False,False,False,False,False,False,False,False,False,False,False,False,False,False,False,True,False,False,False,False,False,False,False,False,False,False,False,False,True,False
12.83,13.0,5.0,16.0,4.0,3150.0,155.3,879,4.649952329,5,False,False,False,False,False,False,False,False,False,False,False,False,False,False,False,False,False,False,False,False,False,False,False,True,False,False,False,False,False,False,False,False,False,False,False,False,True,False
12.83,13.0,5.0,16.0,4.0,3150.0,155.3,816,4.277915338,5,False,False,False,False,False,False,False,False,False,False,False,False,False,False,False,False,False,False,False,False,False,False,False,True,False,False,False,False,False,False,False,False,False,False,False,False,True,False
10.34,8.0,5.0,16.0,4.0,2000.0,143.0,1044,3.860519163,5,False,False,False,False,False,False,False,False,False,False,False,False,False,False,False,False,False,False,False,False,False,False,False,True,False,False,False,False,False,False,False,False,False,False,False,False,True,False
12.7,5.0,2.0,16.0,4.0,2000.0,153.0,580,3.663561646,5,False,False,False,False,False,False,False,False,False,False,False,False,False,False,False,False,False,False,False,False,False,False,False,True,False,False,False,False,False,False,False,False,False,False,False,False,False,False
12.7,8.0,5.0,16.0,4.0,4000.0,200.0,1050,4.052654135,4,False,False,False,False,False,False,False,False,False,False,False,False,False,False,False,False,False,False,False,False,False,False,False,True,False,False,False,False,False,False,False,False,False,False,False,False,False,False
10.29,5.0,0.3,32.0,4.0,1700.0,118.5,650,3.529004086,4,False,False,False,False,False,False,False,False,False,False,False,False,False,False,False,False,False,False,False,False,False,False,False,True,False,False,False,False,False,False,False,False,False,False,False,False,True,False
12.7,8.0,5.0,32.0,4.0,3140.0,154.0,974,3.983971505,5,False,False,False,False,False,False,False,False,False,False,False,False,False,False,False,False,False,False,False,False,False,False,False,True,False,False,False,False,False,False,False,False,False,False,False,False,True,False
12.83,13.0,5.0,16.0,4.0,6000.0,212.0,1042,4.720550337,5,False,False,False,False,False,False,False,False,False,False,False,False,False,False,False,False,False,False,False,False,False,False,False,True,False,False,False,False,False,False,False,False,False,False,False,False,True,False
10.29,5.0,2.0,16.0,4.0,4000.0,156.5,672,3.716737782,5,False,False,False,False,False,False,False,False,False,False,False,False,False,False,False,False,False,False,False,False,False,False,False,True,False,False,False,False,False,False,False,False,False,False,False,False,True,False
12.7,13.0,5.0,16.0,4.0,2100.0,130.0,805,4.308110952,5,False,False,False,False,False,False,False,False,False,False,False,False,False,False,False,False,False,False,False,False,False,False,False,True,False,False,False,False,False,False,False,False,False,False,False,False,True,False
10.29,8.0,2.0,32.0,4.0,1850.0,135.5,664,4.266756065,5,False,False,False,False,False,False,False,False,False,False,False,False,False,False,False,False,False,False,False,False,False,False,False,True,False,False,False,False,False,False,False,False,False,False,False,False,True,False
15.24,24.0,8.0,64.0,4.0,3500.0,204.4,924,5.053439323,5,False,False,False,False,False,False,False,False,False,False,False,False,False,False,False,False,False,False,False,False,False,False,False,True,False,False,False,False,False,False,False,False,False,False,False,False,True,False
10.16,3.15,0.3,16.0,4.0,1400.0,118.5,758,3.564449376,6,False,False,False,False,False,False,False,False,False,False,False,False,False,False,False,False,False,False,False,False,False,False,False,True,False,False,False,False,False,False,False,False,False,False,False,False,False,False
10.29,5.0,0.3,32.0,4.0,1800.0,150.0,945,3.664074335,6,False,False,False,False,False,False,False,False,False,False,False,False,False,False,False,False,False,False,False,False,False,False,False,True,False,False,False,False,False,False,False,False,False,False,False,False,True,False
10.16,3.15,0.3,16.0,4.0,1350.0,119.8,1047,3.268808194,6,False,False,False,False,False,False,False,False,False,False,False,False,False,False,False,False,False,False,False,False,False,False,False,True,False,False,False,False,False,False,False,False,False,False,False,False,False,False
12.7,8.0,2.0,32.0,4.0,1920.0,149.7,614,3.809103951,6,False,False,False,False,False,False,False,False,False,False,False,False,False,False,False,False,False,False,False,False,False,False,False,True,False,False,False,False,False,False,False,False,False,False,False,False,False,False
12.83,8.0,2.0,32.0,4.0,2400.0,146.4,689,3.957760897,6,False,False,False,False,False,False,False,False,False,False,False,False,False,False,False,False,False,False,False,False,False,False,False,True,False,False,False,False,False,False,False,False,False,False,False,False,False,False
10.34,16.0,4.0,16.0,4.0,2200.0,139.2,786,4.326249619,6,False,False,False,False,False,False,False,False,False,False,False,False,False,False,False,False,False,False,False,False,False,False,False,True,False,False,False,False,False,False,False,False,False,False,False,False,False,False
10.36,8.0,5.0,16.0,4.0,2050.0,97.0,957,3.852485293,6,False,False,False,False,False,False,False,False,False,False,False,False,False,False,False,False,False,False,False,False,False,False,False,True,False,False,False,False,False,False,False,False,False,False,False,False,False,False
10.16,5.0,0.3,16.0,4.0,1420.0,110.0,706,3.276389731,6,False,False,False,False,False,False,False,False,False,False,False,False,False,False,False,False,False,False,False,False,False,False,False,True,False,False,False,False,False,False,False,False,False,False,True,False,False,False
12.7,8.0,2.0,32.0,4.0,2000.0,156.2,643,3.89324785,6,False,False,False,False,False,False,False,False,False,False,False,False,False,False,False,False,False,False,False,False,False,False,False,True,False,False,False,False,False,False,False,False,False,False,True,False,False,False
10.34,8.0,2.0,32.0,4.0,1750.0,98.9,1085,3.971988587,6,False,False,False,False,False,False,False,False,False,False,False,False,False,False,False,False,False,False,False,False,False,False,False,True,False,False,False,False,False,False,False,False,False,False,True,False,False,False
10.16,5.0,0.3,16.0,4.0,1500.0,118.7,635,3.462292481,6,False,False,False,False,False,False,False,False,False,False,False,False,False,False,False,False,False,False,False,False,False,False,False,True,False,False,False,False,False,False,False,False,False,False,False,False,False,False
12.7,13.0,5.0,16.0,4.0,2300.0,129.0,965,4.421728002,6,False,False,False,False,False,False,False,False,False,False,False,False,False,False,False,False,False,False,False,False,False,False,False,True,False,False,False,False,False,False,False,False,False,False,False,False,False,False
10.34,13.0,2.0,16.0,4.0,2100.0,143.1,739,4.414009681,6,False,False,False,False,False,False,False,False,False,False,False,False,False,False,False,False,False,False,False,False,False,False,False,True,False,False,False,False,False,False,False,False,False,False,False,False,False,False
12.83,16.0,8.0,32.0,4.0,2500.0,150.5,609,5.009301071,6,False,False,False,False,False,False,False,False,False,False,False,False,False,False,False,False,False,False,False,False,False,False,False,True,False,False,False,False,False,False,False,False,False,False,False,False,False,False
12.7,13.0,5.0,16.0,4.0,2500.0,143.5,563,4.045504397,6,False,False,False,False,False,False,False,False,False,False,False,False,False,False,False,False,False,False,False,False,False,False,False,True,False,False,False,False,False,False,False,False,False,False,False,False,False,False
17.78,0.3,0.3,32.0,4.0,3000.0,282.0,571,3.880738715,7,False,False,False,False,False,False,False,False,False,False,False,False,False,False,False,False,False,False,False,False,False,False,False,True,False,False,False,False,False,False,False,False,False,False,False,False,False,False
17.78,0.3,0.3,32.0,4.0,3000.0,289.0,578,4.197953545,7,False,False,False,False,False,False,False,False,False,False,False,False,False,False,False,False,False,False,False,False,False,False,False,True,False,False,False,False,False,False,False,False,False,False,False,False,False,False
5.18,0.08,2.0,16.0,4.0,1000.0,80.0,1008,2.630448955,6,False,False,False,False,False,False,False,False,False,False,False,False,False,False,False,False,False,False,False,False,False,False,False,True,False,False,False,False,False,False,False,False,False,True,False,False,False,False
11.81,8.0,1.0,16.0,4.0,2100.0,131.9,556,4.338988645,6,False,False,False,False,False,False,False,False,False,False,False,False,False,False,False,False,False,False,False,False,False,False,False,True,False,False,False,False,False,False,False,False,False,False,False,False,False,False
10.24,5.0,0.3,16.0,4.0,1700.0,153.7,1048,3.568969157,6,False,False,False,False,False,False,False,False,False,False,False,False,False,False,False,False,False,False,False,False,False,False,False,True,False,False,False,False,False,False,False,False,False,False,False,False,False,False
11.76,5.0,0.3,16.0,4.0,1700.0,147.7,661,3.655064106,7,False,False,False,False,False,False,False,False,False,False,False,False,False,False,False,False,False,False,False,False,False,False,False,True,False,False,False,False,False,False,False,False,False,False,False,False,False,False
10.29,8.0,2.0,16.0,4.0,3000.0,147.7,783,4.137563681,7,False,False,False,False,False,False,False,False,False,False,False,False,False,False,False,False,False,False,False,False,False,False,False,True,False,False,False,False,False,False,False,False,False,False,False,False,False,False
12.7,13.0,5.0,32.0,4.0,2000.0,129.4,998,4.589447226,7,False,False,False,False,False,False,False,False,False,False,False,False,False,False,False,False,False,False,False,False,False,False,False,True,False,False,False,False,False,False,False,False,False,False,False,False,False,False
7.75,2.0,0.3,16.0,4.0,1200.0,110.6,695,3.360028105,7,False,False,False,False,False,False,False,False,False,False,False,False,False,False,False,False,False,False,False,False,False,False,False,True,False,False,False,False,False,False,False,False,False,False,False,False,False,False
10.16,3.15,0.3,16.0,4.0,1700.0,137.7,1091,3.510350696,7,False,False,False,False,False,False,False,False,False,False,False,False,False,False,False,False,False,False,False,False,False,False,False,True,False,False,False,False,False,False,False,False,False,False,False,False,False,False
10.29,5.0,0.3,16.0,4.0,1800.0,142.0,1085,3.743841012,7,False,False,False,False,False,False,False,False,False,False,False,False,False,False,False,False,False,False,False,False,False,False,False,True,False,False,False,False,False,False,False,False,False,False,False,False,False,False
10.34,8.0,2.0,32.0,4.0,1800.0,143.0,617,4.34549231,6,False,False,False,False,False,False,False,False,False,False,False,False,False,False,False,False,False,False,False,False,False,False,False,True,False,False,False,False,False,False,False,False,False,False,False,False,False,False
10.34,8.0,2.0,16.0,4.0,1800.0,124.9,601,3.606584211,7,False,False,False,False,False,False,False,False,False,False,False,False,False,False,False,False,False,False,False,False,False,False,False,True,False,False,False,False,False,False,False,False,False,False,False,False,False,False
12.78,8.0,1.0,16.0,4.0,3000.0,176.9,1088,4.033000932,7,False,False,False,False,False,False,False,False,False,False,False,False,False,False,False,False,False,False,False,False,False,False,False,True,False,False,False,False,False,False,False,False,False,False,False,False,False,False
5.28,2.0,0.3,16.0,4.0,1280.0,113.6,1046,2.915606229,7,False,False,False,False,False,False,False,False,False,False,False,False,False,False,False,False,False,False,False,False,False,False,False,True,False,False,False,False,False,False,False,False,False,True,False,False,False,False
7.75,2.0,0.3,512.0,0.25,1500.0,122.7,977,3.314549575,7,False,False,False,False,False,False,False,False,False,False,False,False,False,False,False,False,False,False,False,False,False,False,False,True,False,False,False,False,False,False,False,False,False,False,False,False,False,False
10.29,8.0,1.0,16.0,4.0,2100.0,140.7,822,4.035478809,7,False,False,False,False,False,False,False,False,False,False,False,False,False,False,False,False,False,False,False,False,False,False,False,True,False,False,False,False,False,False,False,False,False,False,False,False,False,False
17.78,2.0,0.3,32.0,4.0,2980.0,295.0,552,4.082777926,3,False,False,False,False,False,False,False,False,False,False,False,False,False,False,False,False,False,False,False,False,False,False,False,True,False,False,False,False,False,False,False,False,False,False,False,False,False,False
17.78,2.0,0.3,32.0,4.0,2980.0,313.0,821,2.888147063,5,False,False,False,False,False,False,False,False,False,False,False,False,False,False,False,False,False,False,False,False,False,False,False,True,False,False,False,False,False,False,False,False,False,False,False,False,False,False
17.78,2.0,0.3,32.0,4.0,2100.0,337.0,925,4.157319361,6,False,False,False,False,False,False,False,False,False,False,False,False,False,False,False,False,False,False,False,False,False,False,False,True,False,False,False,False,False,False,False,False,False,False,False,False,False,False
15.24,2.0,0.3,32.0,4.0,2100.0,290.0,1032,3.998751009,6,False,False,False,False,False,False,False,False,False,False,False,False,False,False,False,False,False,False,False,False,False,False,False,True,False,False,False,False,False,False,False,False,False,False,False,False,False,False
10.34,13.0,2.1,32.0,4.0,2400.0,160.0,988,4.216857137,6,False,False,False,False,False,False,False,False,False,False,False,False,False,False,False,False,False,False,False,False,False,False,False,True,False,False,False,False,False,False,False,False,False,True,False,False,True,False
17.78,1.3,0.3,16.0,4.0,2000.0,303.0,1016,3.925728652,7,False,False,False,False,False,False,False,False,False,False,False,False,False,False,False,False,False,False,False,False,False,False,False,True,False,False,False,False,False,False,False,False,False,False,False,False,True,False
17.78,5.0,0.3,32.0,4.0,2000.0,345.0,836,4.261693475,7,False,False,False,False,False,False,False,False,False,False,False,False,False,False,False,False,False,False,False,False,False,False,False,True,False,False,False,False,False,False,False,False,False,False,False,False,False,False
18.01,8.0,7.0,64.0,4.0,5124.0,300.5,250,4.794632851,1,False,True,False,False,False,False,False,False,False,False,False,False,False,False,False,False,False,False,False,False,False,False,False,False,False,False,False,False,False,False,False,False,False,False,False,True,True,False
15.37,12.0,7.0,64.0,4.0,3174.0,208.0,583,5.57059388,2,False,True,False,False,False,False,False,False,False,False,False,False,False,False,False,False,False,False,False,False,False,False,False,False,False,False,False,False,False,False,False,False,False,False,False,True,True,False
12.9,12.0,7.0,64.0,4.0,2658.0,177.0,641,5.583458714,2,False,True,False,False,False,False,False,False,False,False,False,False,False,False,False,False,False,False,False,False,False,False,False,False,False,False,False,False,False,False,False,False,False,False,False,True,True,False
15.27,12.0,7.0,64.0,4.0,2942.0,194.0,673,5.492649836,2,False,True,False,False,False,False,False,False,False,False,False,False,False,False,False,False,False,False,False,False,False,False,False,False,False,False,False,False,False,False,False,False,False,False,False,True,True,False
12.9,12.0,7.0,64.0,4.0,2716.0,174.0,629,4.522114611,3,False,True,False,False,False,False,False,False,False,False,False,False,False,False,False,False,False,False,False,False,False,False,False,False,False,False,False,False,False,False,False,False,False,False,False,True,True,False
12.83,12.0,7.0,64.0,4.0,2691.0,202.0,815,5.175414999,3,False,True,False,False,False,False,False,False,False,False,False,False,False,False,False,False,False,False,False,False,False,False,False,False,False,False,False,False,False,False,False,False,False,False,False,True,True,False
10.34,12.0,7.0,64.0,4.0,1821.0,148.0,604,5.120684799,3,False,True,False,False,False,False,False,False,False,False,False,False,False,False,False,False,False,False,False,False,False,False,False,False,False,False,False,False,False,False,False,False,False,False,False,True,True,False
12.83,12.0,7.0,32.0,4.0,2900.0,188.0,833,4.750568389,4,False,True,False,False,False,False,False,False,False,False,False,False,False,False,False,False,False,False,False,False,False,False,False,False,False,False,False,False,False,False,False,False,False,False,False,True,True,False
10.34,12.0,7.0,32.0,4.0,1960.0,138.0,1026,4.68111219,4,False,True,False,False,False,False,False,False,False,False,False,False,False,False,False,False,False,False,False,False,False,False,False,False,False,False,False,False,False,False,False,False,False,False,False,True,True,False
10.16,12.0,1.2,16.0,4.0,1624.0,113.0,894,4.437461342,4,False,True,False,False,False,False,False,False,False,False,False,False,False,False,False,False,False,False,False,False,False,False,False,False,False,False,False,False,False,False,False,False,False,False,False,True,True,False
12.83,12.0,5.0,16.0,4.0,2750.0,192.0,667,4.633077139,5,False,True,False,False,False,False,False,False,False,False,False,False,False,False,False,False,False,False,False,False,False,False,False,False,False,False,False,False,False,False,False,False,False,False,False,True,True,False
10.34,12.0,5.0,16.0,4.0,1715.0,143.0,778,5.170370352,5,False,True,False,False,False,False,False,False,False,False,False,False,False,False,False,False,False,False,False,False,False,False,False,False,False,False,False,False,False,False,False,False,False,False,False,True,True,False
18.01,8.0,1.2,16.0,4.0,5124.0,299.0,547,4.463145686,5,False,True,False,False,False,False,False,False,False,False,False,False,False,False,False,False,False,False,False,False,False,False,False,False,False,False,False,False,False,False,False,False,False,False,False,True,True,False
18.01,5.0,1.2,16.0,4.0,6470.0,331.0,719,4.37298589,6,False,True,False,False,False,False,False,False,False,False,False,False,False,False,False,False,False,False,False,False,False,False,False,False,False,False,False,False,False,False,False,False,False,False,False,True,True,False
12.83,8.0,1.2,16.0,4.0,2915.0,172.0,1082,4.25177557,6,False,True,False,False,False,False,False,False,False,False,False,False,False,False,False,False,False,False,False,False,False,False,False,False,False,False,False,False,False,False,False,False,False,False,False,True,True,False
10.34,8.0,1.2,16.0,4.0,1810.0,129.0,877,3.93064847,6,False,True,False,False,False,False,False,False,False,False,False,False,False,False,False,False,False,False,False,False,False,False,False,False,False,False,False,False,False,False,False,False,False,False,False,True,True,False
18.01,5.0,1.2,16.0,4.0,6470.0,331.0,945,4.42208834,7,False,True,False,False,False,False,False,False,False,False,False,False,False,False,False,False,False,False,False,False,False,False,False,False,False,False,False,False,False,False,False,False,False,False,False,True,True,False
10.16,8.0,1.2,16.0,4.0,1560.0,112.0,1070,3.879706404,7,False,True,False,False,False,False,False,False,False,False,False,False,False,False,False,False,False,False,False,False,False,False,False,False,False,False,False,False,False,False,False,False,False,False,False,True,True,False
10.16,8.0,1.2,32.0,4.0,1510.0,132.0,712,4.666359354,7,False,True,False,False,False,False,False,False,False,False,False,False,False,False,False,False,False,False,False,False,False,False,False,False,False,False,False,False,False,False,False,False,False,False,False,True,True,False
16.23,8.0,16.0,128.0,4.0,3400.0,166.0,399,4.573576314,1,False,False,False,False,False,False,False,False,False,False,False,False,False,False,False,False,False,False,False,False,False,False,False,True,False,False,False,False,False,False,False,False,False,False,False,False,True,False
17.4,8.0,5.0,32.0,4.0,5000.0,214.0,317,4.411828126,1,False,False,False,False,False,False,False,False,False,False,False,False,False,False,False,False,False,False,False,False,False,False,False,True,False,False,False,False,False,False,False,False,False,False,False,False,True,False
15.9,8.0,5.0,64.0,4.0,3000.0,162.0,257,4.289637185,1,False,False,False,False,False,False,False,False,False,False,False,False,False,False,False,False,False,False,False,False,False,False,False,True,False,False,False,False,False,False,False,False,False,False,False,False,True,False
14.5,8.0,5.0,32.0,4.0,2800.0,150.0,499,4.332573751,1,False,False,False,False,False,False,False,False,False,False,False,False,False,False,False,False,False,False,False,False,False,False,False,True,False,False,False,False,False,False,False,False,False,False,False,False,True,False
12.7,8.0,2.0,16.0,4.0,4000.0,210.0,516,3.976686519,2,False,False,False,False,False,False,False,False,False,False,False,False,False,False,False,False,False,False,False,False,False,False,False,True,False,False,False,False,False,False,False,False,False,False,False,False,True,False
14.55,13.0,5.0,128.0,4.0,3100.0,170.0,635,4.687303016,3,False,False,False,False,False,False,False,False,False,False,False,False,False,False,False,False,False,False,False,False,False,False,False,True,False,False,False,False,False,False,False,False,False,False,False,False,True,False
12.75,13.0,16.0,128.0,4.0,3000.0,155.0,783,5.257599533,3,False,False,False,False,False,False,False,False,False,False,False,False,False,False,False,False,False,False,False,False,False,False,False,True,False,False,False,False,False,False,False,False,False,False,False,False,True,False
12.75,13.0,16.0,64.0,4.0,2950.0,155.0,769,5.050881123,3,False,False,False,False,False,False,False,False,False,False,False,False,False,False,False,False,False,False,False,False,False,False,False,True,False,False,False,False,False,False,False,False,False,False,False,False,True,False
12.75,8.0,5.0,16.0,4.0,3000.0,130.0,665,4.11038194,3,False,False,False,False,False,False,False,False,False,False,False,False,False,False,False,False,False,False,False,False,False,False,False,True,False,False,False,False,False,False,False,False,False,False,False,False,True,False
12.83,13.0,5.0,32.0,4.0,3000.0,167.5,604,4.244056835,3,False,False,False,False,False,False,False,False,False,False,False,False,False,False,False,False,False,False,False,False,False,False,False,True,False,False,False,False,False,False,False,False,False,False,False,False,True,False
12.7,8.0,3.0,32.0,4.0,3500.0,223.0,669,4.42604352,3,False,False,False,False,False,False,False,False,False,False,False,False,False,False,False,False,False,False,False,False,False,False,False,True,False,False,False,False,False,False,False,False,False,False,False,False,True,False
12.83,13.0,5.0,16.0,4.0,3000.0,167.5,624,4.616209033,3,False,False,False,False,False,False,False,False,False,False,False,False,False,False,False,False,False,False,False,False,False,False,False,True,False,False,False,False,False,False,False,False,False,False,False,False,True,False
12.7,13.0,5.0,16.0,4.0,2400.0,160.0,773,4.322409318,3,False,False,False,False,False,False,False,False,False,False,False,False,False,False,False,False,False,False,False,False,False,False,False,True,False,False,False,False,False,False,False,False,False,False,False,False,True,False
12.83,20.7,8.0,64.0,4.0,2950.0,193.0,608,4.824225391,4,False,False,False,False,False,False,False,False,False,False,False,False,False,False,False,False,False,False,False,False,False,False,False,True,False,False,False,False,False,False,False,False,False,False,False,False,True,False
12.7,13.0,5.0,32.0,4.0,2100.0,154.0,594,4.231784971,5,False,False,False,False,False,False,False,False,False,False,False,False,False,False,False,False,False,False,False,False,False,False,False,True,False,False,False,False,False,False,False,False,False,False,False,False,True,False
12.7,8.0,2.0,32.0,4.0,2000.0,160.0,565,4.306494572,6,False,False,False,False,False,False,False,False,False,False,False,False,False,False,False,False,False,False,False,False,False,False,False,True,False,False,False,False,False,False,False,False,False,False,False,False,True,False
12.7,16.0,8.0,16.0,4.0,2700.0,142.0,1007,4.322939892,6,False,False,False,False,False,False,False,False,False,False,False,False,False,False,False,False,False,False,False,False,False,False,False,True,False,False,False,False,False,False,False,False,False,False,False,False,True,False
10.16,5.0,2.0,16.0,4.0,1700.0,150.0,951,3.658162481,6,False,False,False,False,False,False,False,False,False,False,False,False,False,False,False,False,False,False,False,False,False,False,False,True,False,False,False,False,False,False,False,False,False,False,True,False,False,False
15.34,8.0,2.0,16.0,4.0,2800.0,232.0,714,4.424487286,6,False,False,False,False,False,False,False,False,False,False,False,False,False,False,False,False,False,False,False,False,False,False,False,True,False,False,False,False,False,False,False,False,False,False,False,False,False,False
12.7,8.0,2.0,32.0,4.0,2000.0,140.0,551,4.029094677,6,False,False,False,False,False,False,False,False,False,False,False,False,False,False,False,False,False,False,False,False,False,False,False,True,False,False,False,False,False,False,False,False,False,False,False,False,False,False
10.16,5.0,0.3,16.0,4.0,1400.0,115.0,676,3.336125385,6,False,False,False,False,False,False,False,False,False,False,False,False,False,False,False,False,False,False,False,False,False,False,False,True,False,False,False,False,False,False,False,False,False,False,False,False,False,False
12.7,8.0,2.0,32.0,4.0,2000.0,160.0,985,4.476086033,6,False,False,False,False,False,False,False,False,False,False,False,False,False,False,False,False,False,False,False,False,False,False,False,True,False,False,False,False,False,False,False,False,False,False,False,False,True,False
10.29,5.0,0.3,16.0,4.0,1850.0,140.0,691,3.824065727,6,False,False,False,False,False,False,False,False,False,False,False,False,False,False,False,False,False,False,False,False,False,False,False,True,False,False,False,False,False,False,False,False,False,False,False,False,True,False
15.9,8.0,8.0,32.0,4.0,4000.0,165.0,524,4.727918651,1,False,False,True,False,False,False,False,False,False,False,False,False,False,False,False,False,False,False,False,False,False,False,False,False,False,False,False,False,False,False,False,False,False,False,False,False,True,False
15.9,8.0,8.0,64.0,4.0,4000.0,165.0,397,4.462799845,1,False,False,True,False,False,False,False,False,False,False,False,False,False,False,False,False,False,False,False,False,False,False,False,False,False,False,False,False,False,False,False,False,False,False,False,False,True,False
13.84,13.0,8.0,32.0,4.0,4000.0,150.0,575,4.383151002,2,False,False,True,False,False,False,False,False,False,False,False,False,False,False,False,False,False,False,False,False,False,False,False,False,False,False,False,False,False,False,False,False,False,False,False,False,True,False
13.84,13.0,5.0,16.0,4.0,3000.0,140.0,370,4.203497876,2,False,False,True,False,False,False,False,False,False,False,False,False,False,False,False,False,False,False,False,False,False,False,False,False,False,False,False,False,False,False,False,False,False,False,False,False,True,False
15.24,13.0,8.0,128.0,4.0,4000.0,200.0,535,4.614724399,2,False,False,True,False,False,False,False,False,False,False,False,False,False,False,False,False,False,False,False,False,False,False,False,False,False,False,False,False,False,False,False,False,False,False,False,False,True,False
12.83,13.0,5.0,32.0,4.0,3000.0,140.0,667,4.194642284,2,False,False,True,False,False,False,False,False,False,False,False,False,False,False,False,False,False,False,False,False,False,False,False,False,False,False,False,False,False,False,False,False,False,False,False,False,True,False
15.21,13.0,8.0,64.0,4.0,5000.0,180.0,386,4.399129543,2,False,False,True,False,False,False,False,False,False,False,False,False,False,False,False,False,False,False,False,False,False,False,False,False,False,False,False,False,False,False,False,False,False,False,False,False,True,False
15.29,13.0,8.0,256.0,4.0,3300.0,165.0,482,4.727299319,2,False,False,True,False,False,False,False,False,False,False,False,False,False,False,False,False,False,False,False,False,False,False,False,False,False,False,False,False,False,False,False,False,False,False,False,False,True,False
15.29,13.0,8.0,64.0,4.0,3300.0,165.0,438,5.152597712,2,False,False,True,False,False,False,False,False,False,False,False,False,False,False,False,False,False,False,False,False,False,False,False,False,False,False,False,False,False,False,False,False,False,False,False,False,True,False
15.24,13.0,8.0,64.0,4.0,3300.0,168.0,511,4.548599834,2,False,False,True,False,False,False,False,False,False,False,False,False,False,False,False,False,False,False,False,False,False,False,False,False,False,False,False,False,False,False,False,False,False,False,False,False,True,False
12.83,13.0,8.0,32.0,4.0,4000.0,150.0,516,4.573576314,2,False,False,True,False,False,False,False,False,False,False,False,False,False,False,False,False,False,False,False,False,False,False,False,False,False,False,False,False,False,False,False,False,False,False,False,False,True,False
12.88,13.0,8.0,64.0,4.0,4130.0,160.0,585,4.465103197,3,False,False,True,False,False,False,False,False,False,False,False,False,False,False,False,False,False,False,False,False,False,False,False,False,False,False,False,False,False,False,False,False,False,False,False,False,True,False
12.83,13.0,8.0,64.0,4.0,3600.0,175.0,592,4.935049307,3,False,False,True,False,False,False,False,False,False,False,False,False,False,False,False,False,False,False,False,False,False,False,False,False,False,False,False,False,False,False,False,False,False,False,False,False,True,False
12.83,13.0,8.0,64.0,4.0,3300.0,165.0,722,4.993828176,3,False,False,True,False,False,False,False,False,False,False,False,False,False,False,False,False,False,False,False,False,False,False,False,False,False,False,False,False,False,False,False,False,False,False,False,False,True,False
12.83,13.0,13.0,16.0,4.0,3000.0,144.0,708,4.57460788,3,False,False,True,False,False,False,False,False,False,False,False,False,False,False,False,False,False,False,False,False,False,False,False,False,False,False,False,False,False,False,False,False,False,False,False,False,True,False
12.83,13.0,13.0,32.0,4.0,3000.0,144.0,781,4.507336826,3,False,False,True,False,False,False,False,False,False,False,False,False,False,False,False,False,False,False,False,False,False,False,False,False,False,False,False,False,False,False,False,False,False,False,False,False,True,False
12.83,16.0,8.0,64.0,4.0,3000.0,147.0,868,4.608464753,3,False,False,True,False,False,False,False,False,False,False,False,False,False,False,False,False,False,False,False,False,False,False,False,False,False,False,False,False,False,False,False,False,False,False,False,False,True,False
12.83,16.0,8.0,64.0,4.0,3000.0,144.0,818,4.600559573,3,False,False,True,False,False,False,False,False,False,False,False,False,False,False,False,False,False,False,False,False,False,False,False,False,False,False,False,False,False,False,False,False,False,False,False,False,True,False
12.75,13.0,8.0,32.0,4.0,4100.0,156.0,542,4.677490848,3,False,False,True,False,False,False,False,False,False,False,False,False,False,False,False,False,False,False,False,False,False,False,False,False,False,False,False,False,False,False,False,False,False,False,False,False,True,False
12.83,13.0,8.0,32.0,4.0,5000.0,181.0,754,4.739089004,3,False,False,True,False,False,False,False,False,False,False,False,False,False,False,False,False,False,False,False,False,False,False,False,False,False,False,False,False,False,False,False,False,False,False,False,False,True,False
12.83,16.0,16.0,32.0,4.0,5000.0,181.0,797,4.999911331,3,False,False,True,False,False,False,False,False,False,False,False,False,False,False,False,False,False,False,False,False,False,False,False,False,False,False,False,False,False,False,False,False,False,False,False,False,True,False
12.83,13.0,8.0,32.0,4.0,5000.0,181.0,612,4.342895917,3,False,False,True,False,False,False,False,False,False,False,False,False,False,False,False,False,False,False,False,False,False,False,False,False,False,False,False,False,False,False,False,False,False,False,False,False,True,False
18.01,13.0,5.0,64.0,4.0,4680.0,168.0,847,4.841901011,3,False,False,True,False,False,False,False,False,False,False,False,False,False,False,False,False,False,False,False,False,False,False,False,False,False,False,False,False,False,False,False,False,False,False,False,False,True,False
12.83,13.0,5.0,16.0,4.0,3000.0,168.0,755,4.456902169,3,False,False,True,False,False,False,False,False,False,False,False,False,False,False,False,False,False,False,False,False,False,False,False,False,False,False,False,False,False,False,False,False,False,False,False,False,True,False
12.7,13.0,5.0,16.0,4.0,2650.0,120.0,617,4.08311508,3,False,False,True,False,False,False,False,False,False,False,False,False,False,False,False,False,False,False,False,False,False,False,False,False,False,False,False,False,False,False,False,False,False,False,False,False,True,False
12.75,13.0,8.0,32.0,4.0,5000.0,175.0,858,4.258587006,3,False,False,True,False,False,False,False,False,False,False,False,False,False,False,False,False,False,False,False,False,False,False,False,False,False,False,False,False,False,False,False,False,False,False,False,False,True,False
12.88,23.0,8.0,64.0,4.0,3300.0,170.0,796,5.034807446,3,False,False,True,False,False,False,False,False,False,False,False,False,False,False,False,False,False,False,False,False,False,False,False,False,False,False,False,False,False,False,False,False,False,False,False,False,True,False
12.83,13.0,13.0,32.0,4.0,5000.0,170.0,582,4.967379785,3,False,False,True,False,False,False,False,False,False,False,False,False,False,False,False,False,False,False,False,False,False,False,False,False,False,False,False,False,False,False,False,False,False,False,False,False,True,False
15.47,5.0,2.0,32.0,4.0,3480.0,270.0,835,4.082103276,4,False,False,True,False,False,False,False,False,False,False,False,False,False,False,False,False,False,False,False,False,False,False,False,False,False,False,False,False,False,False,False,False,False,False,False,False,False,False
18.01,8.0,2.0,32.0,4.0,4680.0,320.0,1055,4.837709459,4,False,False,True,False,False,False,False,False,False,False,False,False,False,False,False,False,False,False,False,False,False,False,False,False,False,False,False,False,False,False,False,False,False,False,False,False,True,False
12.7,13.0,5.0,16.0,4.0,2600.0,150.0,981,4.137882864,4,False,False,True,False,False,False,False,False,False,False,False,False,False,False,False,False,False,False,False,False,False,False,False,False,False,False,False,False,False,False,False,False,False,False,False,False,True,False
12.83,16.0,8.0,32.0,4.0,4100.0,175.0,862,4.392348184,4,False,False,True,False,False,False,False,False,False,False,False,False,False,False,False,False,False,False,False,False,False,False,False,False,False,False,False,False,False,False,False,False,False,False,False,False,True,False
12.83,16.0,8.0,64.0,4.0,3000.0,151.0,801,4.462453884,4,False,False,True,False,False,False,False,False,False,False,False,False,False,False,False,False,False,False,False,False,False,False,False,False,False,False,False,False,False,False,False,False,False,False,False,False,True,False
12.75,13.0,5.0,32.0,4.0,4130.0,148.0,927,4.487062098,4,False,False,True,False,False,False,False,False,False,False,False,False,False,False,False,False,False,False,False,False,False,False,False,False,False,False,False,False,False,False,False,False,False,False,False,False,True,False
12.83,13.0,8.0,16.0,4.0,3000.0,150.0,669,4.333755086,4,False,False,True,False,False,False,False,False,False,False,False,False,False,False,False,False,False,False,False,False,False,False,False,False,False,False,False,False,False,False,False,False,False,False,False,False,True,False
12.75,16.0,8.0,64.0,4.0,2600.0,144.0,553,4.911477723,4,False,False,True,False,False,False,False,False,False,False,False,False,False,False,False,False,False,False,False,False,False,False,False,False,False,False,False,False,False,False,False,False,False,False,False,False,True,False
12.75,13.0,5.0,32.0,4.0,4100.0,158.4,599,4.388257184,4,False,False,True,False,False,False,False,False,False,False,False,False,False,False,False,False,False,False,False,False,False,False,False,False,False,False,False,False,False,False,False,False,False,False,False,False,True,False
15.44,23.0,8.0,32.0,4.0,4600.0,233.0,980,5.054141682,4,False,False,True,False,False,False,False,False,False,False,False,False,False,False,False,False,False,False,False,False,False,False,False,False,False,False,False,False,False,False,False,False,False,False,False,False,True,False
12.88,23.0,8.0,64.0,4.0,3000.0,170.0,676,4.749443675,4,False,False,True,False,False,False,False,False,False,False,False,False,False,False,False,False,False,False,False,False,False,False,False,False,False,False,False,False,False,False,False,False,False,False,False,False,True,False
12.83,16.0,8.0,64.0,4.0,3000.0,155.0,578,4.670021158,4,False,False,True,False,False,False,False,False,False,False,False,False,False,False,False,False,False,False,False,False,False,False,False,False,False,False,False,False,False,False,False,False,False,False,False,False,True,False
12.83,13.0,5.0,32.0,4.0,5000.0,202.0,928,4.446760449,4,False,False,True,False,False,False,False,False,False,False,False,False,False,False,False,False,False,False,False,False,False,False,False,False,False,False,False,False,False,False,False,False,False,False,False,False,True,False
10.29,8.0,2.0,32.0,4.0,2070.0,135.0,866,3.87036733,4,False,False,True,False,False,False,False,False,False,False,False,False,False,False,False,False,False,False,False,False,False,False,False,False,False,False,False,False,False,False,False,False,False,False,False,False,True,False
10.29,5.0,0.3,32.0,4.0,2070.0,125.0,545,3.822973189,4,False,False,True,False,False,False,False,False,False,False,False,False,False,False,False,False,False,False,False,False,False,False,False,False,False,False,False,False,False,False,False,False,False,False,False,False,False,False
12.83,8.0,5.0,16.0,4.0,3010.0,160.0,1003,4.210645018,4,False,False,True,False,False,False,False,False,False,False,False,False,False,False,False,False,False,False,False,False,False,False,False,False,False,False,False,False,False,False,False,False,False,False,False,False,True,False
12.7,8.0,5.0,16.0,4.0,2500.0,153.0,624,3.985273467,4,False,False,True,False,False,False,False,False,False,False,False,False,False,False,False,False,False,False,False,False,False,False,False,False,False,False,False,False,False,False,False,False,False,False,False,False,True,False
10.29,5.0,0.3,32.0,4.0,1600.0,133.5,727,3.822973189,5,False,False,True,False,False,False,False,False,False,False,False,False,False,False,False,False,False,False,False,False,False,False,False,False,False,False,False,False,False,False,False,False,False,False,False,False,False,False
12.7,8.0,2.0,16.0,4.0,2070.0,140.0,571,3.994708372,4,False,False,True,False,False,False,False,False,False,False,False,False,False,False,False,False,False,False,False,False,False,False,False,False,False,False,False,False,False,False,False,False,False,False,False,False,False,False
12.83,13.0,5.0,16.0,4.0,3000.0,170.1,862,4.421367533,5,False,False,True,False,False,False,False,False,False,False,False,False,False,False,False,False,False,False,False,False,False,False,False,False,False,False,False,False,False,False,False,False,False,False,False,False,True,False
12.83,13.0,5.0,32.0,4.0,3000.0,185.0,700,4.787658396,5,False,False,True,False,False,False,False,False,False,False,False,False,False,False,False,False,False,False,False,False,False,False,False,False,False,False,False,False,False,False,False,False,False,False,False,False,True,False
12.7,8.0,2.0,32.0,4.0,2070.0,135.0,840,3.8019849,5,False,False,True,False,False,False,False,False,False,False,False,False,False,False,False,False,False,False,False,False,False,False,False,False,False,False,False,False,False,False,False,False,False,False,False,False,False,False
12.83,13.0,5.0,32.0,4.0,5000.0,202.0,1089,4.658521361,5,False,False,True,False,False,False,False,False,False,False,False,False,False,False,False,False,False,False,False,False,False,False,False,False,False,False,False,False,False,False,False,False,False,False,False,False,True,False
12.83,13.0,5.0,64.0,4.0,3000.0,170.0,715,4.799502655,5,False,False,True,False,False,False,False,False,False,False,False,False,False,False,False,False,False,False,False,False,False,False,False,False,False,False,False,False,False,False,False,False,False,False,False,False,True,False
15.24,13.0,5.0,16.0,4.0,3000.0,190.0,997,4.457018145,5,False,False,True,False,False,False,False,False,False,False,False,False,False,False,False,False,False,False,False,False,False,False,False,False,False,False,False,False,False,False,False,False,False,False,False,False,True,False
15.24,13.0,5.0,16.0,4.0,3000.0,190.0,1014,4.309590341,5,False,False,True,False,False,False,False,False,False,False,False,False,False,False,False,False,False,False,False,False,False,False,False,False,False,False,False,False,False,False,False,False,False,False,False,False,True,False
12.83,13.0,5.0,32.0,4.0,3000.0,170.0,880,4.657762636,5,False,False,True,False,False,False,False,False,False,False,False,False,False,False,False,False,False,False,False,False,False,False,False,False,False,False,False,False,False,False,False,False,False,False,False,False,True,False
12.7,8.0,5.0,32.0,4.0,2040.0,140.0,989,4.358374106,5,False,False,True,False,False,False,False,False,False,False,False,False,False,False,False,False,False,False,False,False,False,False,False,False,False,False,False,False,False,False,False,False,False,False,False,False,False,False
12.7,13.0,5.0,32.0,4.0,2400.0,140.0,592,4.450736133,5,False,False,True,False,False,False,False,False,False,False,False,False,False,False,False,False,False,False,False,False,False,False,False,False,False,False,False,False,False,False,False,False,False,False,False,False,True,False
17.78,8.0,2.0,16.0,4.0,3500.0,272.0,885,4.565389316,5,False,False,True,False,False,False,False,False,False,False,False,False,False,False,False,False,False,False,False,False,False,False,False,False,False,False,False,False,False,False,False,False,False,False,False,False,False,False
12.7,8.0,2.0,32.0,4.0,2500.0,155.1,568,4.193435465,5,False,False,True,False,False,False,False,False,False,False,False,False,False,False,False,False,False,False,False,False,False,False,False,False,False,False,False,False,False,False,False,False,False,False,False,False,True,False
12.83,13.0,8.0,32.0,4.0,3030.0,156.0,777,4.337421451,5,False,False,True,False,False,False,False,False,False,False,False,False,False,False,False,False,False,False,False,False,False,False,False,False,False,False,False,False,False,False,False,False,False,False,False,False,True,False
17.78,5.0,0.3,32.0,4.0,3450.0,265.0,934,4.135166557,5,False,False,True,False,False,False,False,False,False,False,False,False,False,False,False,False,False,False,False,False,False,False,False,False,False,False,False,False,False,False,False,False,False,False,False,False,False,False
12.83,13.0,13.0,16.0,4.0,3000.0,170.0,794,4.831986983,5,False,False,True,False,False,False,False,False,False,False,False,False,False,False,False,False,False,False,False,False,False,False,False,False,False,False,False,False,False,False,False,False,False,False,False,False,True,False
12.7,8.0,2.0,16.0,4.0,2500.0,155.0,953,3.777119243,5,False,False,True,False,False,False,False,False,False,False,False,False,False,False,False,False,False,False,False,False,False,False,False,False,False,False,False,False,False,False,False,False,False,False,False,False,True,False
12.83,13.0,5.0,16.0,4.0,3000.0,170.0,685,4.547223226,5,False,False,True,False,False,False,False,False,False,False,False,False,False,False,False,False,False,False,False,False,False,False,False,False,False,False,False,False,False,False,False,False,False,False,False,False,True,False
12.83,13.0,5.0,16.0,4.0,3000.0,170.0,749,4.75272775,5,False,False,True,False,False,False,False,False,False,False,False,False,False,False,False,False,False,False,False,False,False,False,False,False,False,False,False,False,False,False,False,False,False,False,False,False,True,False
17.78,5.0,2.0,32.0,4.0,3950.0,299.0,970,4.703928958,5,False,False,True,False,False,False,False,False,False,False,False,False,False,False,False,False,False,False,False,False,False,False,False,False,False,False,False,False,False,False,False,False,False,False,False,False,True,False
10.29,5.0,0.3,32.0,4.0,2100.0,150.0,547,3.678829118,5,False,False,True,False,False,False,False,False,False,False,False,False,False,False,False,False,False,False,False,False,False,False,False,False,False,False,False,False,False,False,False,False,False,False,False,False,False,False
17.78,5.0,2.0,32.0,4.0,3950.0,280.0,557,4.518195172,5,False,False,True,False,False,False,False,False,False,False,False,False,False,False,False,False,False,False,False,False,False,False,False,False,False,False,False,False,False,False,False,False,False,False,False,False,False,False
12.83,13.0,5.0,16.0,4.0,3000.0,185.0,626,4.271932712,5,False,False,True,False,False,False,False,False,False,False,False,False,False,False,False,False,False,False,False,False,False,False,False,False,False,False,False,False,False,False,False,False,False,False,False,False,True,False
12.7,8.0,5.0,32.0,4.0,2500.0,140.0,857,4.17699924,6,False,False,True,False,False,False,False,False,False,False,False,False,False,False,False,False,False,False,False,False,False,False,False,False,False,False,False,False,False,False,False,False,False,False,False,False,True,False
12.7,8.0,0.3,1024.0,4.0,2500.0,160.0,860,3.523119986,6,False,False,True,False,False,False,False,False,False,False,False,False,False,False,False,False,False,False,False,False,False,False,False,False,False,False,False,False,False,False,False,False,False,False,False,False,False,False
10.29,5.0,2.0,32.0,4.0,2060.0,148.8,1023,4.219654753,6,False,False,True,False,False,False,False,False,False,False,False,False,False,False,False,False,False,False,False,False,False,False,False,False,False,False,False,False,False,False,False,False,False,False,False,False,True,False
17.78,5.0,2.0,16.0,4.0,3950.0,279.0,583,4.191773708,6,False,False,True,False,False,False,False,False,False,False,False,False,False,False,False,False,False,False,False,False,False,False,False,False,False,False,False,False,False,False,False,False,False,False,False,False,True,False
17.78,5.0,2.0,16.0,4.0,3950.0,269.0,1022,4.226249633,6,False,False,True,False,False,False,False,False,False,False,False,False,False,False,False,False,False,False,False,False,False,False,False,False,False,False,False,False,False,False,False,False,False,False,False,False,False,False
12.7,8.0,2.0,32.0,4.0,2110.0,145.0,595,4.397653891,6,False,False,True,False,False,False,False,False,False,False,False,False,False,False,False,False,False,False,False,False,False,False,False,False,False,False,False,False,False,False,False,False,False,False,False,False,True,False
10.29,8.0,0.3,32.0,4.0,1750.0,134.0,772,3.976123931,6,False,False,True,False,False,False,False,False,False,False,False,False,False,False,False,False,False,False,False,False,False,False,False,False,False,False,False,False,False,False,False,False,False,False,False,False,False,False
17.78,5.0,2.0,32.0,4.0,3950.0,295.0,731,4.357990057,6,False,False,True,False,False,False,False,False,False,False,False,False,False,False,False,False,False,False,False,False,False,False,False,False,False,False,False,False,False,False,False,False,False,False,False,False,False,False
17.78,2.0,0.3,32.0,4.0,2865.0,299.0,766,4.151197374,6,False,False,True,False,False,False,False,False,False,False,False,False,False,False,False,False,False,False,False,False,False,False,False,False,False,False,False,False,False,False,False,False,False,False,False,False,False,False
17.78,5.0,2.0,32.0,4.0,2865.0,299.0,705,4.252202647,6,False,False,True,False,False,False,False,False,False,False,False,False,False,False,False,False,False,False,False,False,False,False,False,False,False,False,False,False,False,False,False,False,False,False,False,False,False,False
17.78,2.0,0.3,16.0,4.0,3910.0,290.0,679,4.073971772,6,False,False,True,False,False,False,False,False,False,False,False,False,False,False,False,False,False,False,False,False,False,False,False,False,False,False,False,False,False,False,False,False,False,False,False,False,False,False
12.7,13.0,2.0,16.0,4.0,2300.0,150.0,1081,4.474377896,6,False,False,True,False,False,False,False,False,False,False,False,False,False,False,False,False,False,False,False,False,False,False,False,False,False,False,False,False,False,False,False,False,False,False,False,False,True,False
12.7,13.0,2.0,16.0,4.0,2300.0,150.0,1013,4.700207601,6,False,False,True,False,False,False,False,False,False,False,False,False,False,False,False,False,False,False,False,False,False,False,False,False,False,False,False,False,False,False,False,False,False,False,False,False,True,False
12.7,13.0,2.0,16.0,4.0,2400.0,145.0,956,4.242620879,6,False,False,True,False,False,False,False,False,False,False,False,False,False,False,False,False,False,False,False,False,False,False,False,False,False,False,False,False,False,False,False,False,False,False,False,False,True,False
10.34,13.0,1.2,1024.0,4.0,1820.0,126.0,772,5.494952658,6,False,False,True,False,False,False,False,False,False,False,False,False,False,False,False,False,False,False,False,False,False,False,False,False,False,False,False,False,False,False,False,False,False,False,False,False,False,False
15.24,13.0,2.0,16.0,4.0,3230.0,196.0,947,4.419924358,6,False,False,True,False,False,False,False,False,False,False,False,False,False,False,False,False,False,False,False,False,False,False,False,False,False,False,False,False,False,False,False,False,False,False,False,False,False,False
15.24,13.0,2.0,16.0,4.0,3300.0,196.0,665,4.567468319,6,False,False,True,False,False,False,False,False,False,False,False,False,False,False,False,False,False,False,False,False,False,False,False,False,False,False,False,False,False,False,False,False,False,False,False,False,False,False
12.7,8.0,2.0,32.0,4.0,2110.0,145.0,583,3.75630443,5,False,False,True,False,False,False,False,False,False,False,False,False,False,False,False,False,False,False,False,False,False,False,False,False,False,False,False,False,False,False,False,False,False,False,False,False,False,False
12.7,8.0,2.0,32.0,4.0,2110.0,145.0,794,4.253482784,6,False,False,True,False,False,False,False,False,False,False,False,False,False,False,False,False,False,False,False,False,False,False,False,False,False,False,False,False,False,False,False,False,False,False,False,False,False,False
10.16,5.0,0.3,16.0,4.0,2865.0,115.0,910,4.012411179,6,False,False,True,False,False,False,False,False,False,False,False,False,False,False,False,False,False,False,False,False,False,False,False,False,False,False,False,False,False,False,False,False,False,False,False,False,False,False
10.29,5.0,2.0,32.0,4.0,2060.0,150.0,635,4.365388994,6,False,False,True,False,False,False,False,False,False,False,False,False,False,False,False,False,False,False,False,False,False,False,False,False,False,False,False,False,False,False,False,False,False,False,False,False,True,False
10.16,8.0,2.0,32.0,4.0,1170.0,116.0,824,4.284551613,6,False,False,True,False,False,False,False,False,False,False,False,False,False,False,False,False,False,False,False,False,False,False,False,False,False,False,False,False,False,False,False,False,False,False,False,False,False,False
10.24,8.0,2.0,16.0,4.0,1500.0,105.0,604,4.594210346,7,False,False,True,False,False,False,False,False,False,False,False,False,False,False,False,False,False,False,False,False,False,False,False,False,False,False,False,False,False,False,False,False,False,False,False,False,False,False
12.7,13.0,2.0,16.0,4.0,2400.0,145.0,654,5.187720945,7,False,False,True,False,False,False,False,False,False,False,False,False,False,False,False,False,False,False,False,False,False,False,False,False,False,False,False,False,False,False,False,False,False,False,False,False,True,False
17.78,5.0,1.2,32.0,4.0,3950.0,328.0,550,4.584252938,7,False,False,True,False,False,False,False,False,False,False,False,False,False,False,False,False,False,False,False,False,False,False,False,False,False,False,False,False,False,False,False,False,False,False,False,False,True,False
17.78,5.0,1.2,16.0,4.0,3950.0,290.0,1083,4.400480313,7,False,False,True,False,False,False,False,False,False,False,False,False,False,False,False,False,False,False,False,False,False,False,False,False,False,False,False,False,False,False,False,False,False,False,False,False,True,False
15.24,8.0,1.2,16.0,4.0,3200.0,210.0,1040,4.730392151,7,False,False,True,False,False,False,False,False,False,False,False,False,False,False,False,False,False,False,False,False,False,False,False,False,False,False,False,False,False,False,False,False,False,False,False,False,False,False
17.78,2.0,0.3,32.0,4.0,3950.0,302.0,643,4.327834406,7,False,False,True,False,False,False,False,False,False,False,False,False,False,False,False,False,False,False,False,False,False,False,False,False,False,False,False,False,False,False,False,False,False,False,False,False,False,False
17.78,5.0,1.2,16.0,4.0,3950.0,302.0,674,4.273605886,7,False,False,True,False,False,False,False,False,False,False,False,False,False,False,False,False,False,False,False,False,False,False,False,False,False,False,False,False,False,False,False,False,False,False,False,False,False,False
17.78,3.15,1.2,32.0,4.0,4270.0,340.0,869,4.226541732,7,False,False,True,False,False,False,False,False,False,False,False,False,False,False,False,False,False,False,False,False,False,False,False,False,False,False,False,False,False,False,False,False,False,False,False,False,False,False
12.7,13.0,2.0,32.0,4.0,2400.0,141.0,614,5.698535399,7,False,False,True,False,False,False,False,False,False,False,False,False,False,False,False,False,False,False,False,False,False,False,False,False,False,False,False,False,False,False,False,False,False,False,False,False,True,False
12.75,13.0,8.0,32.0,4.0,5000.0,168.0,593,4.961094849,3,False,False,True,False,False,False,False,False,False,False,False,False,False,False,False,False,False,False,False,False,False,False,False,False,False,False,False,False,False,False,False,False,False,False,False,False,True,False
10.29,8.0,0.3,16.0,4.0,1840.0,128.0,710,3.925136645,6,False,False,False,False,False,False,False,False,False,False,False,False,False,False,False,False,False,False,False,False,False,False,False,True,False,False,False,False,False,False,False,False,False,False,False,False,True,False
12.7,13.0,2.0,16.0,4.0,2520.0,135.0,933,4.12341781,6,False,False,False,False,False,False,False,False,False,False,False,False,False,False,False,False,False,False,False,False,False,False,False,True,False,False,False,False,False,False,False,False,False,False,False,False,True,False
10.29,13.0,2.0,16.0,4.0,2100.0,119.0,704,4.287166354,7,False,False,False,False,False,False,False,False,False,False,False,False,False,False,False,False,False,False,False,False,False,False,False,True,False,False,False,False,False,False,False,False,False,False,False,False,False,False
10.29,8.0,2.0,16.0,4.0,2000.0,135.0,1011,3.930255774,7,False,False,False,False,False,False,False,False,False,False,False,False,False,False,False,False,False,False,False,False,False,False,False,True,False,False,False,False,False,False,False,False,False,False,False,False,False,False
10.29,8.0,8.0,32.0,4.0,3000.0,156.0,552,4.061304708,2,False,False,False,True,False,False,False,False,False,False,False,False,False,False,False,False,False,False,False,False,False,False,False,False,False,False,False,False,False,False,False,False,False,False,False,False,True,False
15.21,8.0,16.0,64.0,4.0,4000.0,170.0,629,4.693913396,2,False,False,False,True,False,False,False,False,False,False,False,False,False,False,False,False,False,False,False,False,False,False,False,False,False,False,False,False,False,False,False,False,False,False,False,False,True,False
15.21,8.0,16.0,64.0,4.0,4000.0,170.0,383,4.946274535,2,False,False,False,True,False,False,False,False,False,False,False,False,False,False,False,False,False,False,False,False,False,False,False,False,False,False,False,False,False,False,False,False,False,False,False,False,True,False
10.29,8.0,8.0,64.0,4.0,3500.0,168.0,471,4.107918682,2,False,False,False,True,False,False,False,False,False,False,False,False,False,False,False,False,False,False,False,False,False,False,False,False,False,False,False,False,False,False,False,False,False,False,False,False,True,False
12.83,12.0,8.0,32.0,4.0,4000.0,167.0,561,4.578518155,3,False,False,False,True,False,False,False,False,False,False,False,False,False,False,False,False,False,False,False,False,False,False,False,False,False,False,False,False,False,False,False,False,False,False,False,False,True,False
12.83,13.0,8.0,32.0,4.0,3000.0,178.0,607,4.475175389,3,False,False,False,True,False,False,False,False,False,False,False,False,False,False,False,False,False,False,False,False,False,False,False,False,False,False,False,False,False,False,False,False,False,False,False,False,True,False
10.29,12.0,8.0,64.0,4.0,3500.0,180.0,554,4.682131227,3,False,False,False,True,False,False,False,False,False,False,False,False,False,False,False,False,False,False,False,False,False,False,False,False,False,False,False,False,False,False,False,False,False,False,False,False,True,False
12.83,21.0,8.0,32.0,4.0,3000.0,165.0,560,5.008098746,4,False,False,False,True,False,False,False,False,False,False,False,False,False,False,False,False,False,False,False,False,False,False,False,False,False,False,False,False,False,False,False,False,False,False,False,False,True,False
12.75,13.0,8.0,16.0,4.0,2610.0,135.0,920,4.346269915,4,False,False,False,True,False,False,False,False,False,False,False,False,False,False,False,False,False,False,False,False,False,False,False,False,False,False,False,False,False,False,False,False,False,False,False,False,True,False
12.8,18.0,2.0,32.0,4.0,3410.0,192.0,805,4.513054897,5,False,False,False,True,False,False,False,False,False,False,False,False,False,False,False,False,False,False,False,False,False,False,False,False,False,False,False,False,False,False,False,False,False,False,False,False,True,False
12.7,8.0,2.0,16.0,4.0,2800.0,170.0,1094,4.085471984,5,False,False,False,True,False,False,False,False,False,False,False,False,False,False,False,False,False,False,False,False,False,False,False,False,False,False,False,False,False,False,False,False,False,True,False,False,True,False
7.75,13.0,2.0,16.0,4.0,2500.0,178.0,903,4.250350663,5,False,False,False,True,False,False,False,False,False,False,False,False,False,False,False,False,False,False,False,False,False,False,False,False,False,False,False,False,False,False,False,False,False,True,False,False,True,False
7.65,8.0,2.0,64.0,4.0,2100.0,140.0,617,4.214495163,6,False,False,False,True,False,False,False,False,False,False,False,False,False,False,False,False,False,False,False,False,False,False,False,False,False,False,False,False,False,False,False,False,False,True,False,False,True,False
10.29,13.0,2.0,32.0,4.0,3450.0,196.0,582,4.335982696,6,False,False,False,True,False,False,False,False,False,False,False,False,False,False,False,False,False,False,False,False,False,False,False,False,False,False,False,False,False,False,False,False,False,True,False,False,True,False
7.75,8.0,2.0,16.0,4.0,2515.0,177.0,831,3.798406279,6,False,False,False,True,False,False,False,False,False,False,False,False,False,False,False,False,False,False,False,False,False,False,False,False,False,False,False,False,False,False,False,False,False,True,False,False,True,False
12.7,5.0,1.1,32.0,4.0,2500.0,164.0,696,3.739572568,6,False,False,False,True,False,False,False,False,False,False,False,False,False,False,False,False,False,False,False,False,False,False,False,False,False,False,False,False,False,False,False,False,False,True,False,False,False,False
10.21,8.0,2.0,64.0,4.0,1800.0,140.0,625,4.549128795,7,False,False,False,True,False,False,False,False,False,False,False,False,False,False,False,False,False,False,False,False,False,False,False,False,False,False,False,False,False,False,False,False,False,True,False,False,True,False
12.7,8.0,2.0,16.0,4.0,2880.0,170.0,574,4.085640122,7,False,False,False,True,False,False,False,False,False,False,False,False,False,False,False,False,False,False,False,False,False,False,False,False,False,False,False,False,False,False,False,False,False,True,False,False,True,False
5.28,5.0,2.0,512.0,0.25,1450.0,120.0,774,4.852264611,7,False,False,False,True,False,False,False,False,False,False,False,False,False,False,False,False,False,False,False,False,False,False,False,False,False,False,False,False,False,False,False,False,False,True,False,False,False,False
7.65,5.0,2.0,32.0,4.0,2180.0,120.0,760,3.602776755,7,False,False,False,True,False,False,False,False,False,False,False,False,False,False,False,False,False,False,False,False,False,False,False,False,False,False,False,False,False,False,False,False,False,True,False,False,True,False
10.21,8.0,2.0,16.0,4.0,1800.0,137.5,932,4.014940539,7,False,False,False,True,False,False,False,False,False,False,False,False,False,False,False,False,False,False,False,False,False,False,False,False,False,False,False,False,False,False,False,False,False,True,False,False,True,False
7.65,8.0,2.0,16.0,4.0,2100.0,139.0,814,3.969725716,7,False,False,False,True,False,False,False,False,False,False,False,False,False,False,False,False,False,False,False,False,False,False,False,False,False,False,False,False,False,False,False,False,False,True,False,False,True,False
12.88,12.0,5.0,16.0,4.0,4180.0,165.0,531,4.042700329,2,False,False,False,False,False,False,False,False,False,False,False,False,False,False,False,False,False,False,False,False,False,False,False,True,False,False,False,False,False,False,False,False,False,False,False,False,True,False
12.88,13.0,5.0,64.0,4.0,3180.0,167.5,784,4.55008022,3,False,False,False,False,False,False,False,False,False,False,False,False,False,False,False,False,False,False,False,False,False,False,False,True,False,False,False,False,False,False,False,False,False,False,False,False,True,False
12.83,13.0,8.0,64.0,4.0,6180.0,167.5,720,4.422208424,3,False,False,False,False,False,False,False,False,False,False,False,False,False,False,False,False,False,False,False,False,False,False,False,True,False,False,False,False,False,False,False,False,False,False,False,False,True,False
12.7,13.0,5.0,16.0,4.0,2800.0,169.0,751,3.196221134,3,False,False,False,False,False,False,False,False,False,False,False,False,False,False,False,False,False,False,False,False,False,False,False,True,False,False,False,False,False,False,False,False,False,False,False,False,False,False
12.7,13.0,5.0,16.0,4.0,2800.0,176.0,872,4.132282402,3,False,False,False,False,False,False,False,False,False,False,False,False,False,False,False,False,False,False,False,False,False,False,False,True,False,False,False,False,False,False,False,False,False,False,False,False,True,False
12.7,13.0,2.0,32.0,4.0,2800.0,176.0,565,3.04594999,3,False,False,False,False,False,False,False,False,False,False,False,False,False,False,False,False,False,False,False,False,False,False,False,True,False,False,False,False,False,False,False,False,False,False,False,False,False,False
12.88,13.0,5.0,16.0,4.0,3000.0,174.0,597,4.099497927,2,False,False,False,False,False,False,False,False,False,False,False,False,False,False,False,False,False,False,False,False,False,False,False,True,False,False,False,False,False,False,False,False,False,False,False,False,False,False
12.7,13.0,8.0,64.0,4.0,3000.0,152.0,895,4.715995741,3,False,False,False,False,False,False,False,False,False,False,False,False,False,False,False,False,False,False,False,False,False,False,False,True,False,False,False,False,False,False,False,False,False,False,False,False,True,False
12.7,8.0,2.0,16.0,4.0,2000.0,150.0,1083,3.917010547,4,False,False,False,False,False,False,False,False,False,False,False,False,False,False,False,False,False,False,False,False,False,False,False,True,False,False,False,False,False,False,False,False,False,False,False,False,False,False
12.83,13.0,5.0,32.0,4.0,3150.0,142.6,599,4.541591204,4,False,False,False,False,False,False,False,False,False,False,False,False,False,False,False,False,False,False,False,False,False,False,False,True,False,False,False,False,False,False,False,False,False,False,False,False,True,False
15.24,24.0,8.0,64.0,4.0,3500.0,207.0,858,4.646695933,5,False,False,False,False,False,False,False,False,False,False,False,False,False,False,False,False,False,False,False,False,False,False,False,True,False,False,False,False,False,False,False,False,False,False,False,False,True,False
15.24,8.0,2.0,32.0,4.0,3000.0,177.0,569,4.243339115,5,False,False,False,False,False,False,False,False,False,False,False,False,False,False,False,False,False,False,False,False,False,False,False,True,False,False,False,False,False,False,False,False,False,False,False,False,False,False
12.7,8.0,2.0,32.0,4.0,5000.0,180.0,862,3.995260604,5,False,False,False,False,False,False,False,False,False,False,False,False,False,False,False,False,False,False,False,False,False,False,False,True,False,False,False,False,False,False,False,False,False,False,False,False,False,False
12.7,5.0,0.3,16.0,4.0,2000.0,156.0,572,3.916015027,5,False,False,False,False,False,False,False,False,False,False,False,False,False,False,False,False,False,False,False,False,False,False,False,True,False,False,False,False,False,False,False,False,False,False,False,False,False,False
12.7,8.0,2.0,32.0,4.0,2100.0,154.0,789,3.903990834,5,False,False,False,False,False,False,False,False,False,False,False,False,False,False,False,False,False,False,False,False,False,False,False,True,False,False,False,False,False,False,False,False,False,False,False,False,False,False
10.36,8.0,5.0,16.0,4.0,2100.0,97.0,889,3.827771453,5,False,False,False,False,False,False,False,False,False,False,False,False,False,False,False,False,False,False,False,False,False,False,False,True,False,False,False,False,False,False,False,False,False,False,False,False,False,False
15.24,13.0,5.0,16.0,4.0,3200.0,177.0,740,4.159195535,6,False,False,False,False,False,False,False,False,False,False,False,False,False,False,False,False,False,False,False,False,False,False,False,True,False,False,False,False,False,False,False,False,False,False,False,False,True,False
12.7,13.0,5.0,32.0,4.0,2200.0,164.0,608,4.356452384,6,False,False,False,False,False,False,False,False,False,False,False,False,False,False,False,False,False,False,False,False,False,False,False,True,False,False,False,False,False,False,False,False,False,False,False,False,True,False
17.78,5.0,2.0,32.0,4.0,3000.0,299.0,1090,4.373112017,6,False,False,False,False,False,False,False,False,False,False,False,False,False,False,False,False,False,False,False,False,False,False,False,True,False,False,False,False,False,False,False,False,False,False,False,False,False,False
10.16,3.15,0.3,16.0,4.0,1400.0,106.0,856,3.064325065,6,False,False,False,False,False,False,False,False,False,False,False,False,False,False,False,False,False,False,False,False,False,False,False,True,False,False,False,False,False,False,False,False,False,False,False,False,False,False
12.7,8.0,2.0,32.0,4.0,2200.0,139.0,637,4.260000234,6,False,False,False,False,False,False,False,False,False,False,False,False,False,False,False,False,False,False,False,False,False,False,False,True,False,False,False,False,False,False,False,False,False,False,True,False,False,False
12.7,8.0,2.0,16.0,4.0,2000.0,166.0,1042,4.001315113,6,False,False,False,False,False,False,False,False,False,False,False,False,False,False,False,False,False,False,False,False,False,False,False,True,False,False,False,False,False,False,False,False,False,False,False,False,False,False
12.7,5.0,0.3,16.0,4.0,1800.0,170.0,874,3.798630318,6,False,False,False,False,False,False,False,False,False,False,False,False,False,False,False,False,False,False,False,False,False,False,False,True,False,False,False,False,False,False,False,False,False,False,False,False,False,False
12.7,13.0,5.0,16.0,4.0,2300.0,129.0,959,4.394819456,6,False,False,False,False,False,False,False,False,False,False,False,False,False,False,False,False,False,False,False,False,False,False,False,True,False,False,False,False,False,False,False,False,False,False,False,False,False,False
12.7,8.0,2.0,32.0,4.0,2000.0,136.0,979,4.027670429,6,False,False,False,False,False,False,False,False,False,False,False,False,False,False,False,False,False,False,False,False,False,False,False,True,False,False,False,False,False,False,False,False,False,False,False,False,False,False
12.83,16.0,8.0,32.0,4.0,2500.0,152.0,696,4.694919478,6,False,False,False,False,False,False,False,False,False,False,False,False,False,False,False,False,False,False,False,False,False,False,False,True,False,False,False,False,False,False,False,False,False,False,False,False,False,False
15.24,8.0,2.0,16.0,4.0,3000.0,206.0,632,4.038831852,6,False,False,False,False,False,False,False,False,False,False,False,False,False,False,False,False,False,False,False,False,False,False,False,True,False,False,False,False,False,False,False,False,False,False,False,False,False,False
10.29,3.15,0.3,16.0,4.0,1800.0,135.0,980,3.301008654,6,False,False,False,False,False,False,False,False,False,False,False,False,False,False,False,False,False,False,False,False,False,False,False,True,False,False,False,False,False,False,False,False,False,False,False,False,False,False
7.75,1.3,2.0,512.0,0.25,1300.0,101.0,1056,3.268808194,6,False,False,False,False,False,False,False,False,False,False,False,False,False,False,False,False,False,False,False,False,False,False,False,True,False,False,False,False,False,False,False,False,False,False,False,False,False,False
12.7,8.0,2.0,16.0,4.0,2000.0,155.0,571,4.235265253,6,False,False,False,False,False,False,False,False,False,False,False,False,False,False,False,False,False,False,False,False,False,False,False,True,False,False,False,False,False,False,False,False,False,False,False,False,False,False
12.7,3.15,2.0,16.0,4.0,2100.0,174.0,616,3.713572067,6,False,False,False,False,False,False,False,False,False,False,False,False,False,False,False,False,False,False,False,False,False,False,False,True,False,False,False,False,False,False,False,False,False,False,False,False,False,False
12.83,8.0,2.0,16.0,4.0,2350.0,166.0,976,3.936130081,6,False,False,False,False,False,False,False,False,False,False,False,False,False,False,False,False,False,False,False,False,False,False,False,True,False,False,False,False,False,False,False,False,False,False,False,False,False,False
10.29,8.0,2.0,16.0,4.0,3000.0,149.0,790,4.224202549,6,False,False,False,False,False,False,False,False,False,False,False,False,False,False,False,False,False,False,False,False,False,False,False,True,False,False,False,False,False,False,False,False,False,False,False,False,False,False
10.36,8.0,5.0,16.0,4.0,2000.0,135.0,1024,4.057507672,6,False,False,False,False,False,False,False,False,False,False,False,False,False,False,False,False,False,False,False,False,False,False,False,True,False,False,False,False,False,False,False,False,False,False,False,False,False,False
10.34,8.0,5.0,16.0,4.0,1800.0,109.0,725,3.768614422,6,False,False,False,False,False,False,False,False,False,False,False,False,False,False,False,False,False,False,False,False,False,False,False,True,False,False,False,False,False,False,False,False,False,False,False,False,False,False
12.7,13.0,5.0,16.0,4.0,2000.0,133.0,639,4.504244267,6,False,False,False,False,False,False,False,False,False,False,False,False,False,False,False,False,False,False,False,False,False,False,False,True,False,False,False,False,False,False,False,False,False,False,False,False,False,False
12.7,12.0,2.0,16.0,4.0,2000.0,144.0,988,4.24506078,6,False,False,False,False,False,False,False,False,False,False,False,False,False,False,False,False,False,False,False,False,False,False,False,True,False,False,False,False,False,False,False,False,False,False,False,False,False,False
10.34,8.0,2.0,16.0,4.0,1800.0,125.0,581,3.586569835,7,False,False,False,False,False,False,False,False,False,False,False,False,False,False,False,False,False,False,False,False,False,False,False,True,False,False,False,False,False,False,False,False,False,False,False,False,False,False
12.7,13.0,5.0,32.0,4.0,2020.0,128.0,1038,4.220242729,7,False,False,False,False,False,False,False,False,False,False,False,False,False,False,False,False,False,False,False,False,False,False,False,True,False,False,False,False,False,False,False,False,False,False,False,False,False,False
12.7,5.0,0.3,16.0,4.0,2000.0,155.0,909,3.621938048,7,False,False,False,False,False,False,False,False,False,False,False,False,False,False,False,False,False,False,False,False,False,False,False,True,False,False,False,False,False,False,False,False,False,False,False,False,False,False
10.16,5.0,0.3,16.0,4.0,1600.0,124.0,782,3.670460869,7,False,False,False,False,False,False,False,False,False,False,False,False,False,False,False,False,False,False,False,False,False,False,False,True,False,False,False,False,False,False,False,False,False,False,False,False,False,False
12.7,12.0,5.0,16.0,4.0,2500.0,158.0,729,4.0084235,7,False,False,False,False,False,False,False,False,False,False,False,False,False,False,False,False,False,False,False,False,False,False,False,True,False,False,False,False,False,False,False,False,False,False,False,False,False,False
12.83,5.0,0.3,16.0,4.0,2250.0,184.0,728,3.664842876,7,False,False,False,False,False,False,False,False,False,False,False,False,False,False,False,False,False,False,False,False,False,False,False,True,False,False,False,False,False,False,False,False,False,False,False,False,False,False
5.08,1.3,0.3,128.0,0.25,820.0,80.0,905,2.212660385,7,False,False,False,False,False,False,False,False,False,False,False,False,False,False,False,False,False,False,False,False,False,False,False,True,False,False,False,False,False,False,False,False,False,True,False,False,False,False
5.08,0.3,0.3,32.0,0.25,820.0,80.0,636,1.53686722,7,False,False,False,False,False,False,False,False,False,False,False,False,False,False,False,False,False,False,False,False,False,False,False,True,False,False,False,False,False,False,False,False,False,True,False,False,False,False
5.28,1.3,0.3,32.0,0.25,820.0,90.0,695,2.337952237,7,False,False,False,False,False,False,False,False,False,False,False,False,False,False,False,False,False,False,False,False,False,False,False,True,False,False,False,False,False,False,False,False,False,True,False,False,False,False
12.7,5.0,0.3,16.0,4.0,2000.0,128.0,816,3.555348061,7,False,False,False,False,False,False,False,False,False,False,False,False,False,False,False,False,False,False,False,False,False,False,False,True,False,False,False,False,False,False,False,False,False,False,False,False,False,False
10.16,3.15,0.3,16.0,4.0,1500.0,128.0,566,3.215269329,7,False,False,False,False,False,False,False,False,False,False,False,False,False,False,False,False,False,False,False,False,False,False,False,True,False,False,False,False,False,False,False,False,False,False,False,False,False,False
7.75,2.0,0.3,512.0,0.25,1000.0,105.0,897,2.714694744,7,False,False,False,False,False,False,False,False,False,False,False,False,False,False,False,False,False,False,False,False,False,False,False,True,False,False,False,False,False,False,False,False,False,False,False,False,False,False
10.29,5.0,0.3,16.0,4.0,2000.0,144.0,1028,3.847377812,7,False,False,False,False,False,False,False,False,False,False,False,False,False,False,False,False,False,False,False,False,False,False,False,True,False,False,False,False,False,False,False,False,False,False,False,False,False,False
10.16,5.0,0.3,16.0,4.0,1600.0,137.0,793,3.888549649,7,False,False,False,False,False,False,False,False,False,False,False,False,False,False,False,False,False,False,False,False,False,False,False,True,False,False,False,False,False,False,False,False,False,False,False,False,False,False
12.78,8.0,2.0,16.0,4.0,2800.0,190.0,1006,4.27652722,7,False,False,False,False,False,False,False,False,False,False,False,False,False,False,False,False,False,False,False,False,False,False,False,True,False,False,False,False,False,False,False,False,False,False,False,False,False,False
12.7,8.0,2.0,16.0,4.0,2000.0,170.0,855,4.016563185,7,False,False,False,False,False,False,False,False,False,False,False,False,False,False,False,False,False,False,False,False,False,False,False,True,False,False,False,False,False,False,False,False,False,False,False,False,False,False
12.7,5.0,0.3,16.0,4.0,2000.0,170.0,909,3.929666441,7,False,False,False,False,False,False,False,False,False,False,False,False,False,False,False,False,False,False,False,False,False,False,False,True,False,False,False,False,False,False,False,False,False,False,False,False,False,False
7.75,2.0,0.3,512.0,0.25,1500.0,120.0,1038,3.405521353,7,False,False,False,False,False,False,False,False,False,False,False,False,False,False,False,False,False,False,False,False,False,False,False,True,False,False,False,False,False,False,False,False,False,False,False,False,False,False
5.28,1.3,0.3,64.0,0.25,1400.0,95.0,729,2.709382646,7,False,False,False,False,False,False,False,False,False,False,False,False,False,False,False,False,False,False,False,False,False,False,False,True,False,False,False,False,False,False,False,False,False,True,False,False,False,False
5.18,0.3,0.3,32.0,0.25,820.0,90.0,883,2.460443178,7,False,False,False,False,False,False,False,False,False,False,False,False,False,False,False,False,False,False,False,False,False,False,False,True,False,False,False,False,False,False,False,False,False,True,False,False,False,False
5.08,1.3,0.3,64.0,0.25,620.0,69.0,990,2.23644529,7,False,False,False,False,False,False,False,False,False,False,False,False,False,False,False,False,False,False,False,False,False,False,False,True,False,False,False,False,False,False,False,False,False,True,False,False,False,False
12.88,12.0,5.0,16.0,4.0,2600.0,220.0,689,4.199755077,7,False,False,False,False,False,False,False,False,False,False,False,False,False,False,False,False,False,False,False,False,False,False,False,True,False,False,False,False,False,False,False,False,False,False,False,False,False,False
12.7,13.0,5.0,16.0,4.0,2000.0,145.0,745,4.192076051,7,False,False,False,False,False,False,False,False,False,False,False,False,False,False,False,False,False,False,False,False,False,False,False,True,False,False,False,False,False,False,False,False,False,False,False,False,False,False
10.34,8.0,2.0,16.0,4.0,1800.0,125.0,902,3.581572601,7,False,False,False,False,False,False,False,False,False,False,False,False,False,False,False,False,False,False,False,False,False,False,False,True,False,False,False,False,False,False,False,False,False,False,False,False,False,False
12.78,8.0,2.0,16.0,4.0,2200.0,210.0,956,4.004602187,7,False,False,False,False,False,False,False,False,False,False,False,False,False,False,False,False,False,False,False,False,False,False,False,True,False,False,False,False,False,False,False,False,False,False,False,False,False,False
12.88,8.0,1.3,16.0,4.0,2800.0,243.0,1060,4.416186486,7,False,False,False,False,False,False,False,False,False,False,False,False,False,False,False,False,False,False,False,False,False,False,False,True,False,False,False,False,False,False,False,False,False,False,False,False,False,False
10.29,8.0,1.3,16.0,4.0,1800.0,148.0,608,4.153242203,7,False,False,False,False,False,False,False,False,False,False,False,False,False,False,False,False,False,False,False,False,False,False,False,True,False,False,False,False,False,False,False,False,False,False,False,False,False,False
10.29,5.0,0.3,16.0,4.0,1800.0,145.0,850,4.231784971,7,False,False,False,False,False,False,False,False,False,False,False,False,False,False,False,False,False,False,False,False,False,False,False,True,False,False,False,False,False,False,False,False,False,False,False,False,False,False
14.35,12.0,8.0,128.0,4.0,3100.0,168.0,578,5.086608193,2,False,False,False,False,False,False,False,False,False,False,False,False,False,False,False,False,False,False,False,False,False,False,False,True,False,False,False,False,False,False,False,False,False,False,False,False,True,False
14.35,12.0,8.0,64.0,4.0,3100.0,163.0,586,4.579339426,2,False,False,False,False,False,False,False,False,False,False,False,False,False,False,False,False,False,False,False,False,False,False,False,True,False,False,False,False,False,False,False,False,False,False,False,False,True,False
12.83,12.0,8.0,64.0,4.0,3400.0,183.0,567,4.464067345,2,False,False,False,False,False,False,False,False,False,False,False,False,False,False,False,False,False,False,False,False,False,False,False,True,False,False,False,False,False,False,False,False,False,False,False,False,True,False
12.75,12.0,8.0,64.0,4.0,3100.0,165.0,454,4.472552661,2,False,False,False,False,False,False,False,False,False,False,False,False,False,False,False,False,False,False,False,False,False,False,False,True,False,False,False,False,False,False,False,False,False,False,False,False,True,False
12.75,8.0,5.0,16.0,4.0,3100.0,155.0,819,4.286753954,3,False,False,False,False,False,False,False,False,False,False,False,False,False,False,False,False,False,False,False,False,False,False,False,True,False,False,False,False,False,False,False,False,False,False,False,False,True,False
12.75,13.0,5.0,32.0,4.0,3100.0,155.0,890,4.279024447,3,False,False,False,False,False,False,False,False,False,False,False,False,False,False,False,False,False,False,False,False,False,False,False,True,False,False,False,False,False,False,False,False,False,False,False,False,True,False
12.83,12.0,8.0,64.0,4.0,3400.0,183.0,809,4.722508678,3,False,False,False,False,False,False,False,False,False,False,False,False,False,False,False,False,False,False,False,False,False,False,False,True,False,False,False,False,False,False,False,False,False,False,False,False,True,False
12.75,12.0,8.0,64.0,4.0,3100.0,165.0,756,4.511189123,3,False,False,False,False,False,False,False,False,False,False,False,False,False,False,False,False,False,False,False,False,False,False,False,True,False,False,False,False,False,False,False,False,False,False,False,False,True,False
12.75,12.0,8.0,64.0,4.0,3100.0,158.0,564,4.784821514,3,False,False,False,False,False,False,False,False,False,False,False,False,False,False,False,False,False,False,False,False,False,False,False,True,False,False,False,False,False,False,False,False,False,False,False,False,True,False
12.75,16.0,8.0,32.0,4.0,3100.0,153.0,843,4.623501143,3,False,False,False,False,False,False,False,False,False,False,False,False,False,False,False,False,False,False,False,False,False,False,False,True,False,False,False,False,False,False,False,False,False,False,False,False,True,False
12.7,8.0,5.0,16.0,4.0,3080.0,140.0,789,4.054563692,4,False,False,False,False,False,False,False,False,False,False,False,False,False,False,False,False,False,False,False,False,False,False,False,True,False,False,False,False,False,False,False,False,False,False,False,False,True,False
12.7,13.0,5.0,16.0,4.0,3080.0,140.0,992,4.606369467,4,False,False,False,False,False,False,False,False,False,False,False,False,False,False,False,False,False,False,False,False,False,False,False,True,False,False,False,False,False,False,False,False,False,False,False,False,True,False
12.7,16.0,5.0,32.0,4.0,3050.0,139.0,681,4.653579325,4,False,False,False,False,False,False,False,False,False,False,False,False,False,False,False,False,False,False,False,False,False,False,False,True,False,False,False,False,False,False,False,False,False,False,False,False,True,False
12.7,16.0,8.0,16.0,4.0,3200.0,145.0,546,4.3447141,4,False,False,False,False,False,False,False,False,False,False,False,False,False,False,False,False,False,False,False,False,False,False,False,True,False,False,False,False,False,False,False,False,False,False,False,False,True,False
12.7,13.0,5.0,16.0,4.0,2850.0,139.0,542,4.604670061,5,False,False,False,False,False,False,False,False,False,False,False,False,False,False,False,False,False,False,False,False,False,False,False,True,False,False,False,False,False,False,False,False,False,False,False,False,True,False
12.7,13.0,5.0,16.0,4.0,2900.0,148.0,863,4.432719749,5,False,False,False,False,False,False,False,False,False,False,False,False,False,False,False,False,False,False,False,False,False,False,False,True,False,False,False,False,False,False,False,False,False,False,False,False,True,False
12.7,13.0,5.0,16.0,4.0,3120.0,144.0,889,4.733827218,5,False,False,False,False,False,False,False,False,False,False,False,False,False,False,False,False,False,False,False,False,False,False,False,True,False,False,False,False,False,False,False,False,False,False,False,False,True,False
12.83,13.0,5.0,16.0,4.0,3620.0,162.0,774,4.765331338,5,False,False,False,False,False,False,False,False,False,False,False,False,False,False,False,False,False,False,False,False,False,False,False,True,False,False,False,False,False,False,False,False,False,False,False,False,True,False
10.29,8.0,5.0,32.0,4.0,2470.0,115.0,928,4.127295662,5,False,False,False,False,False,False,False,False,False,False,False,False,False,False,False,False,False,False,False,False,False,False,False,True,False,False,False,False,False,False,False,False,False,False,False,False,True,False
10.16,8.0,1.3,16.0,4.0,1800.0,173.8,575,4.069710281,7,False,False,False,False,False,False,False,False,False,False,False,False,False,False,False,False,False,False,False,False,False,False,False,True,False,False,False,False,False,False,False,False,False,False,False,False,True,False
5.18,2.0,8.0,16.0,4.0,2300.0,130.0,723,3.853121898,2,False,False,False,False,False,False,False,False,False,False,False,False,False,False,False,False,False,False,False,False,False,False,False,True,False,False,False,False,False,False,False,False,False,True,False,False,True,False
12.7,13.0,8.0,32.0,4.0,5000.0,218.0,745,4.969743853,3,False,False,False,False,False,False,False,False,False,False,False,False,False,False,False,False,False,False,False,False,False,False,False,True,False,False,False,False,False,False,False,False,False,False,False,False,True,False
10.34,8.0,2.0,16.0,4.0,4000.0,200.0,714,4.202301704,3,False,False,False,False,False,False,False,False,False,False,False,False,False,False,False,False,False,False,False,False,False,False,False,True,False,False,False,False,False,False,False,False,False,False,False,False,True,False
12.75,16.0,8.0,64.0,4.0,4500.0,250.0,443,4.777020443,2,False,False,False,False,False,False,False,False,False,False,False,False,False,False,False,False,False,False,False,False,False,False,False,True,False,False,False,False,False,False,False,False,False,False,False,False,True,False
10.34,13.0,5.0,32.0,4.0,3800.0,153.0,930,5.260511652,4,False,False,False,False,False,False,False,False,False,False,False,False,False,False,False,False,False,False,False,False,False,False,False,True,False,False,False,False,False,False,False,False,False,False,False,False,True,False
10.29,5.0,2.0,32.0,4.0,3000.0,181.0,759,4.81818259,5,False,False,False,False,False,False,False,False,False,False,False,False,False,False,False,False,False,False,False,False,False,False,False,True,False,False,False,False,False,False,False,False,False,False,False,False,True,False
10.34,8.0,2.0,16.0,4.0,3000.0,185.0,688,4.618875833,5,False,False,False,False,False,False,False,False,False,False,False,False,False,False,False,False,False,False,False,False,False,False,False,True,False,False,False,False,False,False,False,False,False,False,False,False,True,False
5.08,2.0,2.0,24.0,4.0,1000.0,101.0,691,3.151453149,5,False,False,False,False,False,False,False,False,False,False,False,False,False,False,False,False,False,False,False,False,False,False,False,True,False,False,False,False,False,False,False,False,False,True,False,False,False,False
10.34,8.0,0.3,32.0,4.0,2630.0,185.0,1023,4.306898912,6,False,False,False,False,False,False,False,False,False,False,False,False,False,False,False,False,False,False,False,False,False,False,False,True,False,False,False,False,False,False,False,False,False,False,False,False,True,False
10.16,5.0,0.3,16.0,4.0,2000.0,170.0,802,3.486151088,7,False,False,False,False,False,False,False,False,False,False,False,False,False,False,False,False,False,False,False,False,False,False,False,True,False,False,False,False,False,False,False,False,False,False,False,False,False,False
5.13,3.15,0.3,128.0,0.25,1150.0,136.0,590,4.149621578,7,False,False,False,False,False,False,False,False,False,False,False,False,False,False,False,False,False,False,False,False,False,False,False,True,False,False,False,False,False,False,False,False,False,True,False,False,False,False
5.08,2.0,0.3,16.0,4.0,1300.0,161.0,630,3.193763124,7,False,False,False,False,False,False,False,False,False,False,False,False,False,False,False,False,False,False,False,False,False,False,False,True,False,False,False,False,False,False,False,False,False,True,False,False,False,False
10.16,5.0,1.3,16.0,4.0,1400.0,122.0,549,3.662792119,6,False,False,False,False,True,False,False,False,False,False,False,False,False,False,False,False,False,False,False,False,False,False,False,False,False,False,False,False,False,False,False,False,False,False,False,False,False,False
10.16,5.0,1.3,16.0,4.0,1400.0,122.0,1035,3.493776563,6,False,False,False,False,True,False,False,False,False,False,False,False,False,False,False,False,False,False,False,False,False,False,False,False,False,False,False,False,False,False,False,False,False,False,False,False,False,False
10.16,5.0,1.3,16.0,4.0,1400.0,122.0,573,3.654288009,6,False,False,False,False,True,False,False,False,False,False,False,False,False,False,False,False,False,False,False,False,False,False,False,False,False,False,False,False,False,False,False,False,False,False,False,False,False,False
12.7,8.0,2.0,16.0,4.0,1400.0,149.0,995,4.085640122,6,False,False,False,False,True,False,False,False,False,False,False,False,False,False,False,False,False,False,False,False,False,False,False,False,False,False,False,False,False,False,False,False,False,False,False,False,False,False
12.7,5.0,0.3,32.0,4.0,1400.0,147.0,661,3.950281718,6,False,False,False,False,True,False,False,False,False,False,False,False,False,False,False,False,False,False,False,False,False,False,False,False,False,False,False,False,False,False,False,False,False,False,False,False,False,False
10.16,3.15,1.3,512.0,0.25,1400.0,115.3,932,3.028683374,6,False,False,False,False,True,False,False,False,False,False,False,False,False,False,False,False,False,False,False,False,False,False,False,False,False,False,False,False,False,False,False,False,False,False,False,False,False,False
10.29,8.0,1.3,16.0,4.0,2000.0,130.0,1027,3.537184091,6,False,False,False,False,True,False,False,False,False,False,False,False,False,False,False,False,False,False,False,False,False,False,False,False,False,False,False,False,False,False,False,False,False,False,False,False,False,False
7.75,3.15,0.3,512.0,4.0,1400.0,102.0,573,2.68988623,6,False,False,False,False,True,False,False,False,False,False,False,False,False,False,False,False,False,False,False,False,False,False,False,False,False,False,False,False,False,False,False,False,False,False,False,False,False,False
10.29,5.0,1.3,16.0,4.0,1400.0,78.2,985,3.693120448,6,False,False,False,False,True,False,False,False,False,False,False,False,False,False,False,False,False,False,False,False,False,False,False,False,False,False,False,False,False,False,False,False,False,False,False,False,False,False
12.7,5.0,0.3,16.0,4.0,1400.0,140.0,1059,3.758172281,7,False,False,False,False,True,False,False,False,False,False,False,False,False,False,False,False,False,False,False,False,False,False,False,False,False,False,False,False,False,False,False,False,False,False,False,False,False,False
10.29,5.0,1.3,16.0,4.0,1400.0,140.0,965,3.765608987,7,False,False,False,False,True,False,False,False,False,False,False,False,False,False,False,False,False,False,False,False,False,False,False,False,False,False,False,False,False,False,False,False,False,False,False,False,False,False
7.75,3.15,0.3,512.0,0.25,1400.0,140.0,567,2.911807039,7,False,False,False,False,True,False,False,False,False,False,False,False,False,False,False,False,False,False,False,False,False,False,False,False,False,False,False,False,False,False,False,False,False,False,False,False,False,False
7.75,1.3,0.3,256.0,0.25,1200.0,140.0,836,2.466403178,7,False,False,False,False,True,False,False,False,False,False,False,False,False,False,False,False,False,False,False,False,False,False,False,False,False,False,False,False,False,False,False,False,False,True,False,False,False,False
5.18,1.3,0.3,256.0,0.25,1800.0,140.0,586,2.333114298,7,False,False,False,False,True,False,False,False,False,False,False,False,False,False,False,False,False,False,False,False,False,False,False,False,False,False,False,False,False,False,False,False,False,True,False,False,False,False
5.28,1.3,0.3,256.0,0.25,1400.0,140.0,561,2.063058062,7,False,False,False,False,True,False,False,False,False,False,False,False,False,False,False,False,False,False,False,False,False,False,False,False,False,False,False,False,False,False,False,False,False,True,False,False,False,False
5.23,1.3,0.3,256.0,0.25,1400.0,140.0,796,2.242835089,7,False,False,False,False,True,False,False,False,False,False,False,False,False,False,False,False,False,False,False,False,False,False,False,False,False,False,False,False,False,False,False,False,False,True,False,False,False,False
5.23,0.3,0.3,256.0,0.25,1400.0,140.0,687,2.315501318,7,False,False,False,False,True,False,False,False,False,False,False,False,False,False,False,False,False,False,False,False,False,False,False,False,False,False,False,False,False,False,False,False,False,True,False,False,False,False
12.7,8.0,1.3,16.0,4.0,1400.0,140.0,567,3.898532415,7,False,False,False,False,True,False,False,False,False,False,False,False,False,False,False,False,False,False,False,False,False,False,False,False,False,False,False,False,False,False,False,False,False,False,False,False,False,False
10.16,3.15,0.3,512.0,0.25,1400.0,140.0,637,2.800325477,7,False,False,False,False,True,False,False,False,False,False,False,False,False,False,False,False,False,False,False,False,False,False,False,False,False,False,False,False,False,False,False,False,False,False,False,False,False,False
10.16,3.15,0.3,256.0,0.25,1400.0,140.0,778,3.116621591,7,False,False,False,False,True,False,False,False,False,False,False,False,False,False,False,False,False,False,False,False,False,False,False,False,False,False,False,False,False,False,False,False,False,False,False,False,False,False
7.75,1.3,0.3,256.0,0.25,1400.0,140.0,945,2.884800713,7,False,False,False,False,True,False,False,False,False,False,False,False,False,False,False,False,False,False,False,False,False,False,False,False,False,False,False,False,False,False,False,False,False,False,False,False,False,False
12.7,12.0,3.0,16.0,4.0,1400.0,177.0,779,4.035478809,7,False,False,False,False,True,False,False,False,False,False,False,False,False,False,False,False,False,False,False,False,False,False,False,False,False,False,False,False,False,False,False,False,False,False,False,False,False,False
10.16,5.0,0.3,512.0,0.25,1400.0,140.0,942,3.171784217,7,False,False,False,False,True,False,False,False,False,False,False,False,False,False,False,False,False,False,False,False,False,False,False,False,False,False,False,False,False,False,False,False,False,False,False,False,False,False
10.34,8.0,0.3,256.0,0.25,1400.0,140.0,831,4.312408568,7,False,False,False,False,True,False,False,False,False,False,False,False,False,False,False,False,False,False,False,False,False,False,False,False,False,False,False,False,False,False,False,False,False,False,False,False,False,False
10.16,2.0,0.3,256.0,0.25,1200.0,140.0,635,2.85819286,7,False,False,False,False,True,False,False,False,False,False,False,False,False,False,False,False,False,False,False,False,False,False,False,False,False,False,False,False,False,False,False,False,False,True,False,False,False,False
7.75,2.0,0.3,256.0,0.25,1200.0,140.0,569,2.877511642,7,False,False,False,False,True,False,False,False,False,False,False,False,False,False,False,False,False,False,False,False,False,False,False,False,False,False,False,False,False,False,False,False,False,True,False,False,False,False
5.18,1.3,0.3,256.0,0.25,1800.0,140.0,899,2.35991016,7,False,False,False,False,True,False,False,False,False,False,False,False,False,False,False,False,False,False,False,False,False,False,False,False,False,False,False,False,False,False,False,False,False,True,False,False,False,False
5.18,1.3,0.3,256.0,0.25,1500.0,140.0,818,2.429217744,7,False,False,False,False,True,False,False,False,False,False,False,False,False,False,False,False,False,False,False,False,False,False,False,False,False,False,False,False,False,False,False,False,False,True,False,False,False,False
5.23,1.3,0.3,256.0,0.25,1400.0,140.0,980,2.621038824,7,False,False,False,False,True,False,False,False,False,False,False,False,False,False,False,False,False,False,False,False,False,False,False,False,False,False,False,False,False,False,False,False,False,True,False,False,False,False
5.23,1.3,0.3,256.0,0.25,3000.0,140.0,787,2.584751985,7,False,False,False,False,True,False,False,False,False,False,False,False,False,False,False,False,False,False,False,False,False,False,False,False,False,False,False,False,False,False,False,False,False,True,False,False,False,False
11.76,5.0,0.3,256.0,0.25,1400.0,140.0,857,4.335720882,7,False,False,False,False,True,False,False,False,False,False,False,False,False,False,False,False,False,False,False,False,False,False,False,False,False,False,False,False,False,False,False,False,False,False,False,False,False,False
11.76,8.0,0.3,256.0,0.25,1400.0,140.0,563,4.493791598,7,False,False,False,False,True,False,False,False,False,False,False,False,False,False,False,False,False,False,False,False,False,False,False,False,False,False,False,False,False,False,False,False,False,False,False,False,False,False
7.75,3.15,0.3,256.0,0.25,1400.0,98.0,1034,4.187075661,7,False,False,False,False,True,False,False,False,False,False,False,False,False,False,False,False,False,False,False,False,False,False,False,False,False,False,False,False,False,False,False,False,False,False,False,False,False,False
15.29,8.0,8.0,64.0,4.0,4000.0,177.0,655,4.634146294,2,False,False,False,False,False,True,False,False,False,False,False,False,False,False,False,False,False,False,False,False,False,False,False,False,False,False,False,False,False,False,False,False,False,False,False,False,True,False
12.83,12.0,13.0,64.0,4.0,3200.0,152.0,791,4.564348191,3,False,False,False,False,False,True,False,False,False,False,False,False,False,False,False,False,False,False,False,False,False,False,False,False,False,False,False,False,False,False,False,False,False,False,False,False,True,False
12.7,13.0,8.0,16.0,4.0,2500.0,148.0,671,4.132121927,3,False,False,False,False,False,True,False,False,False,False,False,False,False,False,False,False,False,False,False,False,False,False,False,False,False,False,False,False,False,False,False,False,False,False,False,False,True,False
12.83,13.0,8.0,64.0,4.0,4060.0,167.0,851,4.443004135,4,False,False,False,False,False,True,False,False,False,False,False,False,False,False,False,False,False,False,False,False,False,False,False,False,False,False,False,False,False,False,False,False,False,False,False,False,True,False
12.7,13.0,8.0,16.0,4.0,2500.0,148.0,555,4.527532916,3,False,False,False,False,False,True,False,False,False,False,False,False,False,False,False,False,False,False,False,False,False,False,False,False,False,False,False,False,False,False,False,False,False,False,False,False,True,False
12.83,16.0,8.0,128.0,4.0,4070.0,168.0,820,4.53464042,4,False,False,False,False,False,True,False,False,False,False,False,False,False,False,False,False,False,False,False,False,False,False,False,False,False,False,False,False,False,False,False,False,False,False,False,False,True,False
12.83,8.0,8.0,16.0,4.0,3050.0,170.0,646,4.231784971,4,False,False,False,False,False,True,False,False,False,False,False,False,False,False,False,False,False,False,False,False,False,False,False,False,False,False,False,False,False,False,False,False,False,False,False,False,True,False
12.83,13.0,8.0,32.0,4.0,4010.0,173.4,661,4.55039716,4,False,False,False,False,False,True,False,False,False,False,False,False,False,False,False,False,False,False,False,False,False,False,False,False,False,False,False,False,False,False,False,False,False,False,False,False,True,False
12.83,8.0,8.0,16.0,4.0,2500.0,143.0,1078,4.201553369,4,False,False,False,False,False,True,False,False,False,False,False,False,False,False,False,False,False,False,False,False,False,False,False,False,False,False,False,False,False,False,False,False,False,False,False,False,True,False
12.83,8.0,8.0,16.0,4.0,2500.0,143.0,777,4.207226719,4,False,False,False,False,False,True,False,False,False,False,False,False,False,False,False,False,False,False,False,False,False,False,False,False,False,False,False,False,False,False,False,False,False,False,False,False,True,False
12.83,13.0,5.0,16.0,4.0,2500.0,163.0,1011,4.146146061,4,False,False,False,False,False,True,False,False,False,False,False,False,False,False,False,False,False,False,False,False,False,False,False,False,False,False,False,False,False,False,False,False,False,False,False,False,True,False
12.83,13.0,5.0,16.0,4.0,3000.0,168.0,1028,4.107096246,4,False,False,False,False,False,True,False,False,False,False,False,False,False,False,False,False,False,False,False,False,False,False,False,False,False,False,False,False,False,False,False,False,False,False,False,False,True,False
12.83,13.0,5.0,64.0,4.0,2800.0,170.0,703,4.91125685,4,False,False,False,False,False,True,False,False,False,False,False,False,False,False,False,False,False,False,False,False,False,False,False,False,False,False,False,False,False,False,False,False,False,False,False,False,True,False
12.7,8.0,2.0,32.0,4.0,2000.0,125.0,1040,4.046553898,4,False,False,False,False,False,True,False,False,False,False,False,False,False,False,False,False,False,False,False,False,False,False,False,False,False,False,False,False,False,False,False,False,False,False,False,False,True,False
10.34,8.0,5.0,16.0,4.0,1800.0,120.0,755,4.274858931,4,False,False,False,False,False,True,False,False,False,False,False,False,False,False,False,False,False,False,False,False,False,False,False,False,False,False,False,False,False,False,False,False,False,False,False,False,True,False
12.7,13.0,5.0,16.0,4.0,2500.0,142.0,779,4.204095426,4,False,False,False,False,False,True,False,False,False,False,False,False,False,False,False,False,False,False,False,False,False,False,False,False,False,False,False,False,False,False,False,False,False,False,False,False,True,False
12.83,13.0,5.0,16.0,4.0,3000.0,138.5,1014,4.131158535,5,False,False,False,False,False,True,False,False,False,False,False,False,False,False,False,False,False,False,False,False,False,False,False,False,False,False,False,False,False,False,False,False,False,False,False,False,True,False
12.83,13.0,5.0,32.0,4.0,2500.0,138.5,883,4.590259573,5,False,False,False,False,False,True,False,False,False,False,False,False,False,False,False,False,False,False,False,False,False,False,False,False,False,False,False,False,False,False,False,False,False,False,False,False,True,False
12.83,8.0,2.0,32.0,4.0,2500.0,158.0,725,4.349890765,5,False,False,False,False,False,True,False,False,False,False,False,False,False,False,False,False,False,False,False,False,False,False,False,False,False,False,False,False,False,False,False,False,False,False,False,False,True,False
10.34,8.0,5.0,32.0,4.0,1800.0,119.0,820,4.243339115,5,False,False,False,False,False,True,False,False,False,False,False,False,False,False,False,False,False,False,False,False,False,False,False,False,False,False,False,False,False,False,False,False,False,False,False,False,True,False
17.78,3.15,0.3,16.0,4.0,4100.0,234.0,613,3.834061464,7,False,False,False,False,False,False,False,False,False,False,False,False,False,False,False,False,False,False,False,False,False,False,False,True,False,False,False,False,False,False,False,False,False,False,False,False,False,False
12.57,12.0,8.0,16.0,4.0,4000.0,139.0,687,4.14472077,2,False,False,False,False,False,False,False,False,False,False,False,False,False,False,False,False,False,False,False,False,False,False,False,True,False,False,False,False,False,False,False,False,False,False,False,False,True,False
12.57,12.0,8.0,32.0,4.0,4000.0,139.0,377,4.403910428,2,False,False,False,False,False,False,False,False,False,False,False,False,False,False,False,False,False,False,False,False,False,False,False,True,False,False,False,False,False,False,False,False,False,False,False,False,False,False
12.7,13.0,5.0,16.0,4.0,3000.0,142.5,493,4.395066248,2,False,False,False,False,False,False,False,False,False,False,False,False,False,False,False,False,False,False,False,False,False,False,False,True,False,False,False,False,False,False,False,False,False,False,False,False,True,False
5.28,0.3,8.0,32.0,0.25,3100.0,130.0,504,3.277144733,2,False,False,False,False,False,False,False,False,False,False,False,False,False,False,False,False,False,False,False,False,False,False,False,True,False,False,False,False,False,False,False,False,False,True,False,False,False,False
5.18,5.0,8.0,32.0,4.0,2000.0,256.0,711,4.263524591,2,False,False,False,False,False,False,False,False,False,False,False,False,False,False,False,False,False,False,False,False,False,False,False,True,False,False,False,False,False,False,False,False,False,False,False,False,True,False
12.83,16.0,8.0,32.0,4.0,4000.0,203.0,645,5.163470824,2,False,False,False,False,False,False,False,False,False,False,False,False,False,False,False,False,False,False,False,False,False,False,False,True,False,False,False,False,False,False,False,False,False,False,False,False,True,False
12.93,12.0,8.0,64.0,4.0,4500.0,190.0,608,4.933538244,2,False,False,False,False,False,False,False,False,False,False,False,False,False,False,False,False,False,False,False,False,False,False,False,True,False,False,False,False,False,False,False,False,False,False,False,False,True,False
12.83,13.0,5.0,16.0,4.0,5000.0,203.0,594,4.619368905,3,False,False,False,False,False,False,False,False,False,False,False,False,False,False,False,False,False,False,False,False,False,False,False,True,False,False,False,False,False,False,False,False,False,False,False,False,True,False
12.83,13.0,5.0,32.0,4.0,3000.0,180.0,792,4.410006521,3,False,False,False,False,False,False,False,False,False,False,False,False,False,False,False,False,False,False,False,False,False,False,False,True,False,False,False,False,False,False,False,False,False,False,False,False,True,False
12.7,5.0,2.0,32.0,4.0,2000.0,167.0,715,3.97724879,3,False,False,False,False,False,False,False,False,False,False,False,False,False,False,False,False,False,False,False,False,False,False,False,True,False,False,False,False,False,False,False,False,False,False,False,False,False,False
12.75,13.0,5.0,16.0,4.0,4000.0,206.0,836,4.892902257,3,False,False,False,False,False,False,False,False,False,False,False,False,False,False,False,False,False,False,False,False,False,False,False,True,False,False,False,False,False,False,False,False,False,False,False,False,True,False
5.18,0.3,5.0,32.0,4.0,1500.0,112.0,770,3.24376354,3,False,False,False,False,False,False,False,False,False,False,False,False,False,False,False,False,False,False,False,False,False,False,False,True,False,False,False,False,False,False,False,False,False,True,False,False,False,False
5.18,0.3,5.0,32.0,4.0,1000.0,92.0,629,3.259249719,3,False,False,False,False,False,False,False,False,False,False,False,False,False,False,False,False,False,False,False,False,False,False,False,True,False,False,False,False,False,False,False,False,False,True,False,False,True,False
10.16,2.0,0.3,16.0,4.0,1300.0,105.0,1034,3.055886196,5,False,False,False,False,False,False,False,False,False,False,False,False,False,False,False,False,False,False,False,False,False,False,False,True,False,False,False,False,False,False,False,False,False,False,False,False,False,False
12.7,5.0,2.0,32.0,4.0,2100.0,145.0,573,4.037068494,5,False,False,False,False,False,False,False,False,False,False,False,False,False,False,False,False,False,False,False,False,False,False,False,True,False,False,False,False,False,False,False,False,False,False,False,False,False,False
10.29,5.0,2.0,32.0,4.0,1600.0,125.0,962,3.88567903,5,False,False,False,False,False,False,False,False,False,False,False,False,False,False,False,False,False,False,False,False,False,False,False,True,False,False,False,False,False,False,False,False,False,False,False,False,False,False
12.7,8.0,5.0,32.0,4.0,2000.0,150.0,1031,3.897924081,5,False,False,False,False,False,False,False,False,False,False,False,False,False,False,False,False,False,False,False,False,False,False,False,True,False,False,False,False,False,False,False,False,False,False,False,False,False,False
12.7,13.0,5.0,32.0,4.0,2000.0,150.0,944,4.512616204,6,False,False,False,False,False,False,False,False,False,False,False,False,False,False,False,False,False,False,False,False,False,False,False,True,False,False,False,False,False,False,False,False,False,False,False,False,False,False
10.16,8.0,0.3,16.0,4.0,1400.0,121.0,1061,3.985830933,6,False,False,False,False,False,False,False,False,False,False,False,False,False,False,False,False,False,False,False,False,False,False,False,True,False,False,False,False,False,False,False,False,False,False,False,False,False,False
12.7,13.0,5.0,32.0,4.0,2500.0,154.5,1030,4.355682659,7,False,False,False,False,False,False,False,False,False,False,False,False,False,False,False,False,False,False,False,False,False,False,False,True,False,False,False,False,False,False,False,False,False,False,False,False,False,False
10.16,5.0,0.3,16.0,4.0,1400.0,154.5,863,3.902376628,7,False,False,False,False,False,False,False,False,False,False,False,False,False,False,False,False,False,False,False,False,False,False,False,True,False,False,False,False,False,False,False,False,False,False,False,False,False,False
10.29,5.0,0.3,16.0,4.0,2000.0,147.7,619,4.140114296,7,False,False,False,False,False,False,False,False,False,False,False,False,False,False,False,False,False,False,False,False,False,False,False,True,False,False,False,False,False,False,False,False,False,False,False,False,False,False
10.29,8.0,2.0,16.0,4.0,1700.0,147.0,715,3.664586762,7,False,False,False,False,False,False,False,False,False,False,False,False,False,False,False,False,False,False,False,False,False,False,False,True,False,False,False,False,False,False,False,False,False,False,False,False,False,False
12.7,13.0,2.0,16.0,4.0,2000.0,168.0,994,4.499365127,7,False,False,False,False,False,False,False,False,False,False,False,False,False,False,False,False,False,False,False,False,False,False,False,True,False,False,False,False,False,False,False,False,False,False,False,False,False,False
12.7,13.0,2.0,16.0,4.0,1900.0,165.0,966,4.254761284,7,False,False,False,False,False,False,False,False,False,False,False,False,False,False,False,False,False,False,False,False,False,False,False,True,False,False,False,False,False,False,False,False,False,False,False,False,False,False
10.29,8.0,2.0,16.0,4.0,1700.0,150.5,944,4.484921613,7,False,False,False,False,False,False,False,False,False,False,False,False,False,False,False,False,False,False,False,False,False,False,False,True,False,False,False,False,False,False,False,False,False,False,False,False,False,False
10.16,5.0,0.3,16.0,4.0,1500.0,130.5,727,4.143610804,7,False,False,False,False,False,False,False,False,False,False,False,False,False,False,False,False,False,False,False,False,False,False,False,True,False,False,False,False,False,False,False,False,False,False,False,False,False,False
13.84,8.0,5.0,16.0,4.0,2670.0,135.6,645,4.351567427,2,False,False,False,False,False,False,True,False,False,False,False,False,False,False,False,False,False,False,False,False,False,False,False,False,False,False,False,False,False,False,False,False,False,False,False,False,True,False
15.27,13.0,8.0,64.0,4.0,3600.0,177.0,854,4.902975842,3,False,False,False,False,False,False,True,False,False,False,False,False,False,False,False,False,False,False,False,False,False,False,False,False,False,False,False,False,False,False,False,False,False,False,False,False,True,False
15.21,13.0,8.0,64.0,4.0,3410.0,165.0,778,4.961655112,3,False,False,False,False,False,False,True,False,False,False,False,False,False,False,False,False,False,False,False,False,False,False,False,False,False,False,False,False,False,False,False,False,False,False,False,False,True,False
12.88,13.0,16.0,32.0,4.0,3030.0,141.0,619,4.789073824,3,False,False,False,False,False,False,True,False,False,False,False,False,False,False,False,False,False,False,False,False,False,False,False,False,False,False,False,False,False,False,False,False,False,False,False,False,True,False
16.33,13.0,8.0,128.0,4.0,5000.0,241.0,726,4.999506936,3,False,False,False,False,False,False,True,False,False,False,False,False,False,False,False,False,False,False,False,False,False,False,False,False,False,False,False,False,False,False,False,False,False,False,False,False,True,False
15.24,13.0,8.0,64.0,4.0,5000.0,199.0,847,4.881513214,3,False,False,False,False,False,False,True,False,False,False,False,False,False,False,False,False,False,False,False,False,False,False,False,False,False,False,False,False,False,False,False,False,False,False,False,False,True,False
15.27,13.0,8.0,64.0,4.0,4000.0,180.0,603,4.372481222,3,False,False,False,False,False,False,True,False,False,False,False,False,False,False,False,False,False,False,False,False,False,False,False,False,False,False,False,False,False,False,False,False,False,False,False,False,True,False
15.24,12.0,8.0,64.0,4.0,6020.0,215.0,623,4.991656327,3,False,False,False,False,False,False,True,False,False,False,False,False,False,False,False,False,False,False,False,False,False,False,False,False,False,False,False,False,False,False,False,False,False,False,False,False,True,False
15.24,13.0,20.0,64.0,4.0,4550.0,226.0,756,4.825670246,3,False,False,False,False,False,False,True,False,False,False,False,False,False,False,False,False,False,False,False,False,False,False,False,False,False,False,False,False,False,False,False,False,False,False,False,False,True,False
12.83,13.0,16.0,64.0,4.0,4010.0,182.0,750,4.571303116,3,False,False,False,False,False,False,True,False,False,False,False,False,False,False,False,False,False,False,False,False,False,False,False,False,False,False,False,False,False,False,False,False,False,False,False,False,True,False
12.78,13.0,8.0,32.0,4.0,4000.0,162.0,660,4.260141447,3,False,False,False,False,False,False,True,False,False,False,False,False,False,False,False,False,False,False,False,False,False,False,False,False,False,False,False,False,False,False,False,False,False,False,False,False,True,False
12.88,13.0,8.0,128.0,4.0,7000.0,238.0,656,5.674628257,4,False,False,False,False,False,False,True,False,False,False,False,False,False,False,False,False,False,False,False,False,False,False,False,False,False,False,False,False,False,False,False,False,False,False,False,False,True,False
12.7,8.0,5.0,16.0,4.0,4000.0,160.0,567,4.195395806,4,False,False,False,False,False,False,True,False,False,False,False,False,False,False,False,False,False,False,False,False,False,False,False,False,False,False,False,False,False,False,False,False,False,False,False,False,True,False
12.7,8.0,5.0,16.0,4.0,2300.0,167.0,819,4.310262068,4,False,False,False,False,False,False,True,False,False,False,False,False,False,False,False,False,False,False,False,False,False,False,False,False,False,False,False,False,False,False,False,False,False,False,False,False,True,False
12.83,13.0,13.0,64.0,4.0,3000.0,168.2,992,4.465563232,4,False,False,False,False,False,False,True,False,False,False,False,False,False,False,False,False,False,False,False,False,False,False,False,False,False,False,False,False,False,False,False,False,False,False,False,False,True,False
12.83,13.0,5.0,32.0,4.0,3065.0,183.0,819,4.356452384,4,False,False,False,False,False,False,True,False,False,False,False,False,False,False,False,False,False,False,False,False,False,False,False,False,False,False,False,False,False,False,False,False,False,False,False,False,True,False
12.83,13.0,8.0,32.0,4.0,3150.0,166.0,970,4.645640119,4,False,False,False,False,False,False,True,False,False,False,False,False,False,False,False,False,False,False,False,False,False,False,False,False,False,False,False,False,False,False,False,False,False,False,False,False,True,False
12.83,13.0,8.0,64.0,4.0,3130.0,170.0,835,5.007497042,4,False,False,False,False,False,False,True,False,False,False,False,False,False,False,False,False,False,False,False,False,False,False,False,False,False,False,False,False,False,False,False,False,False,False,False,False,True,False
10.29,5.0,2.0,32.0,4.0,1800.0,153.0,606,3.745968421,4,False,False,False,False,False,False,True,False,False,False,False,False,False,False,False,False,False,False,False,False,False,False,False,False,False,False,False,False,False,False,False,False,False,False,False,False,False,False
10.21,16.0,5.0,64.0,4.0,2530.0,207.7,873,5.073359671,4,False,False,False,False,False,False,True,False,False,False,False,False,False,False,False,False,False,False,False,False,False,False,False,False,False,False,False,False,False,False,False,False,False,False,False,False,True,False
12.83,16.0,8.0,64.0,4.0,3000.0,147.2,694,5.161695489,4,False,False,False,False,False,False,True,False,False,False,False,False,False,False,False,False,False,False,False,False,False,False,False,False,False,False,False,False,False,False,False,False,False,False,False,False,True,False
12.7,8.0,5.0,16.0,4.0,4000.0,167.6,941,4.199905058,4,False,False,False,False,False,False,True,False,False,False,False,False,False,False,False,False,False,False,False,False,False,False,False,False,False,False,False,False,False,False,False,False,False,False,False,False,False,False
12.83,8.0,5.0,16.0,4.0,5000.0,200.0,713,4.295106163,5,False,False,False,False,False,False,True,False,False,False,False,False,False,False,False,False,False,False,False,False,False,False,False,False,False,False,False,False,False,False,False,False,False,False,False,False,True,False
15.24,13.0,5.0,64.0,4.0,5020.0,208.0,945,4.336898507,5,False,False,False,False,False,False,True,False,False,False,False,False,False,False,False,False,False,False,False,False,False,False,False,False,False,False,False,False,False,False,False,False,False,False,False,False,True,False
12.7,8.0,5.0,32.0,4.0,4000.0,183.0,779,4.507667605,5,False,False,False,False,False,False,True,False,False,False,False,False,False,False,False,False,False,False,False,False,False,False,False,False,False,False,False,False,False,False,False,False,False,False,False,False,True,False
12.7,5.0,2.0,16.0,4.0,2000.0,153.0,1069,3.573468603,5,False,False,False,False,False,False,True,False,False,False,False,False,False,False,False,False,False,False,False,False,False,False,False,False,False,False,False,False,False,False,False,False,False,False,False,False,False,False
12.83,13.0,5.0,32.0,4.0,3150.0,147.0,829,4.803036954,5,False,False,False,False,False,False,True,False,False,False,False,False,False,False,False,False,False,False,False,False,False,False,False,False,False,False,False,False,False,False,False,False,False,False,False,False,True,False
12.7,8.0,5.0,16.0,4.0,2400.0,136.6,967,4.138520925,5,False,False,False,False,False,False,True,False,False,False,False,False,False,False,False,False,False,False,False,False,False,False,False,False,False,False,False,False,False,False,False,False,False,False,False,False,True,False
15.24,24.0,8.0,64.0,4.0,3500.0,210.0,1022,5.3574821,5,False,False,False,False,False,False,True,False,False,False,False,False,False,False,False,False,False,False,False,False,False,False,False,False,False,False,False,False,False,False,False,False,False,False,False,False,True,False
12.7,8.0,5.0,16.0,4.0,5000.0,176.0,1054,4.548494009,5,False,False,False,False,False,False,True,False,False,False,False,False,False,False,False,False,False,False,False,False,False,False,False,False,False,False,False,False,False,False,False,False,False,False,False,False,True,False
12.83,13.0,5.0,32.0,4.0,6020.0,211.0,892,5.004885462,5,False,False,False,False,False,False,True,False,False,False,False,False,False,False,False,False,False,False,False,False,False,False,False,False,False,False,False,False,False,False,False,False,False,False,False,False,True,False
10.29,5.0,2.0,32.0,4.0,1800.0,176.0,886,3.883829271,5,False,False,False,False,False,False,True,False,False,False,False,False,False,False,False,False,False,False,False,False,False,False,False,False,False,False,False,False,False,False,False,False,False,False,False,False,False,False
12.75,13.0,8.0,16.0,4.0,2700.0,125.3,623,4.904904339,5,False,False,False,False,False,False,True,False,False,False,False,False,False,False,False,False,False,False,False,False,False,False,False,False,False,False,False,False,False,False,False,False,False,False,False,False,True,False
12.7,8.0,2.0,32.0,4.0,5000.0,180.3,950,4.160912273,6,False,False,False,False,False,False,True,False,False,False,False,False,False,False,False,False,False,False,False,False,False,False,False,False,False,False,False,False,False,False,False,False,False,False,False,False,False,False
10.36,8.0,5.0,16.0,4.0,2050.0,97.7,911,4.185555442,6,False,False,False,False,False,False,True,False,False,False,False,False,False,False,False,False,False,False,False,False,False,False,False,False,False,False,False,False,False,False,False,False,False,False,False,False,False,False
12.7,5.0,2.0,32.0,4.0,1950.0,150.0,595,4.033709524,5,False,False,False,False,False,False,True,False,False,False,False,False,False,False,False,False,False,False,False,False,False,False,False,False,False,False,False,False,False,False,False,False,False,False,False,False,False,False
10.29,5.0,2.0,32.0,4.0,1800.0,88.2,547,3.89324785,6,False,False,False,False,False,False,True,False,False,False,False,False,False,False,False,False,False,False,False,False,False,False,False,False,False,False,False,False,False,False,False,False,False,False,False,False,False,False
12.7,13.0,5.0,16.0,4.0,2300.0,133.0,699,4.783232686,6,False,False,False,False,False,False,True,False,False,False,False,False,False,False,False,False,False,False,False,False,False,False,False,False,False,False,False,False,False,False,False,False,False,False,False,False,False,False
10.34,13.0,0.3,16.0,4.0,1800.0,142.9,1000,4.461415282,7,False,False,False,False,False,False,True,False,False,False,False,False,False,False,False,False,False,False,False,False,False,False,False,False,False,False,False,False,False,False,False,False,False,False,False,False,False,False
12.83,16.0,8.0,16.0,4.0,2500.0,150.0,738,4.632104187,7,False,False,False,False,False,False,True,False,False,False,False,False,False,False,False,False,False,False,False,False,False,False,False,False,False,False,False,False,False,False,False,False,False,False,False,False,True,False
12.7,13.0,5.0,32.0,4.0,2000.0,142.9,632,4.417031744,7,False,False,False,False,False,False,True,False,False,False,False,False,False,False,False,False,False,False,False,False,False,False,False,False,False,False,False,False,False,False,False,False,False,False,False,False,False,False
10.36,8.0,5.0,16.0,4.0,2000.0,135.0,894,4.360675309,7,False,False,False,False,False,False,True,False,False,False,False,False,False,False,False,False,False,False,False,False,False,False,False,False,False,False,False,False,False,False,False,False,False,False,False,False,False,False
10.34,8.0,2.0,16.0,4.0,1800.0,142.9,753,3.86388263,7,False,False,False,False,False,False,True,False,False,False,False,False,False,False,False,False,False,False,False,False,False,False,False,False,False,False,False,False,False,False,False,False,False,False,False,False,False,False
12.7,8.0,2.0,16.0,4.0,4200.0,115.35,614,3.689129423,6,False,False,False,False,False,False,True,False,False,False,False,False,False,False,False,False,False,False,False,False,False,False,False,False,False,False,False,False,False,False,False,False,False,False,False,False,False,False
12.88,13.0,5.0,16.0,4.0,3200.0,115.35,939,4.256179925,6,False,False,False,False,False,False,True,False,False,False,False,False,False,False,False,False,False,False,False,False,False,False,False,False,False,False,False,False,False,False,False,False,False,False,False,False,False,False
12.83,5.0,0.3,16.0,4.0,2250.0,142.9,682,3.660222745,7,False,False,False,False,False,False,True,False,False,False,False,False,False,False,False,False,False,False,False,False,False,False,False,False,False,False,False,False,False,False,False,False,False,False,False,False,False,False
12.78,8.0,2.0,16.0,4.0,3000.0,142.9,755,3.938664936,7,False,False,False,False,False,False,True,False,False,False,False,False,False,False,False,False,False,False,False,False,False,False,False,False,False,False,False,False,False,False,False,False,False,False,False,False,False,False
12.7,8.0,0.3,16.0,4.0,2100.0,142.9,541,3.740047741,7,False,False,False,False,False,False,True,False,False,False,False,False,False,False,False,False,False,False,False,False,False,False,False,False,False,False,False,False,False,False,False,False,False,False,False,False,False,False
10.24,5.0,0.3,16.0,4.0,1700.0,142.9,872,3.374511116,7,False,False,False,False,False,False,True,False,False,False,False,False,False,False,False,False,False,False,False,False,False,False,False,False,False,False,False,False,False,False,False,False,False,False,False,False,False,False
10.16,5.0,0.3,16.0,4.0,1700.0,142.9,779,3.348850901,7,False,False,False,False,False,False,True,False,False,False,False,False,False,False,False,False,False,False,False,False,False,False,False,False,False,False,False,False,False,False,False,False,False,False,False,False,False,False
7.75,2.0,0.3,512.0,0.25,1500.0,142.9,602,3.104586678,7,False,False,False,False,False,False,True,False,False,False,False,False,False,False,False,False,False,False,False,False,False,False,False,False,False,False,False,False,False,False,False,False,False,False,False,False,False,False
10.03,2.0,0.3,16.0,4.0,1700.0,142.9,848,3.47010136,7,False,False,False,False,False,False,True,False,False,False,False,False,False,False,False,False,False,False,False,False,False,False,False,False,False,False,False,False,False,False,False,False,False,False,False,False,False,False
7.75,3.15,0.3,16.0,4.0,1500.0,142.9,824,3.335057579,7,False,False,False,False,False,False,True,False,False,False,False,False,False,False,False,False,False,False,False,False,False,False,False,False,False,False,False,False,False,False,False,False,False,False,False,False,False,False
10.24,5.0,0.3,16.0,4.0,1800.0,142.9,834,3.812865434,7,False,False,False,False,False,False,True,False,False,False,False,False,False,False,False,False,False,False,False,False,False,False,False,False,False,False,False,False,False,False,False,False,False,False,False,False,False,False
10.29,5.0,0.3,16.0,4.0,1800.0,142.9,688,3.535145354,7,False,False,False,False,False,False,True,False,False,False,False,False,False,False,False,False,False,False,False,False,False,False,False,False,False,False,False,False,False,False,False,False,False,False,False,False,False,False
11.81,8.0,1.0,16.0,4.0,2100.0,142.9,719,4.346787983,7,False,False,False,False,False,False,True,False,False,False,False,False,False,False,False,False,False,False,False,False,False,False,False,False,False,False,False,False,False,False,False,False,False,False,False,False,False,False
15.32,12.2,5.0,64.0,4.0,3430.0,184.0,475,5.573825638,2,False,False,False,False,False,False,False,True,False,False,False,False,False,False,False,False,False,False,False,False,False,False,False,False,False,False,False,False,False,False,False,False,False,False,False,False,True,False
12.83,12.2,5.0,64.0,4.0,2915.0,148.0,424,4.464988155,2,False,False,False,False,False,False,False,True,False,False,False,False,False,False,False,False,False,False,False,False,False,False,False,False,False,False,False,False,False,False,False,False,False,False,False,False,True,False
12.7,12.2,8.0,64.0,4.0,2700.0,143.0,890,4.825028346,3,False,False,False,False,False,False,False,True,False,False,False,False,False,False,False,False,False,False,False,False,False,False,False,False,False,False,False,False,False,False,False,False,False,False,False,False,True,False
15.24,12.2,8.0,64.0,4.0,3520.0,175.0,554,5.247760643,3,False,False,False,False,False,False,False,True,False,False,False,False,False,False,False,False,False,False,False,False,False,False,False,False,False,False,False,False,False,False,False,False,False,False,False,False,True,False
12.83,12.3,8.0,32.0,4.0,3450.0,168.0,1021,5.042586055,4,False,False,False,False,False,False,False,True,False,False,False,False,False,False,False,False,False,False,False,False,False,False,False,False,False,False,False,False,False,False,False,False,False,False,False,False,True,False
12.7,12.3,8.0,32.0,4.0,2770.0,143.0,848,4.565077092,4,False,False,False,False,False,False,False,True,False,False,False,False,False,False,False,False,False,False,False,False,False,False,False,False,False,False,False,False,False,False,False,False,False,False,False,False,True,False
12.83,13.0,5.0,32.0,4.0,3000.0,160.0,556,4.177306083,3,False,False,False,False,False,False,False,False,False,False,False,False,False,False,False,False,False,False,False,False,False,False,False,True,False,False,False,False,False,False,False,False,False,False,False,False,True,False
15.77,13.0,32.0,256.0,4.0,3400.0,164.0,372,5.303105883,1,False,False,False,False,False,False,False,False,False,True,False,False,False,False,False,False,False,False,False,False,False,False,False,False,False,False,False,False,False,False,False,False,False,False,False,False,True,False
15.77,13.0,32.0,128.0,4.0,3400.0,164.0,289,4.974178757,1,False,False,False,False,False,False,False,False,False,True,False,False,False,False,False,False,False,False,False,False,False,False,False,False,False,False,False,False,False,False,False,False,False,False,False,False,True,False
15.47,13.0,8.0,64.0,4.0,3020.0,150.0,431,4.782144136,1,False,False,False,False,False,False,False,False,False,True,False,False,False,False,False,False,False,False,False,False,False,False,False,False,False,False,False,False,False,False,False,False,False,False,False,False,True,False
15.34,13.0,25.0,256.0,4.0,4000.0,180.0,410,5.414677168,2,False,False,False,False,False,False,False,False,False,True,False,False,False,False,False,False,False,False,False,False,False,False,False,False,False,False,False,False,False,False,False,False,False,False,False,False,True,False
16.23,13.0,16.0,128.0,4.0,3500.0,206.0,396,5.131081447,1,False,False,False,False,False,False,False,False,False,True,False,False,False,False,False,False,False,False,False,False,False,False,False,False,False,False,False,False,False,False,False,False,False,False,False,False,True,False
16.23,13.0,14.5,128.0,4.0,3500.0,206.0,443,4.896570338,2,False,False,False,False,False,False,False,False,False,True,False,False,False,False,False,False,False,False,False,False,False,False,False,False,False,False,False,False,False,False,False,False,False,False,False,False,True,False
15.47,13.0,8.0,32.0,4.0,3020.0,150.0,283,4.270955399,1,False,False,False,False,False,False,False,False,False,True,False,False,False,False,False,False,False,False,False,False,False,False,False,False,False,False,False,False,False,False,False,False,False,False,False,False,True,False
15.77,13.0,24.0,64.0,4.0,3400.0,162.0,720,4.743278588,2,False,False,False,False,False,False,False,False,False,True,False,False,False,False,False,False,False,False,False,False,False,False,False,False,False,False,False,False,False,False,False,False,False,False,False,False,True,False
15.9,13.0,8.0,32.0,4.0,4000.0,167.0,680,4.353241283,2,False,False,False,False,False,False,False,False,False,True,False,False,False,False,False,False,False,False,False,False,False,False,False,False,False,False,False,False,False,False,False,False,False,False,False,False,True,False
15.37,13.0,16.0,64.0,4.0,3750.0,175.0,718,4.961234944,2,False,False,False,False,False,False,False,False,False,True,False,False,False,False,False,False,False,False,False,False,False,False,False,False,False,False,False,False,False,False,False,False,False,False,False,False,True,False
18.08,13.0,8.0,64.0,4.0,5000.0,210.0,535,4.64851699,2,False,False,False,False,False,False,False,False,False,True,False,False,False,False,False,False,False,False,False,False,False,False,False,False,False,False,False,False,False,False,False,False,False,False,False,False,True,False
17.65,13.0,13.0,128.0,4.0,5000.0,230.0,557,4.698296164,2,False,False,False,False,False,False,False,False,False,True,False,False,False,False,False,False,False,False,False,False,False,False,False,False,False,False,False,False,False,False,False,False,False,False,False,False,True,False
14.83,13.0,16.0,64.0,4.0,3000.0,152.0,626,4.938637914,2,False,False,False,False,False,False,False,False,False,True,False,False,False,False,False,False,False,False,False,False,False,False,False,False,False,False,False,False,False,False,False,False,False,False,False,False,True,False
15.32,13.0,16.0,64.0,4.0,3750.0,176.0,455,5.078667704,2,False,False,False,False,False,False,False,False,False,True,False,False,False,False,False,False,False,False,False,False,False,False,False,False,False,False,False,False,False,False,False,False,False,False,False,False,True,False
13.84,13.0,5.0,16.0,4.0,3020.0,142.0,697,4.406475315,2,False,False,False,False,False,False,False,False,False,True,False,False,False,False,False,False,False,False,False,False,False,False,False,False,False,False,False,False,False,False,False,False,False,False,False,False,True,False
14.83,13.0,24.0,64.0,4.0,3400.0,153.0,420,5.302857047,2,False,False,False,False,False,False,False,False,False,True,False,False,False,False,False,False,False,False,False,False,False,False,False,False,False,False,False,False,False,False,False,False,False,False,False,False,True,False
12.88,13.0,8.0,32.0,4.0,3000.0,150.0,663,4.243769809,2,False,False,False,False,False,False,False,False,False,True,False,False,False,False,False,False,False,False,False,False,False,False,False,False,False,False,False,False,False,False,False,False,False,False,False,False,True,False
15.21,13.0,8.0,32.0,4.0,3000.0,164.0,641,4.480400299,2,False,False,False,False,False,False,False,False,False,True,False,False,False,False,False,False,False,False,False,False,False,False,False,False,False,False,False,False,False,False,False,False,False,False,False,False,True,False
14.35,13.0,8.0,64.0,4.0,3000.0,149.0,778,4.671613143,3,False,False,False,False,False,False,False,False,False,True,False,False,False,False,False,False,False,False,False,False,False,False,False,False,False,False,False,False,False,False,False,False,False,False,False,False,True,False
15.06,13.0,8.0,64.0,4.0,3340.0,165.0,628,4.819555496,3,False,False,False,False,False,False,False,False,False,True,False,False,False,False,False,False,False,False,False,False,False,False,False,False,False,False,False,False,False,False,False,False,False,False,False,False,True,False
15.21,13.0,13.0,128.0,4.0,3750.0,172.0,814,4.687303016,3,False,False,False,False,False,False,False,False,False,True,False,False,False,False,False,False,False,False,False,False,False,False,False,False,False,False,False,False,False,False,False,False,False,False,False,False,True,False
12.75,13.0,8.0,32.0,4.0,3000.0,145.0,632,4.609759638,3,False,False,False,False,False,False,False,False,False,True,False,False,False,False,False,False,False,False,False,False,False,False,False,False,False,False,False,False,False,False,False,False,False,False,False,False,True,False
13.08,13.0,8.0,64.0,4.0,3200.0,155.0,751,4.477450444,3,False,False,False,False,False,False,False,False,False,True,False,False,False,False,False,False,False,False,False,False,False,False,False,False,False,False,False,False,False,False,False,False,False,False,False,False,True,False
12.7,13.0,5.0,32.0,4.0,3020.0,143.0,683,4.177459469,3,False,False,False,False,False,False,False,False,False,True,False,False,False,False,False,False,False,False,False,False,False,False,False,False,False,False,False,False,False,False,False,False,False,False,False,False,True,False
12.88,12.0,8.0,64.0,4.0,4000.0,184.0,557,4.825670246,3,False,False,False,False,False,False,False,False,False,True,False,False,False,False,False,False,False,False,False,False,False,False,False,False,False,False,False,False,False,False,False,False,False,False,False,False,True,False
12.93,12.0,8.0,64.0,4.0,2900.0,145.0,729,4.839767887,4,False,False,False,False,False,False,False,False,False,True,False,False,False,False,False,False,False,False,False,False,False,False,False,False,False,False,False,False,False,False,False,False,False,False,False,False,True,False
12.88,12.0,8.0,32.0,4.0,3500.0,170.0,675,4.714114273,4,False,False,False,False,False,False,False,False,False,True,False,False,False,False,False,False,False,False,False,False,False,False,False,False,False,False,False,False,False,False,False,False,False,False,False,False,True,False
12.83,13.0,8.0,64.0,4.0,3300.0,162.0,595,4.703928958,4,False,False,False,False,False,False,False,False,False,True,False,False,False,False,False,False,False,False,False,False,False,False,False,False,False,False,False,False,False,False,False,False,False,False,False,False,True,False
12.83,13.0,8.0,16.0,4.0,3100.0,168.0,670,4.29374172,4,False,False,False,False,False,False,False,False,False,True,False,False,False,False,False,False,False,False,False,False,False,False,False,False,False,False,False,False,False,False,False,False,False,False,False,False,True,False
15.39,13.0,5.0,32.0,4.0,4500.0,219.0,1014,4.420405648,4,False,False,False,False,False,False,False,False,False,True,False,False,False,False,False,False,False,False,False,False,False,False,False,False,False,False,False,False,False,False,False,False,False,False,False,False,True,False
12.75,12.0,8.0,32.0,4.0,3000.0,153.0,1039,4.790487252,4,False,False,False,False,False,False,False,False,False,True,False,False,False,False,False,False,False,False,False,False,False,False,False,False,False,False,False,False,False,False,False,False,False,False,False,False,True,False
12.7,13.0,5.0,16.0,4.0,2200.0,140.0,672,4.424607082,4,False,False,False,False,False,False,False,False,False,True,False,False,False,False,False,False,False,False,False,False,False,False,False,False,False,False,False,False,False,False,False,False,False,False,False,False,True,False
12.75,13.0,8.0,16.0,4.0,3300.0,156.0,556,4.596835549,4,False,False,False,False,False,False,False,False,False,True,False,False,False,False,False,False,False,False,False,False,False,False,False,False,False,False,False,False,False,False,False,False,False,False,False,False,True,False
12.7,13.0,5.0,16.0,4.0,4000.0,160.0,1001,4.455393261,4,False,False,False,False,False,False,False,False,False,True,False,False,False,False,False,False,False,False,False,False,False,False,False,False,False,False,False,False,False,False,False,False,False,False,False,False,True,False
12.83,13.0,5.0,16.0,4.0,3000.0,158.0,826,4.46383701,5,False,False,False,False,False,False,False,False,False,True,False,False,False,False,False,False,False,False,False,False,False,False,False,False,False,False,False,False,False,False,False,False,False,False,False,False,True,False
12.75,13.0,13.0,32.0,4.0,3100.0,160.0,592,4.765416535,5,False,False,False,False,False,False,False,False,False,True,False,False,False,False,False,False,False,False,False,False,False,False,False,False,False,False,False,False,False,False,False,False,False,False,False,False,True,False
12.75,20.0,8.0,16.0,4.0,3100.0,157.0,960,4.405132623,5,False,False,False,False,False,False,False,False,False,True,False,False,False,False,False,False,False,False,False,False,False,False,False,False,False,False,False,False,False,False,False,False,False,False,False,False,True,False
10.29,8.0,2.0,32.0,4.0,1730.0,159.0,894,3.883006056,5,False,False,False,False,False,False,False,False,False,True,False,False,False,False,False,False,False,False,False,False,False,False,False,False,False,False,False,False,False,False,False,False,False,False,False,False,False,False
12.7,13.0,5.0,32.0,4.0,2550.0,162.0,727,4.315352501,5,False,False,False,False,False,False,False,False,False,True,False,False,False,False,False,False,False,False,False,False,False,False,False,False,False,False,False,False,False,False,False,False,False,False,False,False,False,False
12.83,8.0,8.0,16.0,4.0,3600.0,165.0,1083,4.321878462,6,False,False,False,False,False,False,False,False,False,True,False,False,False,False,False,False,False,False,False,False,False,False,False,False,False,False,False,False,False,False,False,False,False,False,False,False,True,False
12.83,13.0,5.0,32.0,4.0,3000.0,165.0,904,4.572337029,6,False,False,False,False,False,False,False,False,False,True,False,False,False,False,False,False,False,False,False,False,False,False,False,False,False,False,False,False,False,False,False,False,False,False,False,False,True,False
12.7,8.0,2.0,16.0,4.0,2000.0,156.0,700,3.981362484,6,False,False,False,False,False,False,False,False,False,True,False,False,False,False,False,False,False,False,False,False,False,False,False,False,False,False,False,False,False,False,False,False,False,False,False,False,False,False
12.7,8.0,2.0,32.0,4.0,2000.0,160.0,847,3.855875845,6,False,False,False,False,False,False,False,False,False,True,False,False,False,False,False,False,False,False,False,False,False,False,False,False,False,False,False,False,False,False,False,False,False,False,False,False,True,False
12.7,8.0,2.0,16.0,4.0,2000.0,156.0,545,3.872658282,6,False,False,False,False,False,False,False,False,False,True,False,False,False,False,False,False,False,False,False,False,False,False,False,False,False,False,False,False,False,False,False,False,False,False,False,False,False,False
12.7,13.0,5.0,16.0,4.0,3100.0,130.0,829,4.640151155,6,False,False,False,False,False,False,False,False,False,True,False,False,False,False,False,False,False,False,False,False,False,False,False,False,False,False,False,False,False,False,False,False,False,False,False,False,True,False
12.83,13.0,5.0,32.0,4.0,3000.0,162.0,668,4.142658423,6,False,False,False,False,False,False,False,False,False,True,False,False,False,False,False,False,False,False,False,False,False,False,False,False,False,False,False,False,False,False,False,False,False,False,False,False,False,False
12.7,8.0,5.0,32.0,4.0,2300.0,140.0,805,4.50821866,6,False,False,False,False,False,False,False,False,False,True,False,False,False,False,False,False,False,False,False,False,False,False,False,False,False,False,False,False,False,False,False,False,False,False,False,False,True,False
12.83,13.0,5.0,32.0,4.0,3000.0,162.0,1083,4.49880917,7,False,False,False,False,False,False,False,False,False,True,False,False,False,False,False,False,False,False,False,False,False,False,False,False,False,False,False,False,False,False,False,False,False,False,False,False,False,False
12.7,8.0,5.0,32.0,4.0,2300.0,140.0,1090,4.159195535,7,False,False,False,False,False,False,False,False,False,True,False,False,False,False,False,False,False,False,False,False,False,False,False,False,False,False,False,False,False,False,False,False,False,False,False,False,False,False
10.34,13.0,1.3,32.0,4.0,2150.0,138.0,840,4.390862483,7,False,False,False,False,False,False,False,False,False,True,False,False,False,False,False,False,False,False,False,False,False,False,False,False,False,False,False,False,False,False,False,False,False,False,False,False,False,False
15.14,16.0,8.0,64.0,4.0,4150.0,195.0,711,5.427853288,4,False,False,False,False,False,False,False,False,False,False,False,False,False,False,False,False,False,False,False,False,False,False,False,True,False,False,False,False,False,False,False,False,False,False,True,False,True,False
15.24,8.0,2.0,16.0,4.0,3000.0,160.0,900,4.054216771,6,False,False,False,False,False,False,False,False,False,False,False,False,False,False,False,False,False,False,False,False,False,False,False,True,False,False,False,False,False,False,False,False,False,False,False,False,False,False
17.65,5.0,0.3,32.0,4.0,3000.0,305.0,806,4.494350351,6,False,False,False,False,False,False,False,False,False,False,False,False,False,False,False,False,False,False,False,False,False,False,False,True,False,False,False,False,False,False,False,False,False,False,False,False,False,False
17.78,2.0,0.3,32.0,4.0,2800.0,294.8,634,4.18235544,6,False,False,False,False,False,False,False,False,False,False,False,False,False,False,False,False,False,False,False,False,False,False,False,True,False,False,False,False,False,False,False,False,False,False,False,False,False,False
19.94,2.0,0.3,16.0,4.0,3800.0,313.0,664,4.297285406,6,False,False,False,False,False,False,False,False,False,False,False,False,False,False,False,False,False,False,False,False,False,False,False,True,False,False,False,False,False,False,False,False,False,False,False,False,False,False
17.78,13.0,5.0,16.0,4.0,5000.0,239.0,678,5.062088576,6,False,False,False,False,False,False,False,False,False,False,False,False,False,False,False,False,False,False,False,False,False,False,False,True,False,False,False,False,False,False,False,False,False,False,False,False,True,False
17.78,5.0,2.0,16.0,4.0,4100.0,325.0,601,4.613039144,6,False,False,False,False,False,False,False,False,False,False,False,False,False,False,False,False,False,False,False,False,False,False,False,True,False,False,False,False,False,False,False,False,False,False,False,False,False,False
15.24,5.0,2.0,16.0,4.0,3000.0,160.0,930,4.459450532,6,False,False,False,False,False,False,False,False,False,False,False,False,False,False,False,False,False,False,False,False,False,False,False,True,False,False,False,False,False,False,False,False,False,False,False,False,False,False
17.78,5.0,0.3,16.0,4.0,4100.0,319.8,939,4.428790939,7,False,False,False,False,False,False,False,False,False,False,False,False,False,False,False,False,False,False,False,False,False,False,False,True,False,False,False,False,False,False,False,False,False,False,False,False,False,False
17.78,5.0,0.3,32.0,4.0,4000.0,340.2,621,4.399006655,7,False,False,False,False,False,False,False,False,False,False,False,False,False,False,False,False,False,False,False,False,False,False,False,True,False,False,False,False,False,False,False,False,False,False,False,False,False,False
12.88,13.0,13.0,64.0,4.0,3075.0,150.0,687,4.757719584,2,False,False,False,False,False,False,False,False,True,False,False,False,False,False,False,False,False,False,False,False,False,False,False,False,False,False,False,False,False,False,False,False,False,False,False,False,True,False
15.24,13.0,13.0,128.0,4.0,3600.0,175.0,682,4.668426636,2,False,False,False,False,False,False,False,False,True,False,False,False,False,False,False,False,False,False,False,False,False,False,False,False,False,False,False,False,False,False,False,False,False,False,False,False,True,False
15.24,13.0,10.5,64.0,4.0,3500.0,188.0,384,5.414588148,2,False,False,False,False,False,False,False,False,True,False,False,False,False,False,False,False,False,False,False,False,False,False,False,False,False,False,False,False,False,False,False,False,False,False,False,False,True,False
15.24,13.0,8.0,32.0,4.0,2965.0,157.5,537,4.806640562,2,False,False,False,False,False,False,False,False,True,False,False,False,False,False,False,False,False,False,False,False,False,False,False,False,False,False,False,False,False,False,False,False,False,False,False,False,True,False
12.83,13.0,5.0,32.0,4.0,2730.0,137.0,708,4.065945088,2,False,False,False,False,False,False,False,False,True,False,False,False,False,False,False,False,False,False,False,False,False,False,False,False,False,False,False,False,False,False,False,False,False,False,False,False,True,False
15.24,12.0,10.5,64.0,4.0,3930.0,185.0,426,5.087411133,2,False,False,False,False,False,False,False,False,True,False,False,False,False,False,False,False,False,False,False,False,False,False,False,False,False,False,False,False,False,False,False,False,False,False,False,False,True,False
15.24,12.0,8.0,128.0,4.0,3930.0,188.0,561,4.669364898,3,False,False,False,False,False,False,False,False,True,False,False,False,False,False,False,False,False,False,False,False,False,False,False,False,False,False,False,False,False,False,False,False,False,False,False,False,True,False
12.75,16.0,16.0,64.0,4.0,2600.0,142.0,859,4.664570529,3,False,False,False,False,False,False,False,False,True,False,False,False,False,False,False,False,False,False,False,False,False,False,False,False,False,False,False,False,False,False,False,False,False,False,False,False,True,False
12.83,12.0,16.0,128.0,4.0,3000.0,169.0,634,5.099744469,3,False,False,False,False,False,False,False,False,True,False,False,False,False,False,False,False,False,False,False,False,False,False,False,False,False,False,False,False,False,False,False,False,False,False,False,False,True,False
12.83,16.0,8.0,32.0,4.0,3000.0,175.0,669,4.39432569,3,False,False,False,False,False,False,False,False,True,False,False,False,False,False,False,False,False,False,False,False,False,False,False,False,False,False,False,False,False,False,False,False,False,False,False,False,True,False
12.88,12.0,16.0,64.0,4.0,3000.0,170.0,880,4.912140047,3,False,False,False,False,False,False,False,False,True,False,False,False,False,False,False,False,False,False,False,False,False,False,False,False,False,False,False,False,False,False,False,False,False,False,False,False,True,False
12.75,16.0,16.0,64.0,4.0,2500.0,145.0,774,4.789572909,3,False,False,False,False,False,False,False,False,True,False,False,False,False,False,False,False,False,False,False,False,False,False,False,False,False,False,False,False,False,False,False,False,False,False,False,False,True,False
12.83,16.0,8.0,32.0,4.0,3200.0,174.0,728,4.625364893,4,False,False,False,False,False,False,False,False,True,False,False,False,False,False,False,False,False,False,False,False,False,False,False,False,False,False,False,False,False,False,False,False,False,False,False,False,True,False
12.7,13.0,5.0,16.0,4.0,2200.0,140.0,744,4.009875406,4,False,False,False,False,False,False,False,False,True,False,False,False,False,False,False,False,False,False,False,False,False,False,False,False,False,False,False,False,False,False,False,False,False,False,False,False,True,False
12.83,20.0,13.0,64.0,4.0,3000.0,165.0,562,4.718409582,4,False,False,False,False,False,False,False,False,True,False,False,False,False,False,False,False,False,False,False,False,False,False,False,False,False,False,False,False,False,False,False,False,False,False,False,False,True,False
12.83,13.0,5.0,32.0,4.0,2700.0,155.0,682,4.505681287,4,False,False,False,False,False,False,False,False,True,False,False,False,False,False,False,False,False,False,False,False,False,False,False,False,False,False,False,False,False,False,False,False,False,False,False,False,True,False
12.7,13.0,5.0,32.0,4.0,2300.0,149.8,948,4.562053895,4,False,False,False,False,False,False,False,False,True,False,False,False,False,False,False,False,False,False,False,False,False,False,False,False,False,False,False,False,False,False,False,False,False,False,False,False,True,False
12.83,13.0,5.0,32.0,4.0,2800.0,153.0,714,4.543826556,4,False,False,False,False,False,False,False,False,True,False,False,False,False,False,False,False,False,False,False,False,False,False,False,False,False,False,False,False,False,False,False,False,False,False,False,False,True,False
12.7,13.0,5.0,32.0,4.0,2200.0,142.0,1031,4.259435182,4,False,False,False,False,False,False,False,False,True,False,False,False,False,False,False,False,False,False,False,False,False,False,False,False,False,False,False,False,False,False,False,False,False,False,False,False,True,False
12.7,13.0,4.0,16.0,4.0,2840.0,158.0,828,4.553771623,4,False,False,False,False,False,False,False,False,True,False,False,False,False,False,False,False,False,False,False,False,False,False,False,False,False,False,False,False,False,False,False,False,False,False,False,False,True,False
12.83,13.0,4.0,32.0,4.0,2800.0,156.0,748,4.439351701,4,False,False,False,False,False,False,False,False,True,False,False,False,False,False,False,False,False,False,False,False,False,False,False,False,False,False,False,False,False,False,False,False,False,False,False,False,True,False
12.7,13.0,4.0,16.0,4.0,2840.0,158.0,738,4.566325402,4,False,False,False,False,False,False,False,False,True,False,False,False,False,False,False,False,False,False,False,False,False,False,False,False,False,False,False,False,False,False,False,False,False,False,False,False,True,False
12.75,12.0,5.0,32.0,4.0,3000.0,161.0,692,4.175770928,4,False,False,False,False,False,False,False,False,True,False,False,False,False,False,False,False,False,False,False,False,False,False,False,False,False,False,False,False,False,False,False,False,False,False,False,False,True,False
12.75,12.0,5.0,32.0,4.0,3000.0,161.0,1001,4.746409298,4,False,False,False,False,False,False,False,False,True,False,False,False,False,False,False,False,False,False,False,False,False,False,False,False,False,False,False,False,False,False,False,False,False,False,False,False,True,False
12.83,13.0,5.0,16.0,4.0,2700.0,155.0,703,4.493456196,4,False,False,False,False,False,False,False,False,True,False,False,False,False,False,False,False,False,False,False,False,False,False,False,False,False,False,False,False,False,False,False,False,False,False,False,False,True,False
12.7,13.0,5.0,16.0,4.0,2200.0,140.0,597,4.609560534,4,False,False,False,False,False,False,False,False,True,False,False,False,False,False,False,False,False,False,False,False,False,False,False,False,False,False,False,False,False,False,False,False,False,False,False,False,True,False
12.7,8.0,5.0,16.0,4.0,2200.0,140.0,699,4.100326634,4,False,False,False,False,False,False,False,False,True,False,False,False,False,False,False,False,False,False,False,False,False,False,False,False,False,False,False,False,False,False,False,False,False,False,False,False,True,False
12.7,5.0,1.3,32.0,4.0,2000.0,140.1,790,3.852060664,4,False,False,False,False,False,False,False,False,True,False,False,False,False,False,False,False,False,False,False,False,False,False,False,False,False,False,False,False,False,False,False,False,False,False,False,False,True,False
12.83,13.0,5.0,32.0,4.0,3000.0,170.0,909,4.880526609,5,False,False,False,False,False,False,False,False,True,False,False,False,False,False,False,False,False,False,False,False,False,False,False,False,False,False,False,False,False,False,False,False,False,False,False,False,True,False
12.7,13.0,4.0,16.0,4.0,2840.0,158.0,559,4.131640347,5,False,False,False,False,False,False,False,False,True,False,False,False,False,False,False,False,False,False,False,False,False,False,False,False,False,False,False,False,False,False,False,False,False,False,False,False,True,False
12.83,13.0,4.0,16.0,4.0,2800.0,155.0,565,4.730745009,5,False,False,False,False,False,False,False,False,True,False,False,False,False,False,False,False,False,False,False,False,False,False,False,False,False,False,False,False,False,False,False,False,False,False,False,False,True,False
12.83,13.0,5.0,16.0,4.0,2800.0,153.0,921,4.587515251,5,False,False,False,False,False,False,False,False,True,False,False,False,False,False,False,False,False,False,False,False,False,False,False,False,False,False,False,False,False,False,False,False,False,False,False,False,True,False
12.83,13.0,4.0,16.0,4.0,2600.0,165.0,719,4.119524861,5,False,False,False,False,False,False,False,False,True,False,False,False,False,False,False,False,False,False,False,False,False,False,False,False,False,False,False,False,False,False,False,False,False,False,False,False,True,False
12.75,20.2,13.0,32.0,4.0,2700.0,161.0,574,4.703294584,5,False,False,False,False,False,False,False,False,True,False,False,False,False,False,False,False,False,False,False,False,False,False,False,False,False,False,False,False,False,False,False,False,False,False,False,False,True,False
12.7,13.0,4.0,16.0,4.0,2150.0,143.0,690,4.666359354,5,False,False,False,False,False,False,False,False,True,False,False,False,False,False,False,False,False,False,False,False,False,False,False,False,False,False,False,False,False,False,False,False,False,False,False,False,True,False
12.75,21.0,4.0,32.0,4.0,2840.0,168.0,895,4.404766122,5,False,False,False,False,False,False,False,False,True,False,False,False,False,False,False,False,False,False,False,False,False,False,False,False,False,False,False,False,False,False,False,False,False,False,False,False,True,False
12.7,8.0,2.0,32.0,4.0,2000.0,138.9,857,4.256605125,5,False,False,False,False,False,False,False,False,True,False,False,False,False,False,False,False,False,False,False,False,False,False,False,False,False,False,False,False,False,False,False,False,False,False,False,False,True,False
10.34,8.0,2.0,32.0,4.0,2000.0,156.0,700,3.948354935,5,False,False,False,False,False,False,False,False,True,False,False,False,False,False,False,False,False,False,False,False,False,False,False,False,False,False,False,False,False,False,False,False,False,False,False,False,True,False
12.75,20.0,4.0,32.0,4.0,2840.0,155.0,863,4.812021741,5,False,False,False,False,False,False,False,False,True,False,False,False,False,False,False,False,False,False,False,False,False,False,False,False,False,False,False,False,False,False,False,False,False,False,False,False,True,False
12.83,13.0,8.0,16.0,4.0,2600.0,154.5,916,4.144879236,5,False,False,False,False,False,False,False,False,True,False,False,False,False,False,False,False,False,False,False,False,False,False,False,False,False,False,False,False,False,False,False,False,False,False,False,False,False,False
10.29,8.0,2.0,32.0,4.0,2000.0,146.0,892,4.227855121,5,False,False,False,False,False,False,False,False,True,False,False,False,False,False,False,False,False,False,False,False,False,False,False,False,False,False,False,False,False,False,False,False,False,False,False,False,False,False
12.75,13.0,4.0,32.0,4.0,2840.0,168.0,714,4.88741249,5,False,False,False,False,False,False,False,False,True,False,False,False,False,False,False,False,False,False,False,False,False,False,False,False,False,False,False,False,False,False,False,False,False,False,False,False,True,False
12.7,13.0,5.0,16.0,4.0,2840.0,160.0,945,4.92180408,5,False,False,False,False,False,False,False,False,True,False,False,False,False,False,False,False,False,False,False,False,False,False,False,False,False,False,False,False,False,False,False,False,False,False,False,False,True,False
12.83,20.0,13.0,32.0,4.0,2800.0,150.0,795,4.985454229,5,False,False,False,False,False,False,False,False,True,False,False,False,False,False,False,False,False,False,False,False,False,False,False,False,False,False,False,False,False,False,False,False,False,False,False,False,True,False
12.83,13.0,4.0,16.0,4.0,2800.0,147.0,598,4.167285187,5,False,False,False,False,False,False,False,False,True,False,False,False,False,False,False,False,False,False,False,False,False,False,False,False,False,False,False,False,False,False,False,False,False,False,False,False,True,False
12.7,20.0,4.0,32.0,4.0,2840.0,157.0,604,4.932889945,5,False,False,False,False,False,False,False,False,True,False,False,False,False,False,False,False,False,False,False,False,False,False,False,False,False,False,False,False,False,False,False,False,False,False,False,False,True,False
12.83,13.0,8.0,16.0,4.0,2600.0,155.0,1092,4.16852396,5,False,False,False,False,False,False,False,False,True,False,False,False,False,False,False,False,False,False,False,False,False,False,False,False,False,False,False,False,False,False,False,False,False,False,False,False,True,False
12.7,13.0,5.0,32.0,4.0,2000.0,138.0,874,4.048649603,5,False,False,False,False,False,False,False,False,True,False,False,False,False,False,False,False,False,False,False,False,False,False,False,False,False,False,False,False,False,False,False,False,False,False,False,False,False,False
12.7,13.0,5.0,16.0,4.0,2000.0,140.0,602,4.239454497,6,False,False,False,False,False,False,False,False,True,False,False,False,False,False,False,False,False,False,False,False,False,False,False,False,False,False,False,False,False,False,False,False,False,False,False,False,True,False
10.34,8.0,2.0,32.0,4.0,2000.0,154.0,986,4.101651137,5,False,False,False,False,False,False,False,False,True,False,False,False,False,False,False,False,False,False,False,False,False,False,False,False,False,False,False,False,False,False,False,False,False,False,False,False,False,False
12.83,13.0,4.0,16.0,4.0,2600.0,183.0,823,4.576153237,5,False,False,False,False,False,False,False,False,True,False,False,False,False,False,False,False,False,False,False,False,False,False,False,False,False,False,False,False,False,False,False,False,False,False,False,False,True,False
10.29,5.0,0.3,32.0,4.0,2100.0,145.0,995,3.803992261,5,False,False,False,False,False,False,False,False,True,False,False,False,False,False,False,False,False,False,False,False,False,False,False,False,False,False,False,False,False,False,False,False,False,False,False,False,False,False
12.7,8.0,5.0,32.0,4.0,2100.0,160.0,1044,4.258445573,6,False,False,False,False,False,False,False,False,True,False,False,False,False,False,False,False,False,False,False,False,False,False,False,False,False,False,False,False,False,False,False,False,False,False,False,False,False,False
12.7,8.0,5.0,32.0,4.0,2100.0,160.0,1066,4.143928062,6,False,False,False,False,False,False,False,False,True,False,False,False,False,False,False,False,False,False,False,False,False,False,False,False,False,False,False,False,False,False,False,False,False,False,False,False,True,False
12.83,13.0,5.0,32.0,4.0,2600.0,158.0,1002,4.457481913,6,False,False,False,False,False,False,False,False,True,False,False,False,False,False,False,False,False,False,False,False,False,False,False,False,False,False,False,False,False,False,False,False,False,False,False,False,False,False
12.7,13.0,5.0,16.0,4.0,2600.0,160.0,806,4.461761603,6,False,False,False,False,False,False,False,False,True,False,False,False,False,False,False,False,False,False,False,False,False,False,False,False,False,False,False,False,False,False,False,False,False,False,False,False,True,False
12.75,13.0,13.0,16.0,4.0,2400.0,154.0,703,4.462684538,6,False,False,False,False,False,False,False,False,True,False,False,False,False,False,False,False,False,False,False,False,False,False,False,False,False,False,False,False,False,False,False,False,False,False,False,False,True,False
10.34,8.0,1.3,32.0,4.0,2040.0,146.0,973,4.470037512,6,False,False,False,False,False,False,False,False,True,False,False,False,False,False,False,False,False,False,False,False,False,False,False,False,False,False,False,False,False,False,False,False,False,False,False,False,True,False
12.83,13.0,8.0,16.0,4.0,2600.0,155.0,761,4.674696249,6,False,False,False,False,False,False,False,False,True,False,False,False,False,False,False,False,False,False,False,False,False,False,False,False,False,False,False,False,False,False,False,False,False,False,False,False,True,False
12.83,13.0,8.0,16.0,4.0,2600.0,155.0,757,4.382901252,6,False,False,False,False,False,False,False,False,True,False,False,False,False,False,False,False,False,False,False,False,False,False,False,False,False,False,False,False,False,False,False,False,False,False,False,False,True,False
12.83,13.0,8.0,16.0,4.0,2600.0,155.0,928,4.239166147,6,False,False,False,False,False,False,False,False,True,False,False,False,False,False,False,False,False,False,False,False,False,False,False,False,False,False,False,False,False,False,False,False,False,False,False,False,True,False
12.7,13.0,5.0,16.0,4.0,2600.0,164.0,1057,4.766608532,6,False,False,False,False,False,False,False,False,True,False,False,False,False,False,False,False,False,False,False,False,False,False,False,False,False,False,False,False,False,False,False,False,False,False,False,False,True,False
10.34,5.0,0.3,32.0,4.0,2100.0,158.0,773,4.206333064,6,False,False,False,False,False,False,False,False,True,False,False,False,False,False,False,False,False,False,False,False,False,False,False,False,False,False,False,False,False,False,False,False,False,False,False,False,True,False
12.7,4.0,5.0,32.0,4.0,2600.0,160.0,640,4.166355098,6,False,False,False,False,False,False,False,False,True,False,False,False,False,False,False,False,False,False,False,False,False,False,False,False,False,False,False,False,False,False,False,False,False,False,True,False,True,False
12.7,4.0,5.0,32.0,4.0,2600.0,160.0,1028,4.736461572,6,False,False,False,False,False,False,False,False,True,False,False,False,False,False,False,False,False,False,False,False,False,False,False,False,False,False,False,False,False,False,False,False,False,False,True,False,False,False
12.7,13.0,5.0,16.0,4.0,2700.0,151.0,754,4.185403293,6,False,False,False,False,False,False,False,False,True,False,False,False,False,False,False,False,False,False,False,False,False,False,False,False,False,False,False,False,False,False,False,False,False,False,False,False,True,False
10.29,13.0,5.0,16.0,4.0,2100.0,137.0,697,4.407572542,6,False,False,False,False,False,False,False,False,True,False,False,False,False,False,False,False,False,False,False,False,False,False,False,False,False,False,False,False,False,False,False,False,False,False,False,False,True,False
12.7,4.0,5.0,16.0,4.0,2600.0,160.0,1047,4.713755496,6,False,False,False,False,False,False,False,False,True,False,False,False,False,False,False,False,False,False,False,False,False,False,False,False,False,False,False,False,False,False,False,False,False,False,False,False,True,False
12.7,5.0,2.0,16.0,4.0,1950.0,160.0,977,3.96726848,6,False,False,False,False,False,False,False,False,True,False,False,False,False,False,False,False,False,False,False,False,False,False,False,False,False,False,False,False,False,False,False,False,False,False,False,False,False,False
12.7,13.0,5.0,16.0,4.0,2600.0,145.0,1081,4.808682295,6,False,False,False,False,False,False,False,False,True,False,False,False,False,False,False,False,False,False,False,False,False,False,False,False,False,False,False,False,False,False,False,False,False,False,False,False,True,False
10.29,13.0,5.0,16.0,4.0,2110.0,137.0,1090,4.340292766,6,False,False,False,False,False,False,False,False,True,False,False,False,False,False,False,False,False,False,False,False,False,False,False,False,False,False,False,False,False,False,False,False,False,False,False,False,True,False
12.7,8.0,2.0,16.0,4.0,2000.0,150.0,1044,3.962906216,6,False,False,False,False,False,False,False,False,True,False,False,False,False,False,False,False,False,False,False,False,False,False,False,False,False,False,False,False,False,False,False,False,False,False,False,False,False,False
10.16,5.0,0.3,16.0,4.0,1300.0,130.0,838,3.938664936,6,False,False,False,False,False,False,False,False,True,False,False,False,False,False,False,False,False,False,False,False,False,False,False,False,False,False,False,False,False,False,False,False,False,False,False,False,False,False
12.7,4.0,5.0,32.0,4.0,2600.0,160.0,768,4.237000863,6,False,False,False,False,False,False,False,False,True,False,False,False,False,False,False,False,False,False,False,False,False,False,False,False,False,False,False,False,False,False,False,False,False,False,False,False,True,False
12.7,4.0,5.0,16.0,4.0,2600.0,160.0,608,4.572956864,6,False,False,False,False,False,False,False,False,True,False,False,False,False,False,False,False,False,False,False,False,False,False,False,False,False,False,False,False,False,False,False,False,False,False,False,False,True,False
10.29,5.0,0.3,16.0,4.0,2000.0,140.0,641,3.584351925,6,False,False,False,False,False,False,False,False,True,False,False,False,False,False,False,False,False,False,False,False,False,False,False,False,False,False,False,False,False,False,False,False,False,False,False,False,False,False
10.29,5.0,0.3,16.0,4.0,2000.0,140.0,613,3.58407434,6,False,False,False,False,False,False,False,False,True,False,False,False,False,False,False,False,False,False,False,False,False,False,False,False,False,False,False,False,False,False,False,False,False,False,False,False,False,False
12.83,13.0,5.0,32.0,4.0,2600.0,165.0,620,4.117409835,6,False,False,False,False,False,False,False,False,True,False,False,False,False,False,False,False,False,False,False,False,False,False,False,False,False,False,False,False,False,False,False,False,False,False,False,False,False,False
12.83,13.0,5.0,32.0,4.0,2600.0,165.0,575,4.618382517,6,False,False,False,False,False,False,False,False,True,False,False,False,False,False,False,False,False,False,False,False,False,False,False,False,False,False,False,False,False,False,False,False,False,False,False,False,True,False
10.34,8.0,1.3,32.0,4.0,2040.0,143.5,770,4.061649179,6,False,False,False,False,False,False,False,False,True,False,False,False,False,False,False,False,False,False,False,False,False,False,False,False,False,False,False,False,False,False,False,False,False,False,False,False,True,False
10.24,8.0,2.1,32.0,4.0,2100.0,130.0,996,4.372102553,7,False,False,False,False,False,False,False,False,True,False,False,False,False,False,False,False,False,False,False,False,False,False,False,False,False,False,False,False,False,False,False,False,False,False,False,False,False,False
12.7,8.0,2.1,32.0,4.0,2100.0,149.0,683,4.233526626,6,False,False,False,False,False,False,False,False,True,False,False,False,False,False,False,False,False,False,False,False,False,False,False,False,False,False,False,False,False,False,False,False,False,False,False,False,False,False
12.7,8.0,2.1,32.0,4.0,2100.0,149.0,579,4.633757643,7,False,False,False,False,False,False,False,False,True,False,False,False,False,False,False,False,False,False,False,False,False,False,False,False,False,False,False,False,False,False,False,False,False,False,False,False,False,False
10.29,5.0,0.3,16.0,4.0,2100.0,130.0,959,3.673511977,7,False,False,False,False,False,False,False,False,True,False,False,False,False,False,False,False,False,False,False,False,False,False,False,False,False,False,False,False,False,False,False,False,False,False,False,False,False,False
10.24,8.0,2.1,32.0,4.0,2100.0,130.0,555,4.506233438,7,False,False,False,False,False,False,False,False,True,False,False,False,False,False,False,False,False,False,False,False,False,False,False,False,False,False,False,False,False,False,False,False,False,False,False,False,False,False
12.93,4.0,2.1,16.0,4.0,3300.0,217.0,683,4.742320024,7,False,False,False,False,False,False,False,False,True,False,False,False,False,False,False,False,False,False,False,False,False,False,False,False,False,False,False,False,False,False,False,False,False,False,False,False,True,False
10.24,5.0,0.3,16.0,4.0,1650.0,120.0,1018,4.025351691,7,False,False,False,False,False,False,False,False,True,False,False,False,False,False,False,False,False,False,False,False,False,False,False,False,False,False,False,False,False,False,False,False,False,False,False,False,False,False
10.29,5.0,0.3,32.0,4.0,2100.0,130.0,814,4.373616367,7,False,False,False,False,False,False,False,False,True,False,False,False,False,False,False,False,False,False,False,False,False,False,False,False,False,False,False,False,False,False,False,False,False,False,False,False,True,False
10.24,8.0,1.6,16.0,4.0,1800.0,123.0,770,4.217004575,7,False,False,False,False,False,False,False,False,True,False,False,False,False,False,False,False,False,False,False,False,False,False,False,False,False,False,False,False,False,False,False,False,False,False,False,False,False,False
10.24,4.0,1.6,16.0,4.0,1800.0,122.0,920,4.172847624,7,False,False,False,False,False,False,False,False,True,False,False,False,False,False,False,False,False,False,False,False,False,False,False,False,False,False,False,False,False,False,False,False,False,False,False,False,True,False
10.24,8.0,1.6,32.0,4.0,1800.0,120.0,686,3.764218811,7,False,False,False,False,False,False,False,False,True,False,False,False,False,False,False,False,False,False,False,False,False,False,False,False,False,False,False,False,False,False,False,False,False,False,True,False,True,False
12.7,4.0,2.1,16.0,4.0,3200.0,160.0,845,3.642835516,7,False,False,False,False,False,False,False,False,True,False,False,False,False,False,False,False,False,False,False,False,False,False,False,False,False,False,False,False,False,False,False,False,False,False,False,False,True,False
7.75,5.0,1.6,16.0,4.0,1230.0,100.0,833,3.827336197,7,False,False,False,False,False,False,False,False,True,False,False,False,False,False,False,False,False,False,False,False,False,False,False,False,False,False,False,False,False,False,False,False,False,False,False,False,False,False
10.29,8.0,1.6,32.0,4.0,1860.0,130.0,1072,4.402931595,7,False,False,False,False,False,False,False,False,True,False,False,False,False,False,False,False,False,False,False,False,False,False,False,False,False,False,False,False,False,False,False,False,False,False,False,False,False,False
10.24,5.0,1.6,16.0,4.0,2000.0,123.9,836,4.244200318,7,False,False,False,False,False,False,False,False,True,False,False,False,False,False,False,False,False,False,False,False,False,False,False,False,False,False,False,False,False,False,False,False,False,False,False,False,True,False
11.89,4.0,2.1,32.0,4.0,2300.0,156.0,848,4.274580613,7,False,False,False,False,False,False,False,False,True,False,False,False,False,False,False,False,False,False,False,False,False,False,False,False,False,False,False,False,False,False,False,False,False,False,False,False,False,False
10.34,4.0,2.1,32.0,4.0,2300.0,143.0,778,3.729301369,7,False,False,False,False,False,False,False,False,True,False,False,False,False,False,False,False,False,False,False,False,False,False,False,False,False,False,False,False,False,False,False,False,False,False,False,False,True,False
10.16,5.0,1.6,16.0,4.0,1650.0,114.0,947,3.456316681,7,False,False,False,False,False,False,False,False,True,False,False,False,False,False,False,False,False,False,False,False,False,False,False,False,False,False,False,False,False,False,False,False,False,False,False,False,False,False
10.16,5.0,1.6,16.0,4.0,1650.0,107.0,1070,4.044804117,7,False,False,False,False,False,False,False,False,True,False,False,False,False,False,False,False,False,False,False,False,False,False,False,False,False,False,False,False,False,False,False,False,False,False,False,False,False,False
16.43,13.0,32.0,128.0,4.0,4200.0,192.0,515,5.426578646,1,False,False,False,False,False,False,False,False,False,False,True,False,False,False,False,False,False,False,False,False,False,False,False,False,False,False,False,False,False,False,False,False,False,False,False,False,True,False
15.27,13.0,32.0,64.0,4.0,3650.0,165.0,359,5.022959044,1,False,False,False,False,False,False,False,False,False,False,True,False,False,False,False,False,False,False,False,False,False,False,False,False,False,False,False,False,False,False,False,False,False,False,False,False,True,False
15.62,13.0,32.0,128.0,4.0,3340.0,159.0,473,5.095956354,1,False,False,False,False,False,False,False,False,False,False,True,False,False,False,False,False,False,False,False,False,False,False,False,False,False,False,False,False,False,False,False,False,False,False,False,False,True,False
15.62,13.0,32.0,128.0,4.0,3340.0,159.0,210,4.882650396,1,False,False,False,False,False,False,False,False,False,False,True,False,False,False,False,False,False,False,False,False,False,False,False,False,False,False,False,False,False,False,False,False,False,False,False,False,True,False
15.47,13.0,8.0,32.0,4.0,3020.0,150.0,476,4.439233658,1,False,False,False,False,False,False,False,False,False,False,True,False,False,False,False,False,False,False,False,False,False,False,False,False,False,False,False,False,False,False,False,False,False,False,False,False,True,False
15.77,13.0,8.0,64.0,4.0,3400.0,160.0,381,4.469006761,1,False,False,False,False,False,False,False,False,False,False,True,False,False,False,False,False,False,False,False,False,False,False,False,False,False,False,False,False,False,False,False,False,False,False,False,False,True,False
18.08,13.0,8.0,128.0,4.0,5000.0,210.0,689,5.003409249,2,False,False,False,False,False,False,False,False,False,False,True,False,False,False,False,False,False,False,False,False,False,False,False,False,False,False,False,False,False,False,False,False,False,False,False,False,True,False
15.47,13.0,8.0,32.0,4.0,3020.0,150.0,499,4.212127598,1,False,False,False,False,False,False,False,False,False,False,True,False,False,False,False,False,False,False,False,False,False,False,False,False,False,False,False,False,False,False,False,False,False,False,False,False,True,False
15.47,13.0,8.0,32.0,4.0,3020.0,150.0,295,4.246636373,1,False,False,False,False,False,False,False,False,False,False,True,False,False,False,False,False,False,False,False,False,False,False,False,False,False,False,False,False,False,False,False,False,False,False,False,False,True,False
15.9,13.0,8.0,32.0,4.0,4000.0,168.0,399,4.439587745,1,False,False,False,False,False,False,False,False,False,False,True,False,False,False,False,False,False,False,False,False,False,False,False,False,False,False,False,False,False,False,False,False,False,False,False,False,True,False
15.9,13.0,16.0,32.0,4.0,4000.0,168.0,456,4.687026632,1,False,False,False,False,False,False,False,False,False,False,True,False,False,False,False,False,False,False,False,False,False,False,False,False,False,False,False,False,False,False,False,False,False,False,False,False,True,False
15.9,13.0,16.0,32.0,4.0,4000.0,168.0,442,4.713396591,1,False,False,False,False,False,False,False,False,False,False,True,False,False,False,False,False,False,False,False,False,False,False,False,False,False,False,False,False,False,False,False,False,False,False,False,False,True,False
13.84,8.0,5.0,16.0,4.0,3020.0,142.0,389,4.001498012,2,False,False,False,False,False,False,False,False,False,False,True,False,False,False,False,False,False,False,False,False,False,False,False,False,False,False,False,False,False,False,False,False,False,False,False,False,True,False
15.34,13.0,25.0,128.0,4.0,3750.0,172.0,365,5.296666004,2,False,False,False,False,False,False,False,False,False,False,True,False,False,False,False,False,False,False,False,False,False,False,False,False,False,False,False,False,False,False,False,False,False,False,False,False,True,False
15.77,13.0,16.0,32.0,4.0,3400.0,160.0,541,4.92180408,2,False,False,False,False,False,False,False,False,False,False,True,False,False,False,False,False,False,False,False,False,False,False,False,False,False,False,False,False,False,False,False,False,False,False,False,False,True,False
16.23,13.0,24.0,256.0,4.0,4200.0,187.0,365,6.109092015,2,False,False,False,False,False,False,False,False,False,False,True,False,False,False,False,False,False,False,False,False,False,False,False,False,False,False,False,False,False,False,False,False,False,False,False,False,True,False
17.83,13.0,24.0,128.0,4.0,5000.0,232.0,441,4.885525483,2,False,False,False,False,False,False,False,False,False,False,True,False,False,False,False,False,False,False,False,False,False,False,False,False,False,False,False,False,False,False,False,False,False,False,False,False,True,False
16.23,13.0,24.0,256.0,4.0,4200.0,189.0,702,5.496676301,2,False,False,False,False,False,False,False,False,False,False,True,False,False,False,False,False,False,False,False,False,False,False,False,False,False,False,False,False,False,False,False,False,False,False,False,False,True,False
16.59,13.0,24.0,128.0,4.0,4000.0,188.0,448,4.901415489,2,False,False,False,False,False,False,False,False,False,False,True,False,False,False,False,False,False,False,False,False,False,False,False,False,False,False,False,False,False,False,False,False,False,False,False,False,True,False
15.37,13.0,8.0,128.0,4.0,4000.0,173.0,654,4.53635587,2,False,False,False,False,False,False,False,False,False,False,True,False,False,False,False,False,False,False,False,False,False,False,False,False,False,False,False,False,False,False,False,False,False,False,False,False,True,False
15.32,13.0,8.0,64.0,4.0,3750.0,172.0,575,4.721440968,2,False,False,False,False,False,False,False,False,False,False,True,False,False,False,False,False,False,False,False,False,False,False,False,False,False,False,False,False,False,False,False,False,False,False,False,False,True,False
15.77,13.0,8.0,64.0,4.0,3400.0,160.0,387,4.855306142,2,False,False,False,False,False,False,False,False,False,False,True,False,False,False,False,False,False,False,False,False,False,False,False,False,False,False,False,False,False,False,False,False,False,False,False,False,True,False
15.32,13.0,8.0,128.0,4.0,3340.0,169.0,496,4.81510691,2,False,False,False,False,False,False,False,False,False,False,True,False,False,False,False,False,False,False,False,False,False,False,False,False,False,False,False,False,False,False,False,False,False,False,False,False,True,False
15.32,13.0,8.0,128.0,4.0,3750.0,166.0,399,4.944353031,2,False,False,False,False,False,False,False,False,False,False,True,False,False,False,False,False,False,False,False,False,False,False,False,False,False,False,False,False,False,False,False,False,False,False,False,False,True,False
13.84,13.0,5.0,16.0,4.0,3020.0,142.0,453,4.037950562,2,False,False,False,False,False,False,False,False,False,False,True,False,False,False,False,False,False,False,False,False,False,False,False,False,False,False,False,False,False,False,False,False,False,False,False,False,True,False
12.7,8.0,2.0,32.0,4.0,2280.0,175.0,563,3.999117712,2,False,False,False,False,False,False,False,False,False,False,True,False,False,False,False,False,False,False,False,False,False,False,False,False,False,False,False,False,False,False,False,False,False,False,False,False,True,False
12.88,13.0,8.0,32.0,4.0,3000.0,150.0,530,4.416669578,2,False,False,False,False,False,False,False,False,False,False,True,False,False,False,False,False,False,False,False,False,False,False,False,False,False,False,False,False,False,False,False,False,False,False,False,False,True,False
12.88,13.0,5.0,16.0,4.0,3000.0,150.0,505,4.091005661,2,False,False,False,False,False,False,False,False,False,False,True,False,False,False,False,False,False,False,False,False,False,False,False,False,False,False,False,False,False,False,False,False,False,False,False,False,True,False
15.24,13.0,24.0,256.0,4.0,4000.0,183.0,658,5.523019702,2,False,False,False,False,False,False,False,False,False,False,True,False,False,False,False,False,False,False,False,False,False,False,False,False,False,False,False,False,False,False,False,False,False,False,False,False,True,False
15.27,13.0,24.0,64.0,4.0,4000.0,180.0,700,4.701843073,2,False,False,False,False,False,False,False,False,False,False,True,False,False,False,False,False,False,False,False,False,False,False,False,False,False,False,False,False,False,False,False,False,False,False,False,False,True,False
12.9,13.0,24.0,64.0,4.0,3400.0,165.0,371,4.694645192,2,False,False,False,False,False,False,False,False,False,False,True,False,False,False,False,False,False,False,False,False,False,False,False,False,False,False,False,False,False,False,False,False,False,False,False,False,True,False
14.83,13.0,16.0,32.0,4.0,3000.0,145.0,457,4.626246512,2,False,False,False,False,False,False,False,False,False,False,True,False,False,False,False,False,False,False,False,False,False,False,False,False,False,False,False,False,False,False,False,False,False,False,False,False,True,False
15.21,13.0,8.0,32.0,4.0,3000.0,155.0,624,4.282620578,2,False,False,False,False,False,False,False,False,False,False,True,False,False,False,False,False,False,False,False,False,False,False,False,False,False,False,False,False,False,False,False,False,False,False,False,False,True,False
15.21,13.0,8.0,32.0,4.0,3000.0,155.0,617,4.515573652,2,False,False,False,False,False,False,False,False,False,False,True,False,False,False,False,False,False,False,False,False,False,False,False,False,False,False,False,False,False,False,False,False,False,False,False,False,True,False
15.21,13.0,8.0,16.0,4.0,3000.0,155.0,653,4.508769412,2,False,False,False,False,False,False,False,False,False,False,True,False,False,False,False,False,False,False,False,False,False,False,False,False,False,False,False,False,False,False,False,False,False,False,False,False,True,False
15.06,13.0,8.0,64.0,4.0,4000.0,170.0,706,4.773984259,2,False,False,False,False,False,False,False,False,False,False,True,False,False,False,False,False,False,False,False,False,False,False,False,False,False,False,False,False,False,False,False,False,False,False,False,False,True,False
14.35,8.0,8.0,64.0,4.0,3000.0,143.0,862,4.480400299,3,False,False,False,False,False,False,False,False,False,False,True,False,False,False,False,False,False,False,False,False,False,False,False,False,False,False,False,False,False,False,False,False,False,False,False,False,True,False
15.24,8.0,8.0,128.0,4.0,3340.0,169.0,568,4.858416081,3,False,False,False,False,False,False,False,False,False,False,True,False,False,False,False,False,False,False,False,False,False,False,False,False,False,False,False,False,False,False,False,False,False,False,False,False,True,False
15.24,8.0,8.0,256.0,4.0,4000.0,178.0,624,4.673296015,3,False,False,False,False,False,False,False,False,False,False,True,False,False,False,False,False,False,False,False,False,False,False,False,False,False,False,False,False,False,False,False,False,False,False,False,False,True,False
15.24,8.0,8.0,128.0,4.0,4000.0,178.0,839,5.13996621,3,False,False,False,False,False,False,False,False,False,False,True,False,False,False,False,False,False,False,False,False,False,False,False,False,False,False,False,False,False,False,False,False,False,False,False,False,True,False
12.93,8.0,8.0,64.0,4.0,4000.0,186.0,762,4.260847213,3,False,False,False,False,False,False,False,False,False,False,True,False,False,False,False,False,False,False,False,False,False,False,False,False,False,False,False,False,False,False,False,False,False,False,False,False,True,False
12.93,8.0,8.0,64.0,4.0,3340.0,164.0,816,4.494797129,3,False,False,False,False,False,False,False,False,False,False,True,False,False,False,False,False,False,False,False,False,False,False,False,False,False,False,False,False,False,False,False,False,False,False,False,False,True,False
12.7,13.0,5.0,16.0,4.0,3020.0,145.0,699,4.41255584,3,False,False,False,False,False,False,False,False,False,False,True,False,False,False,False,False,False,False,False,False,False,False,False,False,False,False,False,False,False,False,False,False,False,False,False,False,True,False
12.83,12.0,8.0,32.0,4.0,4000.0,165.0,821,4.643621372,3,False,False,False,False,False,False,False,False,False,False,True,False,False,False,False,False,False,False,False,False,False,False,False,False,False,False,False,False,False,False,False,False,False,False,False,False,True,False
12.83,8.0,20.0,64.0,4.0,3340.0,169.0,778,5.052097084,3,False,False,False,False,False,False,False,False,False,False,True,False,False,False,False,False,False,False,False,False,False,False,False,False,False,False,False,False,False,False,False,False,False,False,False,False,True,False
12.7,8.0,20.0,64.0,4.0,2950.0,143.0,788,4.469923037,3,False,False,False,False,False,False,False,False,False,False,True,False,False,False,False,False,False,False,False,False,False,False,False,False,False,False,False,False,False,False,False,False,False,False,False,False,True,False
12.7,13.0,5.0,16.0,4.0,2200.0,140.0,1069,4.432600921,4,False,False,False,False,False,False,False,False,False,False,True,False,False,False,False,False,False,False,False,False,False,False,False,False,False,False,False,False,False,False,False,False,False,False,False,False,True,False
17.78,2.0,2.0,16.0,4.0,3340.0,250.0,809,4.211238314,3,False,False,False,False,False,False,False,False,False,False,True,False,False,False,False,False,False,False,False,False,False,False,False,False,False,False,False,False,False,False,False,False,False,False,False,False,False,False
12.83,12.0,8.0,16.0,4.0,4000.0,165.0,570,4.383275854,3,False,False,False,False,False,False,False,False,False,False,True,False,False,False,False,False,False,False,False,False,False,False,False,False,False,False,False,False,False,False,False,False,False,False,False,False,True,False
12.7,13.0,5.0,16.0,4.0,3000.0,150.0,846,4.367293635,3,False,False,False,False,False,False,False,False,False,False,True,False,False,False,False,False,False,False,False,False,False,False,False,False,False,False,False,False,False,False,False,False,False,False,False,False,True,False
12.7,8.0,5.0,16.0,4.0,3000.0,150.0,896,4.140750935,3,False,False,False,False,False,False,False,False,False,False,True,False,False,False,False,False,False,False,False,False,False,False,False,False,False,False,False,False,False,False,False,False,False,False,False,False,True,False
12.7,8.0,2.0,32.0,4.0,2200.0,175.0,689,4.146778872,3,False,False,False,False,False,False,False,False,False,False,True,False,False,False,False,False,False,False,False,False,False,False,False,False,False,False,False,False,False,False,False,False,False,False,False,False,True,False
12.83,8.0,8.0,128.0,4.0,3750.0,165.0,691,4.406597289,3,False,False,False,False,False,False,False,False,False,False,True,False,False,False,False,False,False,False,False,False,False,False,False,False,False,False,False,False,False,False,False,False,False,False,False,False,True,False
12.73,8.0,8.0,32.0,4.0,3200.0,145.0,808,4.08832649,3,False,False,False,False,False,False,False,False,False,False,True,False,False,False,False,False,False,False,False,False,False,False,False,False,False,False,False,False,False,False,False,False,False,False,False,False,True,False
12.75,12.0,8.0,64.0,4.0,3000.0,146.0,745,4.401338946,3,False,False,False,False,False,False,False,False,False,False,True,False,False,False,False,False,False,False,False,False,False,False,False,False,False,False,False,False,False,False,False,False,False,False,False,False,True,False
12.75,12.0,8.0,16.0,4.0,3000.0,147.0,786,4.194793034,3,False,False,False,False,False,False,False,False,False,False,True,False,False,False,False,False,False,False,False,False,False,False,False,False,False,False,False,False,False,False,False,False,False,False,False,False,True,False
12.7,13.0,5.0,16.0,4.0,3020.0,138.0,1059,4.694553747,4,False,False,False,False,False,False,False,False,False,False,True,False,False,False,False,False,False,False,False,False,False,False,False,False,False,False,False,False,False,False,False,False,False,False,False,False,True,False
12.83,12.5,8.0,128.0,4.0,4000.0,169.0,1029,4.638314785,4,False,False,False,False,False,False,False,False,False,False,True,False,False,False,False,False,False,False,False,False,False,False,False,False,False,False,False,False,False,False,False,False,False,False,False,False,True,False
12.83,12.5,8.0,256.0,4.0,4000.0,169.0,848,5.790082488,4,False,False,False,False,False,False,False,False,False,False,True,False,False,False,False,False,False,False,False,False,False,False,False,False,False,False,False,False,False,False,False,False,False,False,False,False,True,False
12.93,12.5,8.0,64.0,4.0,4000.0,190.0,1082,4.677025623,4,False,False,False,False,False,False,False,False,False,False,True,False,False,False,False,False,False,False,False,False,False,False,False,False,False,False,False,False,False,False,False,False,False,False,False,False,True,False
12.7,13.0,5.0,16.0,4.0,4100.0,145.0,892,4.175156205,4,False,False,False,False,False,False,False,False,False,False,True,False,False,False,False,False,False,False,False,False,False,False,False,False,False,False,False,False,False,False,False,False,False,False,False,False,True,False
12.83,16.0,8.0,32.0,4.0,3340.0,160.0,707,4.859889921,4,False,False,False,False,False,False,False,False,False,False,True,False,False,False,False,False,False,False,False,False,False,False,False,False,False,False,False,False,False,False,False,False,False,False,False,False,True,False
12.7,12.0,8.0,32.0,4.0,3020.0,146.0,728,4.599554447,4,False,False,False,False,False,False,False,False,False,False,True,False,False,False,False,False,False,False,False,False,False,False,False,False,False,False,False,False,False,False,False,False,False,False,False,False,True,False
17.78,13.0,5.0,32.0,4.0,4360.0,250.0,1044,4.767629114,4,False,False,False,False,False,False,False,False,False,False,True,False,False,False,False,False,False,False,False,False,False,False,False,False,False,False,False,False,False,False,False,False,False,False,False,False,True,False
17.78,2.0,2.0,16.0,4.0,4100.0,278.0,1038,4.097506226,4,False,False,False,False,False,False,False,False,False,False,True,False,False,False,False,False,False,False,False,False,False,False,False,False,False,False,False,False,False,False,False,False,False,False,False,False,True,False
12.83,16.0,8.0,64.0,4.0,3340.0,160.0,686,4.98620598,4,False,False,False,False,False,False,False,False,False,False,True,False,False,False,False,False,False,False,False,False,False,False,False,False,False,False,False,False,False,False,False,False,False,False,False,False,True,False
17.78,5.0,2.0,16.0,4.0,4100.0,278.0,669,4.384024637,4,False,False,False,False,False,False,False,False,False,False,True,False,False,False,False,False,False,False,False,False,False,False,False,False,False,False,False,False,False,False,False,False,False,False,False,False,False,False
17.78,13.0,5.0,16.0,4.0,4360.0,250.0,702,4.666171208,4,False,False,False,False,False,False,False,False,False,False,True,False,False,False,False,False,False,False,False,False,False,False,False,False,False,False,False,False,False,False,False,False,False,False,False,False,True,False
10.29,5.0,2.0,32.0,4.0,2100.0,150.0,926,3.694612986,4,False,False,False,False,False,False,False,False,False,False,True,False,False,False,False,False,False,False,False,False,False,False,False,False,False,False,False,False,False,False,False,False,False,False,False,False,True,False
12.7,8.0,2.0,32.0,4.0,2200.0,135.0,1009,4.111037785,4,False,False,False,False,False,False,False,False,False,False,True,False,False,False,False,False,False,False,False,False,False,False,False,False,False,False,False,False,False,False,False,False,False,False,False,False,True,False
12.75,13.0,8.0,16.0,4.0,4000.0,147.0,593,4.179604406,4,False,False,False,False,False,False,False,False,False,False,True,False,False,False,False,False,False,False,False,False,False,False,False,False,False,False,False,False,False,False,False,False,False,False,False,False,True,False
12.83,12.0,8.0,64.0,4.0,3400.0,162.0,750,4.285102653,4,False,False,False,False,False,False,False,False,False,False,True,False,False,False,False,False,False,False,False,False,False,False,False,False,False,False,False,False,False,False,False,False,False,False,False,False,True,False
12.75,12.0,8.0,32.0,4.0,3000.0,144.0,551,4.427477898,4,False,False,False,False,False,False,False,False,False,False,True,False,False,False,False,False,False,False,False,False,False,False,False,False,False,False,False,False,False,False,False,False,False,False,False,False,True,False
12.7,13.0,5.0,16.0,4.0,2200.0,135.0,879,4.579236804,5,False,False,False,False,False,False,False,False,False,False,True,False,False,False,False,False,False,False,False,False,False,False,False,False,False,False,False,False,False,False,False,False,False,False,False,False,True,False
15.24,16.0,8.0,32.0,4.0,4000.0,185.0,540,4.878322207,5,False,False,False,False,False,False,False,False,False,False,True,False,False,False,False,False,False,False,False,False,False,False,False,False,False,False,False,False,False,False,False,False,False,False,False,False,True,False
12.83,13.0,5.0,32.0,4.0,3000.0,167.0,975,4.588125751,5,False,False,False,False,False,False,False,False,False,False,True,False,False,False,False,False,False,False,False,False,False,False,False,False,False,False,False,False,False,False,False,False,False,False,False,False,True,False
12.7,13.0,5.0,16.0,4.0,4000.0,160.0,631,4.351438553,5,False,False,False,False,False,False,False,False,False,False,True,False,False,False,False,False,False,False,False,False,False,False,False,False,False,False,False,False,False,False,False,False,False,False,False,False,True,False
12.88,12.3,8.0,32.0,4.0,3450.0,178.0,1037,4.527640983,5,False,False,False,False,False,False,False,False,False,False,True,False,False,False,False,False,False,False,False,False,False,False,False,False,False,False,False,False,False,False,False,False,False,False,False,False,True,False
12.83,13.0,8.0,32.0,4.0,2200.0,156.0,794,4.580057485,5,False,False,False,False,False,False,False,False,False,False,True,False,False,False,False,False,False,False,False,False,False,False,False,False,False,False,False,False,False,False,False,False,False,False,False,False,True,False
12.7,8.0,2.0,32.0,4.0,2200.0,125.0,1010,4.157006323,5,False,False,False,False,False,False,False,False,False,False,True,False,False,False,False,False,False,False,False,False,False,False,False,False,False,False,False,False,False,False,False,False,False,False,False,False,True,False
12.83,13.0,5.0,16.0,4.0,2200.0,167.0,624,4.12049952,5,False,False,False,False,False,False,False,False,False,False,True,False,False,False,False,False,False,False,False,False,False,False,False,False,False,False,False,False,False,False,False,False,False,False,False,False,True,False
10.29,5.0,2.0,32.0,4.0,2000.0,141.5,918,3.936325298,5,False,False,False,False,False,False,False,False,False,False,True,False,False,False,False,False,False,False,False,False,False,False,False,False,False,False,False,False,False,False,False,False,False,False,False,False,True,False
12.7,8.0,2.0,16.0,4.0,2000.0,160.0,673,4.019261756,5,False,False,False,False,False,False,False,False,False,False,True,False,False,False,False,False,False,False,False,False,False,False,False,False,False,False,False,False,False,False,False,False,False,False,False,False,False,False
12.7,13.0,5.0,16.0,4.0,2200.0,131.0,679,4.460491175,5,False,False,False,False,False,False,False,False,False,False,True,False,False,False,False,False,False,False,False,False,False,False,False,False,False,False,False,False,False,False,False,False,False,False,False,False,True,False
12.7,13.0,5.0,16.0,4.0,2200.0,131.0,609,4.307976353,5,False,False,False,False,False,False,False,False,False,False,True,False,False,False,False,False,False,False,False,False,False,False,False,False,False,False,False,False,False,False,False,False,False,False,False,False,True,False
15.44,13.0,5.0,64.0,4.0,4360.0,228.0,805,5.097791105,5,False,False,False,False,False,False,False,False,False,False,True,False,False,False,False,False,False,False,False,False,False,False,False,False,False,False,False,False,False,False,False,False,False,False,False,False,True,False
12.75,13.0,8.0,16.0,4.0,2680.0,144.0,870,4.725616339,5,False,False,False,False,False,False,False,False,False,False,True,False,False,False,False,False,False,False,False,False,False,False,False,False,False,False,False,False,False,False,False,False,False,False,False,False,True,False
12.7,5.0,2.0,32.0,4.0,2200.0,150.0,761,4.039360254,5,False,False,False,False,False,False,False,False,False,False,True,False,False,False,False,False,False,False,False,False,False,False,False,False,False,False,False,False,False,False,False,False,False,False,False,False,True,False
17.78,13.0,5.0,16.0,4.0,5000.0,239.0,700,4.58629313,5,False,False,False,False,False,False,False,False,False,False,True,False,False,False,False,False,False,False,False,False,False,False,False,False,False,False,False,False,False,False,False,False,False,False,False,False,True,False
12.7,5.0,2.0,16.0,4.0,2000.0,178.0,962,4.097173889,5,False,False,False,False,False,False,False,False,False,False,True,False,False,False,False,False,False,False,False,False,False,False,False,False,False,False,False,False,False,False,False,False,False,False,False,False,True,False
10.29,5.0,0.3,16.0,4.0,1950.0,160.0,691,4.01186834,5,False,False,False,False,False,False,False,False,False,False,True,False,False,False,False,False,False,False,False,False,False,False,False,False,False,False,False,False,False,False,False,False,False,False,False,False,False,False
10.29,5.0,0.3,16.0,4.0,1750.0,150.0,964,3.509154523,6,False,False,False,False,False,False,False,False,False,False,True,False,False,False,False,False,False,False,False,False,False,False,False,False,False,False,False,False,False,False,False,False,False,False,False,False,False,False
7.75,2.0,2.0,16.0,4.0,1350.0,130.0,699,3.735524462,6,False,False,False,False,False,False,False,False,False,False,True,False,False,False,False,False,False,False,False,False,False,False,False,False,False,False,False,False,False,False,False,False,False,False,False,False,False,False
15.24,8.0,2.0,32.0,4.0,3500.0,173.0,814,4.398023008,6,False,False,False,False,False,False,False,False,False,False,True,False,False,False,False,False,False,False,False,False,False,False,False,False,False,False,False,False,False,False,False,False,False,False,False,False,True,False
15.24,13.0,5.0,64.0,4.0,4100.0,185.0,708,5.090308703,6,False,False,False,False,False,False,False,False,False,False,True,False,False,False,False,False,False,False,False,False,False,False,False,False,False,False,False,False,False,False,False,False,False,False,False,False,True,False
17.78,2.0,2.0,32.0,4.0,4100.0,278.0,1016,4.32823021,5,False,False,False,False,False,False,False,False,False,False,True,False,False,False,False,False,False,False,False,False,False,False,False,False,False,False,False,False,False,False,False,False,False,False,False,False,False,False
12.7,8.0,2.0,32.0,4.0,2000.0,160.0,1003,3.977623463,6,False,False,False,False,False,False,False,False,False,False,True,False,False,False,False,False,False,False,False,False,False,False,False,False,False,False,False,False,False,False,False,False,False,False,False,False,True,False
10.29,5.0,2.0,16.0,4.0,2000.0,153.0,644,3.730021397,6,False,False,False,False,False,False,False,False,False,False,True,False,False,False,False,False,False,False,False,False,False,False,False,False,False,False,False,False,False,False,False,False,False,False,False,False,True,False
12.83,13.0,5.0,16.0,4.0,3000.0,165.0,1030,4.802380355,6,False,False,False,False,False,False,False,False,False,False,True,False,False,False,False,False,False,False,False,False,False,False,False,False,False,False,False,False,False,False,False,False,False,False,False,False,True,False
15.24,13.0,5.0,16.0,4.0,4100.0,185.0,878,4.364371699,6,False,False,False,False,False,False,False,False,False,False,True,False,False,False,False,False,False,False,False,False,False,False,False,False,False,False,False,False,False,False,False,False,False,False,False,False,True,False
12.7,8.0,1.0,16.0,4.0,2000.0,160.0,998,4.331259518,6,False,False,False,False,False,False,False,False,False,False,True,False,False,False,False,False,False,False,False,False,False,False,False,False,False,False,False,False,False,False,False,False,False,False,False,False,False,False
10.16,3.15,2.0,16.0,4.0,1500.0,126.0,736,3.540379446,6,False,False,False,False,False,False,False,False,False,False,True,False,False,False,False,False,False,False,False,False,False,False,False,False,False,False,False,False,False,False,False,False,False,False,False,False,False,False
12.7,13.0,8.0,16.0,4.0,2500.0,124.0,622,4.301494224,6,False,False,False,False,False,False,False,False,False,False,True,False,False,False,False,False,False,False,False,False,False,False,False,False,False,False,False,False,False,False,False,False,False,False,False,False,True,False
10.29,8.0,5.0,32.0,4.0,2000.0,115.0,909,4.412313327,6,False,False,False,False,False,False,False,False,False,False,True,False,False,False,False,False,False,False,False,False,False,False,False,False,False,False,False,False,False,False,False,False,False,False,False,False,True,False
12.83,5.0,0.3,16.0,4.0,2300.0,180.0,553,4.184794465,6,False,False,False,False,False,False,False,False,False,False,True,False,False,False,False,False,False,False,False,False,False,False,False,False,False,False,False,False,False,False,False,False,False,False,False,False,False,False
12.7,5.0,0.3,16.0,4.0,2100.0,180.0,561,3.874943997,6,False,False,False,False,False,False,False,False,False,False,True,False,False,False,False,False,False,False,False,False,False,False,False,False,False,False,False,False,False,False,False,False,False,False,False,False,False,False
10.29,8.0,5.0,32.0,4.0,2000.0,115.0,1005,4.362716386,6,False,False,False,False,False,False,False,False,False,False,True,False,False,False,False,False,False,False,False,False,False,False,False,False,False,False,False,False,False,False,False,False,False,False,False,False,True,False
10.29,8.0,5.0,16.0,4.0,2000.0,115.0,845,3.897112393,6,False,False,False,False,False,False,False,False,False,False,True,False,False,False,False,False,False,False,False,False,False,False,False,False,False,False,False,False,False,False,False,False,False,False,False,False,False,False
17.78,13.0,5.0,16.0,4.0,5000.0,239.0,682,5.058281948,6,False,False,False,False,False,False,False,False,False,False,True,False,False,False,False,False,False,False,False,False,False,False,False,False,False,False,False,False,False,False,False,False,False,False,False,False,True,False
10.29,5.0,0.3,16.0,4.0,1750.0,145.0,698,3.555633735,6,False,False,False,False,False,False,False,False,False,False,True,False,False,False,False,False,False,False,False,False,False,False,False,False,False,False,False,False,False,False,False,False,False,False,False,False,False,False
10.34,8.0,5.0,16.0,4.0,2000.0,120.0,800,4.161379964,6,False,False,False,False,False,False,False,False,False,False,True,False,False,False,False,False,False,False,False,False,False,False,False,False,False,False,False,False,False,False,False,False,False,False,False,False,False,False
15.27,13.0,5.0,16.0,4.0,4050.0,202.0,722,4.862676516,6,False,False,False,False,False,False,False,False,False,False,True,False,False,False,False,False,False,False,False,False,False,False,False,False,False,False,False,False,False,False,False,False,False,False,False,False,True,False
10.16,2.0,0.3,16.0,4.0,1350.0,123.0,638,3.153163282,7,False,False,False,False,False,False,False,False,False,False,True,False,False,False,False,False,False,False,False,False,False,False,False,False,False,False,False,False,False,False,False,False,False,False,False,False,False,False
7.75,0.3,0.3,256.0,0.25,1350.0,130.0,575,3.028199464,7,False,False,False,False,False,False,False,False,False,False,True,False,False,False,False,False,False,False,False,False,False,False,False,False,False,False,False,False,False,False,False,False,False,False,False,False,False,False
12.7,8.0,1.0,32.0,4.0,2400.0,150.0,654,4.25561271,7,False,False,False,False,False,False,False,False,False,False,True,False,False,False,False,False,False,False,False,False,False,False,False,False,False,False,False,False,False,False,False,False,False,False,False,False,True,False
10.29,3.15,0.3,16.0,4.0,1730.0,150.0,724,3.471966453,7,False,False,False,False,False,False,False,False,False,False,True,False,False,False,False,False,False,False,False,False,False,False,False,False,False,False,False,False,False,False,False,False,False,False,False,False,False,False
10.24,5.0,0.3,32.0,4.0,1700.0,160.0,790,3.585461495,7,False,False,False,False,False,False,False,False,False,False,True,False,False,False,False,False,False,False,False,False,False,False,False,False,False,False,False,False,False,False,False,False,False,False,True,False,False,False
12.7,8.0,1.3,32.0,4.0,2150.0,155.0,807,3.915815804,7,False,False,False,False,False,False,False,False,False,False,True,False,False,False,False,False,False,False,False,False,False,False,False,False,False,False,False,False,False,False,False,False,False,False,False,False,False,False
12.7,5.0,0.3,16.0,4.0,2150.0,170.0,905,3.974058396,7,False,False,False,False,False,False,False,False,False,False,True,False,False,False,False,False,False,False,False,False,False,False,False,False,False,False,False,False,False,False,False,False,False,False,False,False,False,False
7.75,3.15,0.3,16.0,4.0,1975.0,150.0,634,3.316002536,7,False,False,False,False,False,False,False,False,False,False,True,False,False,False,False,False,False,False,False,False,False,False,False,False,False,False,False,False,False,False,False,False,False,False,False,False,False,False
10.29,5.0,0.3,16.0,4.0,1700.0,155.0,922,4.145829505,7,False,False,False,False,False,False,False,False,False,False,True,False,False,False,False,False,False,False,False,False,False,False,False,False,False,False,False,False,False,False,False,False,False,False,False,False,False,False
17.78,3.15,0.3,32.0,4.0,4100.0,335.0,1015,4.362461479,7,False,False,False,False,False,False,False,False,False,False,True,False,False,False,False,False,False,False,False,False,False,False,False,False,False,False,False,False,False,False,False,False,False,False,False,False,False,False
10.34,8.0,5.0,32.0,4.0,2000.0,120.0,625,4.034240638,7,False,False,False,False,False,False,False,False,False,False,True,False,False,False,False,False,False,False,False,False,False,False,False,False,False,False,False,False,False,False,False,False,False,False,False,False,False,False
10.16,5.0,0.3,16.0,4.0,1730.0,130.0,783,3.706473763,7,False,False,False,False,False,False,False,False,False,False,True,False,False,False,False,False,False,False,False,False,False,False,False,False,False,False,False,False,False,False,False,False,False,False,False,False,False,False
10.16,5.0,1.3,16.0,4.0,1650.0,140.0,600,3.942746178,7,False,False,False,False,False,False,False,False,False,False,True,False,False,False,False,False,False,False,False,False,False,False,False,False,False,False,False,False,False,False,False,False,False,False,False,False,True,False
7.75,2.0,0.3,512.0,0.25,1700.0,120.0,783,3.237108593,7,False,False,False,False,False,False,False,False,False,False,True,False,False,False,False,False,False,False,False,False,False,False,False,False,False,False,False,False,False,False,False,False,False,False,False,False,False,False
10.34,13.0,1.3,16.0,4.0,2420.0,122.0,1016,3.958333908,7,False,False,False,False,False,False,False,False,False,False,True,False,False,False,False,False,False,False,False,False,False,False,False,False,False,False,False,False,False,False,False,False,False,False,False,False,True,False
10.29,8.0,1.3,32.0,4.0,2150.0,145.0,894,3.708927149,7,False,False,False,False,False,False,False,False,False,False,True,False,False,False,False,False,False,False,False,False,False,False,False,False,False,False,False,False,False,False,False,False,False,False,False,False,False,False
10.29,5.0,0.3,16.0,4.0,1950.0,150.0,887,4.363480717,7,False,False,False,False,False,False,False,False,False,False,True,False,False,False,False,False,False,False,False,False,False,False,False,False,False,False,False,False,False,False,False,False,False,False,False,False,True,False
10.16,5.0,0.3,16.0,4.0,1730.0,140.0,742,4.028560822,7,False,False,False,False,False,False,False,False,False,False,True,False,False,False,False,False,False,False,False,False,False,False,False,False,False,False,False,False,False,False,False,False,False,False,False,False,False,False
10.16,5.0,0.3,16.0,4.0,1950.0,130.0,749,3.829293358,7,False,False,False,False,False,False,False,False,False,False,True,False,False,False,False,False,False,False,False,False,False,False,False,False,False,False,False,False,False,False,False,False,False,False,True,False,False,False
15.27,8.0,1.0,32.0,4.0,4050.0,198.0,949,4.591476859,7,False,False,False,False,False,False,False,False,False,False,True,False,False,False,False,False,False,False,False,False,False,False,False,False,False,False,False,False,False,False,False,False,False,False,False,False,False,False
12.7,13.0,1.3,32.0,4.0,3000.0,170.0,938,4.752123599,7,False,False,False,False,False,False,False,False,False,False,True,False,False,False,False,False,False,False,False,False,False,False,False,False,False,False,False,False,False,False,False,False,False,False,False,False,False,False
10.29,5.0,0.3,16.0,4.0,1700.0,150.0,927,3.78487122,7,False,False,False,False,False,False,False,False,False,False,True,False,False,False,False,False,False,False,False,False,False,False,False,False,False,False,False,False,False,False,False,False,False,False,False,False,False,False
12.7,8.0,2.0,16.0,4.0,2500.0,150.0,839,3.930255774,4,False,False,False,False,False,False,False,False,False,False,False,False,False,False,False,False,False,False,False,False,False,False,False,True,False,False,False,False,False,False,False,False,False,True,False,False,True,False
10.29,8.0,2.0,16.0,4.0,2100.0,141.0,804,3.924741778,7,False,False,False,False,False,False,False,False,False,False,False,False,False,False,False,False,False,False,False,False,False,False,False,True,False,False,False,False,False,False,False,False,False,True,False,False,True,False
10.29,5.0,2.0,16.0,4.0,1700.0,138.0,600,3.463546007,6,False,False,False,False,False,False,False,False,False,False,False,False,True,False,False,False,False,False,False,False,False,False,False,False,False,False,False,False,False,False,False,False,False,False,False,False,False,False
12.7,13.0,5.0,32.0,4.0,2000.0,134.0,894,4.249637447,6,False,False,False,False,False,False,False,False,False,False,False,False,True,False,False,False,False,False,False,False,False,False,False,False,False,False,False,False,False,False,False,False,False,False,False,False,False,False
10.16,5.0,0.3,16.0,4.0,2000.0,130.0,1019,3.654546775,6,False,False,False,False,False,False,False,False,False,False,False,False,True,False,False,False,False,False,False,False,False,False,False,False,False,False,False,False,False,False,False,False,False,False,False,False,False,False
10.16,5.0,0.3,16.0,4.0,2000.0,129.0,976,3.309082093,6,False,False,False,False,False,False,False,False,False,False,False,False,True,False,False,False,False,False,False,False,False,False,False,False,False,False,False,False,False,False,False,False,False,False,False,False,False,False
12.83,13.0,5.0,16.0,4.0,2000.0,134.0,1030,4.077367938,6,False,False,False,False,False,False,False,False,False,False,False,False,True,False,False,False,False,False,False,False,False,False,False,False,False,False,False,False,False,False,False,False,False,False,False,False,False,False
12.7,16.0,8.0,16.0,4.0,2000.0,134.0,920,4.482437421,6,False,False,False,False,False,False,False,False,False,False,False,False,True,False,False,False,False,False,False,False,False,False,False,False,False,False,False,False,False,False,False,False,False,False,False,False,False,False
12.7,13.0,5.0,16.0,4.0,2000.0,134.0,1003,4.532599493,6,False,False,False,False,False,False,False,False,False,False,False,False,True,False,False,False,False,False,False,False,False,False,False,False,False,False,False,False,False,False,False,False,False,False,False,False,False,False
12.7,13.0,5.0,16.0,4.0,2300.0,143.0,1089,4.245490733,6,False,False,False,False,False,False,False,False,False,False,False,False,True,False,False,False,False,False,False,False,False,False,False,False,False,False,False,False,False,False,False,False,False,False,False,False,False,False
7.85,5.0,0.3,16.0,4.0,1350.0,134.0,724,3.473828073,6,False,False,False,False,False,False,False,False,False,False,False,False,True,False,False,False,False,False,False,False,False,False,False,False,False,False,False,False,False,False,False,False,False,False,False,False,False,False
10.16,5.0,0.3,16.0,4.0,1625.0,114.5,708,3.231989464,7,False,False,False,False,False,False,False,False,False,False,False,False,True,False,False,False,False,False,False,False,False,False,False,False,False,False,False,False,False,False,False,False,False,False,False,False,False,False
12.7,8.0,0.3,16.0,4.0,1800.0,104.5,840,3.583796678,7,False,False,False,False,False,False,False,False,False,False,False,False,True,False,False,False,False,False,False,False,False,False,False,False,False,False,False,False,False,False,False,False,False,False,False,False,False,False
12.7,13.0,2.0,16.0,4.0,1625.0,114.5,688,4.490320344,7,False,False,False,False,False,False,False,False,False,False,False,False,True,False,False,False,False,False,False,False,False,False,False,False,False,False,False,False,False,False,False,False,False,False,False,False,False,False
12.83,13.0,5.0,16.0,4.0,1625.0,176.5,689,4.595018835,7,False,False,False,False,False,False,False,False,False,False,False,False,True,False,False,False,False,False,False,False,False,False,False,False,False,False,False,False,False,False,False,False,False,False,False,False,False,False
7.85,5.0,0.3,512.0,0.25,1625.0,114.5,992,3.183870216,7,False,False,False,False,False,False,False,False,False,False,False,False,True,False,False,False,False,False,False,False,False,False,False,False,False,False,False,False,False,False,False,False,False,False,False,False,False,False
7.67,3.15,0.3,512.0,0.25,1625.0,114.5,760,3.032546247,7,False,False,False,False,False,False,False,False,False,False,False,False,True,False,False,False,False,False,False,False,False,False,False,False,False,False,False,False,False,False,False,False,False,False,False,False,False,False
17.78,2.0,0.3,16.0,4.0,1625.0,335.0,913,4.246636373,7,False,False,False,False,False,False,False,False,False,False,False,False,True,False,False,False,False,False,False,False,False,False,False,False,False,False,False,False,False,False,False,False,False,False,False,False,False,False
17.78,2.0,0.3,16.0,4.0,1625.0,335.0,686,4.292512127,7,False,False,False,False,False,False,False,False,False,False,False,False,True,False,False,False,False,False,False,False,False,False,False,False,False,False,False,False,False,False,False,False,False,False,False,False,False,False
12.7,5.0,0.3,16.0,4.0,1625.0,150.0,608,3.70450671,7,False,False,False,False,False,False,False,False,False,False,False,False,True,False,False,False,False,False,False,False,False,False,False,False,False,False,False,False,False,False,False,False,False,False,False,False,False,False
10.29,5.0,0.3,16.0,4.0,1400.0,114.5,665,3.527242489,7,False,False,False,False,False,False,False,False,False,False,False,False,True,False,False,False,False,False,False,False,False,False,False,False,False,False,False,False,False,False,False,False,False,False,False,False,False,False
10.16,3.15,0.3,16.0,4.0,1625.0,87.5,874,3.18138162,7,False,False,False,False,False,False,False,False,False,False,False,False,True,False,False,False,False,False,False,False,False,False,False,False,False,False,False,False,False,False,False,False,False,False,False,False,False,False
10.16,3.15,0.3,16.0,4.0,1625.0,110.0,599,3.375879574,7,False,False,False,False,False,False,False,False,False,False,False,False,True,False,False,False,False,False,False,False,False,False,False,False,False,False,False,False,False,False,False,False,False,False,False,False,False,False
10.24,8.0,2.0,16.0,4.0,1625.0,126.5,840,3.697591395,7,False,False,False,False,False,False,False,False,False,False,False,False,True,False,False,False,False,False,False,False,False,False,False,False,False,False,False,False,False,False,False,False,False,False,False,False,False,False
12.7,5.0,0.3,16.0,4.0,1625.0,114.5,835,3.345332249,7,False,False,False,False,False,False,False,False,False,False,False,False,True,False,False,False,False,False,False,False,False,False,False,False,False,False,False,False,False,False,False,False,False,False,False,False,False,False
10.16,5.0,0.3,0.01,0.25,1450.0,114.5,778,3.097385927,7,False,False,False,False,False,False,False,False,False,False,False,False,True,False,False,False,False,False,False,False,False,False,False,False,False,False,False,False,False,False,False,False,False,False,False,False,False,False
10.16,3.15,0.3,256.0,0.25,1625.0,75.0,863,4.124226937,7,False,False,False,False,False,False,False,False,False,False,False,False,True,False,False,False,False,False,False,False,False,False,False,False,False,False,False,False,False,False,False,False,False,False,False,False,False,False
10.16,3.15,0.3,256.0,0.25,1625.0,90.0,849,4.000583182,7,False,False,False,False,False,False,False,False,False,False,False,False,True,False,False,False,False,False,False,False,False,False,False,False,False,False,False,False,False,False,False,False,False,False,False,False,False,False
10.16,3.15,0.3,16.0,4.0,1625.0,110.0,830,3.486151088,7,False,False,False,False,False,False,False,False,False,False,False,False,True,False,False,False,False,False,False,False,False,False,False,False,False,False,False,False,False,False,False,False,False,False,False,False,False,False
12.7,8.0,2.0,16.0,4.0,2000.0,200.0,573,4.443944537,7,False,False,False,False,False,False,False,False,False,False,False,False,True,False,False,False,False,False,False,False,False,False,False,False,False,False,False,False,False,False,False,False,False,False,False,False,False,False
10.29,5.0,0.3,16.0,4.0,1625.0,114.5,1034,3.344274234,7,False,False,False,False,False,False,False,False,False,False,False,False,True,False,False,False,False,False,False,False,False,False,False,False,False,False,False,False,False,False,False,False,False,False,False,False,False,False
10.29,8.0,2.0,16.0,4.0,3100.0,200.0,760,4.595422835,6,False,False,False,False,False,False,False,False,False,False,False,False,False,False,False,False,False,False,False,False,False,False,False,True,False,False,False,False,False,False,False,False,False,False,False,False,True,False
10.29,8.0,2.0,16.0,4.0,3100.0,187.1,1077,4.344065128,6,False,False,False,False,False,False,False,False,False,False,False,False,False,False,False,False,False,False,False,False,False,False,False,True,False,False,False,False,False,False,False,False,False,False,False,False,True,False
10.16,5.0,1.3,16.0,4.0,2500.0,168.5,607,4.528613063,7,False,False,False,False,False,False,False,False,False,False,False,False,False,False,False,False,False,False,False,False,False,False,False,True,False,False,False,False,False,False,False,False,False,False,False,False,True,False
12.83,13.0,8.0,32.0,4.0,3020.0,163.0,541,4.3447141,3,False,False,False,False,False,False,False,False,False,False,False,False,False,False,True,False,False,False,False,False,False,False,False,False,False,False,False,False,False,False,False,False,False,False,False,False,True,False
12.7,8.0,5.0,16.0,4.0,2620.0,148.0,779,4.307303088,3,False,False,False,False,False,False,False,False,False,False,False,False,False,False,True,False,False,False,False,False,False,False,False,False,False,False,False,False,False,False,False,False,False,False,False,False,True,False
12.83,13.0,8.0,16.0,4.0,3000.0,153.2,885,4.540204907,4,False,False,False,False,False,False,False,False,False,False,False,False,False,False,True,False,False,False,False,False,False,False,False,False,False,False,False,False,False,False,False,False,False,False,False,False,True,False
12.7,8.0,5.0,32.0,4.0,2500.0,142.0,953,4.264790325,4,False,False,False,False,False,False,False,False,False,False,False,False,False,False,True,False,False,False,False,False,False,False,False,False,False,False,False,False,False,False,False,False,False,False,False,False,False,False
12.7,13.0,5.0,16.0,4.0,2900.0,133.0,1013,4.377265318,5,False,False,False,False,False,False,False,False,False,False,False,False,False,False,True,False,False,False,False,False,False,False,False,False,False,False,False,False,False,False,False,False,False,False,False,False,True,False
12.7,13.0,8.0,16.0,4.0,2500.0,128.0,792,4.3031187,5,False,False,False,False,False,False,False,False,False,False,False,False,False,False,True,False,False,False,False,False,False,False,False,False,False,False,False,False,False,False,False,False,False,False,False,False,True,False
12.83,8.0,5.0,32.0,4.0,2560.0,135.0,806,4.26969745,5,False,False,False,False,False,False,False,False,False,False,False,False,False,False,True,False,False,False,False,False,False,False,False,False,False,False,False,False,False,False,False,False,False,False,False,False,False,False
12.7,8.0,2.0,32.0,4.0,2200.0,152.0,985,4.205885937,5,False,False,False,False,False,False,False,False,False,False,False,False,False,False,True,False,False,False,False,False,False,False,False,False,False,False,False,False,False,False,False,False,False,False,False,False,False,False
12.7,8.0,3.0,32.0,4.0,2500.0,160.0,684,4.166199999,5,False,False,False,False,False,False,False,False,False,False,False,False,False,False,True,False,False,False,False,False,False,False,False,False,False,False,False,False,False,False,False,False,False,False,False,False,False,False
12.7,10.0,2.0,32.0,4.0,4000.0,174.0,668,3.926517452,6,False,False,False,False,False,False,False,False,False,False,False,False,False,False,True,False,False,False,False,False,False,False,False,False,False,False,False,False,False,False,False,False,False,False,False,False,False,False
10.16,5.0,0.3,32.0,4.0,1950.0,136.0,698,3.84865713,6,False,False,False,False,False,False,False,False,False,False,False,False,False,False,True,False,False,False,False,False,False,False,False,False,False,False,False,False,False,False,False,False,False,False,True,False,False,False
12.7,8.0,2.0,32.0,4.0,3000.0,160.0,799,4.116758157,6,False,False,False,False,False,False,False,False,False,False,False,False,False,False,True,False,False,False,False,False,False,False,False,False,False,False,False,False,False,False,False,False,False,False,False,False,False,False
12.7,8.0,5.0,32.0,4.0,2100.0,134.0,834,4.171614198,6,False,False,False,False,False,False,False,False,False,False,False,False,False,False,True,False,False,False,False,False,False,False,False,False,False,False,False,False,False,False,False,False,False,False,False,False,False,False
10.34,13.0,3.0,16.0,4.0,2000.0,116.0,662,3.966321779,6,False,False,False,False,False,False,False,False,False,False,False,False,False,False,True,False,False,False,False,False,False,False,False,False,False,False,False,False,False,False,False,False,False,False,False,False,False,False
10.29,8.0,2.0,32.0,4.0,2100.0,138.0,607,4.008060194,6,False,False,False,False,False,False,False,False,False,False,False,False,False,False,True,False,False,False,False,False,False,False,False,False,False,False,False,False,False,False,False,False,False,False,False,False,False,False
10.29,5.0,0.3,16.0,4.0,1800.0,136.0,698,3.613077741,6,False,False,False,False,False,False,False,False,False,False,False,False,False,False,True,False,False,False,False,False,False,False,False,False,False,False,False,False,False,False,False,False,False,False,False,False,False,False
10.16,5.0,0.3,16.0,4.0,1700.0,136.0,817,3.690627925,6,False,False,False,False,False,False,False,False,False,False,False,False,False,False,True,False,False,False,False,False,False,False,False,False,False,False,False,False,False,False,False,False,False,False,False,False,False,False
12.83,8.0,2.0,16.0,4.0,2000.0,177.0,566,3.863672744,6,False,False,False,False,False,False,False,False,False,False,False,False,False,False,True,False,False,False,False,False,False,False,False,False,False,False,False,False,False,False,False,False,False,False,False,False,False,False
10.34,8.0,0.3,16.0,4.0,2000.0,112.0,1062,4.004237489,6,False,False,False,False,False,False,False,False,False,False,False,False,False,False,True,False,False,False,False,False,False,False,False,False,False,False,False,False,False,False,False,False,False,False,False,False,False,False
10.34,8.0,3.0,16.0,4.0,2000.0,114.0,1088,4.38688979,6,False,False,False,False,False,False,False,False,False,False,False,False,False,False,True,False,False,False,False,False,False,False,False,False,False,False,False,False,False,False,False,False,False,False,False,False,False,False
10.16,3.15,0.3,512.0,0.25,1500.0,133.0,677,2.889816048,7,False,False,False,False,False,False,False,False,False,False,False,False,False,False,True,False,False,False,False,False,False,False,False,False,False,False,False,False,False,False,False,False,False,False,False,False,False,False
7.75,2.0,0.3,512.0,0.25,1400.0,115.4,912,2.842581094,7,False,False,False,False,False,False,False,False,False,False,False,False,False,False,True,False,False,False,False,False,False,False,False,False,False,False,False,False,False,False,False,False,False,False,False,False,False,False
7.75,2.0,0.3,512.0,0.25,1400.0,115.4,924,2.735665368,7,False,False,False,False,False,False,False,False,False,False,False,False,False,False,True,False,False,False,False,False,False,False,False,False,False,False,False,False,False,False,False,False,False,False,False,False,False,False
10.16,2.0,0.3,1024.0,4.0,1400.0,113.0,595,2.978077338,7,False,False,False,False,False,False,False,False,False,False,False,False,False,False,True,False,False,False,False,False,False,False,False,False,False,False,False,False,False,False,False,False,False,False,False,False,False,False
12.7,3.15,1.3,16.0,4.0,2000.0,175.0,1031,3.922369297,7,False,False,False,False,False,False,False,False,False,False,False,False,False,False,True,False,False,False,False,False,False,False,False,False,False,False,False,False,False,False,False,False,False,False,False,False,False,False
12.7,5.0,0.3,16.0,4.0,2000.0,143.5,806,3.839667343,7,False,False,False,False,False,False,False,False,False,False,False,False,False,False,True,False,False,False,False,False,False,False,False,False,False,False,False,False,False,False,False,False,False,False,False,False,False,False
12.7,5.0,0.3,16.0,4.0,2000.0,127.0,799,3.853546076,7,False,False,False,False,False,False,False,False,False,False,False,False,False,False,True,False,False,False,False,False,False,False,False,False,False,False,False,False,False,False,False,False,False,False,False,False,False,False
12.7,8.0,2.0,16.0,4.0,2000.0,140.0,1091,4.333623895,7,False,False,False,False,False,False,False,False,False,False,False,False,False,False,True,False,False,False,False,False,False,False,False,False,False,False,False,False,False,False,False,False,False,False,False,False,False,False
10.16,3.15,0.3,16.0,4.0,1500.0,124.0,1001,3.381334753,7,False,False,False,False,False,False,False,False,False,False,False,False,False,False,True,False,False,False,False,False,False,False,False,False,False,False,False,False,False,False,False,False,False,False,False,False,False,False
10.16,3.15,0.3,512.0,0.25,1500.0,124.0,577,3.124125488,7,False,False,False,False,False,False,False,False,False,False,False,False,False,False,True,False,False,False,False,False,False,False,False,False,False,False,False,False,False,False,False,False,False,False,False,False,False,False
10.16,5.0,0.3,16.0,4.0,1400.0,127.0,821,3.635478677,7,False,False,False,False,False,False,False,False,False,False,False,False,False,False,True,False,False,False,False,False,False,False,False,False,False,False,False,False,False,False,False,False,False,False,False,False,False,False
12.7,3.15,1.3,16.0,4.0,2000.0,175.0,931,3.938275377,7,False,False,False,False,False,False,False,False,False,False,False,False,False,False,True,False,False,False,False,False,False,False,False,False,False,False,False,False,False,False,False,False,False,False,False,False,False,False
12.83,13.0,8.0,32.0,4.0,4000.0,168.0,668,4.786908239,3,False,False,False,False,False,False,False,False,False,False,False,False,False,False,False,False,False,False,False,False,False,False,False,True,False,False,False,False,False,False,False,False,False,False,False,False,True,False
12.83,16.0,8.0,64.0,4.0,4070.0,175.0,595,4.896570338,3,False,False,False,False,False,False,False,False,False,False,False,False,False,False,False,False,False,False,False,False,False,False,False,True,False,False,False,False,False,False,False,False,False,False,False,False,True,False
12.83,16.0,8.0,32.0,4.0,3000.0,153.0,720,4.52113619,4,False,False,False,False,False,False,False,False,False,False,False,False,False,False,False,False,False,False,False,False,False,False,False,True,False,False,False,False,False,False,False,False,False,False,False,False,True,False
12.83,16.0,8.0,64.0,4.0,4070.0,175.0,765,4.980725764,4,False,False,False,False,False,False,False,False,False,False,False,False,False,False,False,False,False,False,False,False,False,False,False,True,False,False,False,False,False,False,False,False,False,False,False,False,True,False
12.88,21.0,8.0,64.0,4.0,3100.0,185.0,778,4.595220855,4,False,False,False,False,False,False,False,False,False,False,False,False,False,False,False,False,False,False,False,False,False,False,False,True,False,False,False,False,False,False,False,False,False,False,False,False,True,False
12.83,21.0,8.0,32.0,4.0,3000.0,153.0,792,4.742232836,4,False,False,False,False,False,False,False,False,False,False,False,False,False,False,False,False,False,False,False,False,False,False,False,True,False,False,False,False,False,False,False,False,False,False,False,False,True,False
12.83,16.0,8.0,32.0,4.0,3000.0,153.0,540,4.255896358,4,False,False,False,False,False,False,False,False,False,False,False,False,False,False,False,False,False,False,False,False,False,False,False,True,False,False,False,False,False,False,False,False,False,False,False,False,True,False
16.08,21.0,4.0,64.0,4.0,3400.0,204.0,682,4.746409298,4,False,False,False,False,False,False,False,False,False,False,False,False,False,False,False,False,False,False,False,False,False,False,False,True,False,False,False,False,False,False,False,False,False,False,False,False,True,False
12.83,13.0,5.0,32.0,4.0,3000.0,169.0,794,4.389622711,4,False,False,False,False,False,False,False,False,False,False,False,False,False,False,False,False,False,False,False,False,False,False,False,True,False,False,False,False,False,False,False,False,False,False,False,False,True,False
15.8,8.0,8.0,64.0,4.0,3300.0,161.0,496,4.429983118,1,False,False,False,False,False,False,False,False,False,False,False,False,False,False,False,True,False,False,False,False,False,False,False,False,False,False,False,False,False,False,False,False,False,False,False,False,True,False
17.65,13.0,5.0,64.0,4.0,5180.0,195.0,502,4.774237627,1,False,False,False,False,False,False,False,False,False,False,False,False,False,False,False,True,False,False,False,False,False,False,False,False,False,False,False,False,False,False,False,False,False,False,False,False,True,False
15.29,13.0,8.0,64.0,4.0,3500.0,170.0,464,4.543720224,2,False,False,False,False,False,False,False,False,False,False,False,False,False,False,False,True,False,False,False,False,False,False,False,False,False,False,False,False,False,False,False,False,False,False,False,False,True,False
15.32,13.0,16.0,128.0,4.0,3300.0,172.0,716,4.825269107,2,False,False,False,False,False,False,False,False,False,False,False,False,False,False,False,True,False,False,False,False,False,False,False,False,False,False,False,False,False,False,False,False,False,False,False,False,True,False
16.23,13.0,8.0,512.0,4.0,3350.0,210.0,660,5.174226981,2,False,False,False,False,False,False,False,False,False,False,False,False,False,False,False,True,False,False,False,False,False,False,False,False,False,False,False,False,False,False,False,False,False,False,False,False,True,False
16.23,13.0,8.0,64.0,4.0,3350.0,210.0,436,4.685551298,2,False,False,False,False,False,False,False,False,False,False,False,False,False,False,False,True,False,False,False,False,False,False,False,False,False,False,False,False,False,False,False,False,False,False,False,False,True,False
15.29,13.0,8.0,64.0,4.0,3500.0,170.0,628,4.455044727,2,False,False,False,False,False,False,False,False,False,False,False,False,False,False,False,True,False,False,False,False,False,False,False,False,False,False,False,False,False,False,False,False,False,False,False,False,True,False
15.21,13.0,8.0,64.0,4.0,4050.0,165.0,509,4.341074423,2,False,False,False,False,False,False,False,False,False,False,False,False,False,False,False,True,False,False,False,False,False,False,False,False,False,False,False,False,False,False,False,False,False,False,False,False,True,False
15.29,13.0,8.0,64.0,4.0,3300.0,165.0,554,4.643910014,2,False,False,False,False,False,False,False,False,False,False,False,False,False,False,False,True,False,False,False,False,False,False,False,False,False,False,False,False,False,False,False,False,False,False,False,False,True,False
15.24,13.0,8.0,64.0,4.0,3760.0,176.0,434,4.610356713,2,False,False,False,False,False,False,False,False,False,False,False,False,False,False,False,True,False,False,False,False,False,False,False,False,False,False,False,False,False,False,False,False,False,False,False,False,True,False
13.84,13.0,8.0,16.0,4.0,4000.0,160.0,543,4.417755682,2,False,False,False,False,False,False,False,False,False,False,False,False,False,False,False,True,False,False,False,False,False,False,False,False,False,False,False,False,False,False,False,False,False,False,False,False,True,False
12.88,13.0,8.0,32.0,4.0,3000.0,160.0,423,4.389126372,2,False,False,False,False,False,False,False,False,False,False,False,False,False,False,False,True,False,False,False,False,False,False,False,False,False,False,False,False,False,False,False,False,False,False,False,False,True,False
12.88,13.0,8.0,32.0,4.0,3000.0,155.0,480,4.32227663,2,False,False,False,False,False,False,False,False,False,False,False,False,False,False,False,True,False,False,False,False,False,False,False,False,False,False,False,False,False,False,False,False,False,False,False,False,True,False
12.88,13.0,16.0,128.0,4.0,3000.0,155.0,725,4.848978738,2,False,False,False,False,False,False,False,False,False,False,False,False,False,False,False,True,False,False,False,False,False,False,False,False,False,False,False,False,False,False,False,False,False,False,False,False,True,False
12.88,6.5,8.0,32.0,4.0,3000.0,153.8,617,4.286066244,3,False,False,False,False,False,False,False,False,False,False,False,False,False,False,False,True,False,False,False,False,False,False,False,False,False,False,False,False,False,False,False,False,False,False,False,False,True,False
17.78,2.0,2.0,16.0,4.0,3500.0,254.0,769,4.044278585,3,False,False,False,False,False,False,False,False,False,False,False,False,False,False,False,True,False,False,False,False,False,False,False,False,False,False,False,False,False,False,False,False,False,False,False,False,False,False
17.78,5.0,2.0,16.0,4.0,3500.0,260.0,551,3.993234261,3,False,False,False,False,False,False,False,False,False,False,False,False,False,False,False,True,False,False,False,False,False,False,False,False,False,False,False,False,False,False,False,False,False,False,False,False,False,False
12.75,6.5,8.0,32.0,4.0,4000.0,165.0,619,4.270396506,3,False,False,False,False,False,False,False,False,False,False,False,False,False,False,False,True,False,False,False,False,False,False,False,False,False,False,False,False,False,False,False,False,False,False,False,False,True,False
12.75,13.0,8.0,32.0,4.0,4000.0,165.0,763,4.413646418,3,False,False,False,False,False,False,False,False,False,False,False,False,False,False,False,True,False,False,False,False,False,False,False,False,False,False,False,False,False,False,False,False,False,False,False,False,True,False
12.83,6.5,13.0,64.0,4.0,4000.0,180.0,650,4.482889551,3,False,False,False,False,False,False,False,False,False,False,False,False,False,False,False,True,False,False,False,False,False,False,False,False,False,False,False,False,False,False,False,False,False,False,False,False,True,False
12.83,13.0,8.0,64.0,4.0,3100.0,160.0,738,5.023748933,4,False,False,False,False,False,False,False,False,False,False,False,False,False,False,False,True,False,False,False,False,False,False,False,False,False,False,False,False,False,False,False,False,False,False,False,False,True,False
12.7,8.0,2.0,16.0,4.0,2300.0,142.0,868,4.26941769,4,False,False,False,False,False,False,False,False,False,False,False,False,False,False,False,True,False,False,False,False,False,False,False,False,False,False,False,False,False,False,False,False,False,False,False,False,True,False
12.7,8.0,2.0,16.0,4.0,2300.0,142.0,878,3.715521385,4,False,False,False,False,False,False,False,False,False,False,False,False,False,False,False,True,False,False,False,False,False,False,False,False,False,False,False,False,False,False,False,False,False,False,False,False,True,False
10.29,5.0,2.0,32.0,4.0,2000.0,144.0,803,3.674019591,4,False,False,False,False,False,False,False,False,False,False,False,False,False,False,False,True,False,False,False,False,False,False,False,False,False,False,False,False,False,False,False,False,False,False,False,False,True,False
10.29,5.0,2.0,32.0,4.0,2000.0,146.0,752,3.544142658,4,False,False,False,False,False,False,False,False,False,False,False,False,False,False,False,True,False,False,False,False,False,False,False,False,False,False,False,False,False,False,False,False,False,False,False,False,False,False
12.83,13.0,5.0,64.0,4.0,5100.0,177.0,628,4.670770643,4,False,False,False,False,False,False,False,False,False,False,False,False,False,False,False,True,False,False,False,False,False,False,False,False,False,False,False,False,False,False,False,False,False,False,False,False,True,False
12.83,16.0,8.0,32.0,4.0,4000.0,169.0,789,4.856706812,4,False,False,False,False,False,False,False,False,False,False,False,False,False,False,False,True,False,False,False,False,False,False,False,False,False,False,False,False,False,False,False,False,False,False,False,False,True,False
12.7,13.0,8.0,32.0,4.0,4000.0,145.0,841,4.305550476,4,False,False,False,False,False,False,False,False,False,False,False,False,False,False,False,True,False,False,False,False,False,False,False,False,False,False,False,False,False,False,False,False,False,False,False,False,True,False
12.7,13.0,8.0,16.0,4.0,3000.0,140.0,963,4.671519567,4,False,False,False,False,False,False,False,False,False,False,False,False,False,False,False,True,False,False,False,False,False,False,False,False,False,False,False,False,False,False,False,False,False,False,False,False,True,False
10.16,5.0,0.3,16.0,4.0,1700.0,132.0,930,3.658420247,4,False,False,False,False,False,False,False,False,False,False,False,False,False,False,False,True,False,False,False,False,False,False,False,False,False,False,False,False,False,False,False,False,False,False,False,False,False,False
12.7,8.0,5.0,16.0,4.0,3500.0,155.6,583,4.138520925,4,False,False,False,False,False,False,False,False,False,False,False,False,False,False,False,True,False,False,False,False,False,False,False,False,False,False,False,False,False,False,False,False,False,False,False,False,True,False
12.7,8.0,5.0,32.0,4.0,2750.0,139.0,588,3.97724879,4,False,False,False,False,False,False,False,False,False,False,False,False,False,False,False,True,False,False,False,False,False,False,False,False,False,False,False,False,False,False,False,False,False,False,False,False,True,False
15.34,13.0,8.0,32.0,4.0,4050.0,218.0,723,4.659753064,4,False,False,False,False,False,False,False,False,False,False,False,False,False,False,False,True,False,False,False,False,False,False,False,False,False,False,False,False,False,False,False,False,False,False,False,False,True,False
15.34,13.0,5.0,32.0,4.0,4050.0,225.0,585,4.44839941,4,False,False,False,False,False,False,False,False,False,False,False,False,False,False,False,True,False,False,False,False,False,False,False,False,False,False,False,False,False,False,False,False,False,False,False,False,True,False
15.34,16.0,8.0,64.0,4.0,4050.0,259.0,1060,4.753676394,4,False,False,False,False,False,False,False,False,False,False,False,False,False,False,False,True,False,False,False,False,False,False,False,False,False,False,False,False,False,False,False,False,False,False,False,False,True,False
12.7,13.0,8.0,64.0,4.0,3500.0,149.0,830,4.458177162,4,False,False,False,False,False,False,False,False,False,False,False,False,False,False,False,True,False,False,False,False,False,False,False,False,False,False,False,False,False,False,False,False,False,False,False,False,True,False
12.7,5.0,2.0,32.0,4.0,2300.0,166.0,569,4.073120926,4,False,False,False,False,False,False,False,False,False,False,False,False,False,False,False,True,False,False,False,False,False,False,False,False,False,False,False,False,False,False,False,False,False,False,False,False,True,False
12.75,13.0,8.0,128.0,4.0,3100.0,145.0,796,4.84103251,4,False,False,False,False,False,False,False,False,False,False,False,False,False,False,False,True,False,False,False,False,False,False,False,False,False,False,False,False,False,False,False,False,False,False,False,False,True,False
17.78,2.0,0.3,32.0,4.0,3450.0,260.0,867,4.142975984,4,False,False,False,False,False,False,False,False,False,False,False,False,False,False,False,True,False,False,False,False,False,False,False,False,False,False,False,False,False,False,False,False,False,False,False,False,True,False
12.7,13.0,5.0,16.0,4.0,2750.0,142.0,925,4.171614198,4,False,False,False,False,False,False,False,False,False,False,False,False,False,False,False,True,False,False,False,False,False,False,False,False,False,False,False,False,False,False,False,False,False,False,False,False,True,False
12.7,13.0,5.0,16.0,4.0,2750.0,142.0,932,4.216562195,4,False,False,False,False,False,False,False,False,False,False,False,False,False,False,False,True,False,False,False,False,False,False,False,False,False,False,False,False,False,False,False,False,False,False,False,False,True,False
12.83,13.0,5.0,16.0,4.0,2900.0,150.0,950,4.124712099,4,False,False,False,False,False,False,False,False,False,False,False,False,False,False,False,True,False,False,False,False,False,False,False,False,False,False,False,False,False,False,False,False,False,False,False,False,True,False
12.83,13.0,5.0,32.0,4.0,4900.0,189.0,836,4.327438444,4,False,False,False,False,False,False,False,False,False,False,False,False,False,False,False,True,False,False,False,False,False,False,False,False,False,False,False,False,False,False,False,False,False,False,False,False,True,False
12.83,13.0,8.0,32.0,4.0,3500.0,165.0,885,4.590969837,4,False,False,False,False,False,False,False,False,False,False,False,False,False,False,False,True,False,False,False,False,False,False,False,False,False,False,False,False,False,False,False,False,False,False,False,False,True,False
12.7,13.0,5.0,16.0,4.0,2750.0,142.0,803,4.09700768,4,False,False,False,False,False,False,False,False,False,False,False,False,False,False,False,True,False,False,False,False,False,False,False,False,False,False,False,False,False,False,False,False,False,False,False,False,True,False
12.7,13.0,8.0,16.0,4.0,2700.0,129.0,784,4.463145686,4,False,False,False,False,False,False,False,False,False,False,False,False,False,False,False,True,False,False,False,False,False,False,False,False,False,False,False,False,False,False,False,False,False,False,False,False,True,False
12.83,13.0,5.0,16.0,4.0,3300.0,158.0,578,4.509649984,4,False,False,False,False,False,False,False,False,False,False,False,False,False,False,False,True,False,False,False,False,False,False,False,False,False,False,False,False,False,False,False,False,False,False,False,False,True,False
12.83,13.0,5.0,16.0,4.0,3300.0,153.0,749,4.179145164,5,False,False,False,False,False,False,False,False,False,False,False,False,False,False,False,True,False,False,False,False,False,False,False,False,False,False,False,False,False,False,False,False,False,False,False,False,True,False
12.83,21.0,8.0,32.0,4.0,3500.0,175.0,1047,4.823984379,5,False,False,False,False,False,False,False,False,False,False,False,False,False,False,False,True,False,False,False,False,False,False,False,False,False,False,False,False,False,False,False,False,False,False,False,False,True,False
12.7,8.0,2.0,32.0,4.0,2300.0,140.0,697,3.908617212,5,False,False,False,False,False,False,False,False,False,False,False,False,False,False,False,True,False,False,False,False,False,False,False,False,False,False,False,False,False,False,False,False,False,False,False,False,True,False
10.16,5.0,0.3,32.0,4.0,2000.0,132.0,1055,3.729781445,5,False,False,False,False,False,False,False,False,False,False,False,False,False,False,False,True,False,False,False,False,False,False,False,False,False,False,False,False,False,False,False,False,False,False,False,False,False,False
17.73,13.0,5.0,16.0,4.0,4250.0,250.0,718,4.588634217,5,False,False,False,False,False,False,False,False,False,False,False,False,False,False,False,True,False,False,False,False,False,False,False,False,False,False,False,False,False,False,False,False,False,False,False,False,True,False
15.44,13.0,5.0,32.0,4.0,3500.0,229.0,940,4.303524407,5,False,False,False,False,False,False,False,False,False,False,False,False,False,False,False,True,False,False,False,False,False,False,False,False,False,False,False,False,False,False,False,False,False,False,False,False,True,False
12.83,13.0,5.0,32.0,4.0,5000.0,189.0,903,4.820039601,5,False,False,False,False,False,False,False,False,False,False,False,False,False,False,False,True,False,False,False,False,False,False,False,False,False,False,False,False,False,False,False,False,False,False,False,False,True,False
12.7,13.0,5.0,16.0,4.0,2300.0,128.0,582,4.513602992,5,False,False,False,False,False,False,False,False,False,False,False,False,False,False,False,True,False,False,False,False,False,False,False,False,False,False,False,False,False,False,False,False,False,False,False,False,True,False
12.7,8.0,2.0,32.0,4.0,2300.0,128.0,548,4.156379953,5,False,False,False,False,False,False,False,False,False,False,False,False,False,False,False,True,False,False,False,False,False,False,False,False,False,False,False,False,False,False,False,False,False,False,False,False,True,False
12.7,8.0,5.0,16.0,4.0,4000.0,148.0,1077,4.243051882,5,False,False,False,False,False,False,False,False,False,False,False,False,False,False,False,True,False,False,False,False,False,False,False,False,False,False,False,False,False,False,False,False,False,False,False,False,True,False
12.7,13.0,5.0,32.0,4.0,2420.0,132.0,958,4.759177998,5,False,False,False,False,False,False,False,False,False,False,False,False,False,False,False,True,False,False,False,False,False,False,False,False,False,False,False,False,False,False,False,False,False,False,False,False,True,False
12.83,13.0,8.0,64.0,4.0,4100.0,175.0,914,4.511189123,5,False,False,False,False,False,False,False,False,False,False,False,False,False,False,False,True,False,False,False,False,False,False,False,False,False,False,False,False,False,False,False,False,False,False,False,False,True,False
10.29,5.0,2.0,32.0,4.0,2000.0,137.0,1045,3.643097261,5,False,False,False,False,False,False,False,False,False,False,False,False,False,False,False,True,False,False,False,False,False,False,False,False,False,False,False,False,False,False,False,False,False,False,False,False,True,False
12.83,5.0,0.3,16.0,4.0,2250.0,174.0,765,3.780546643,5,False,False,False,False,False,False,False,False,False,False,False,False,False,False,False,True,False,False,False,False,False,False,False,False,False,False,False,False,False,False,False,False,False,False,False,False,True,False
12.7,5.0,2.0,16.0,4.0,2300.0,157.0,904,3.784416881,5,False,False,False,False,False,False,False,False,False,False,False,False,False,False,False,True,False,False,False,False,False,False,False,False,False,False,False,False,False,False,False,False,False,False,False,False,True,False
12.83,13.0,5.0,64.0,4.0,4000.0,158.0,801,4.821651594,5,False,False,False,False,False,False,False,False,False,False,False,False,False,False,False,True,False,False,False,False,False,False,False,False,False,False,False,False,False,False,False,False,False,False,False,False,True,False
12.7,13.0,5.0,32.0,4.0,2150.0,128.0,987,4.778030459,5,False,False,False,False,False,False,False,False,False,False,False,False,False,False,False,True,False,False,False,False,False,False,False,False,False,False,False,False,False,False,False,False,False,False,False,False,True,False
12.7,8.0,2.0,16.0,4.0,2300.0,128.0,641,3.883211924,5,False,False,False,False,False,False,False,False,False,False,False,False,False,False,False,True,False,False,False,False,False,False,False,False,False,False,False,False,False,False,False,False,False,False,False,False,True,False
10.16,2.0,5.0,16.0,4.0,1500.0,117.0,634,3.461037382,5,False,False,False,False,False,False,False,False,False,False,False,False,False,False,False,True,False,False,False,False,False,False,False,False,False,False,False,False,False,False,False,False,False,False,False,False,False,False
12.83,13.0,5.0,16.0,4.0,3000.0,150.0,564,4.44828243,5,False,False,False,False,False,False,False,False,False,False,False,False,False,False,False,True,False,False,False,False,False,False,False,False,False,False,False,False,False,False,False,False,False,False,False,False,True,False
12.7,16.0,8.0,32.0,4.0,3000.0,145.0,714,4.49635928,5,False,False,False,False,False,False,False,False,False,False,False,False,False,False,False,True,False,False,False,False,False,False,False,False,False,False,False,False,False,False,False,False,False,False,False,False,True,False
12.83,13.0,5.0,16.0,4.0,2900.0,140.0,1072,4.546163005,5,False,False,False,False,False,False,False,False,False,False,False,False,False,False,False,True,False,False,False,False,False,False,False,False,False,False,False,False,False,False,False,False,False,False,False,False,True,False
12.83,8.0,5.0,32.0,4.0,2900.0,140.0,562,4.166665224,5,False,False,False,False,False,False,False,False,False,False,False,False,False,False,False,True,False,False,False,False,False,False,False,False,False,False,False,False,False,False,False,False,False,False,False,False,True,False
12.7,8.0,2.0,32.0,4.0,4000.0,160.0,668,4.239742765,5,False,False,False,False,False,False,False,False,False,False,False,False,False,False,False,True,False,False,False,False,False,False,False,False,False,False,False,False,False,False,False,False,False,False,False,False,False,False
12.7,13.0,5.0,16.0,4.0,4000.0,149.0,652,4.424846632,5,False,False,False,False,False,False,False,False,False,False,False,False,False,False,False,True,False,False,False,False,False,False,False,False,False,False,False,False,False,False,False,False,False,False,False,False,True,False
17.78,2.0,0.3,16.0,4.0,3450.0,269.0,1024,4.128423876,5,False,False,False,False,False,False,False,False,False,False,False,False,False,False,False,True,False,False,False,False,False,False,False,False,False,False,False,False,False,False,False,False,False,False,False,False,False,False
17.78,2.0,0.3,32.0,4.0,3450.0,269.0,585,3.967079211,5,False,False,False,False,False,False,False,False,False,False,False,False,False,False,False,True,False,False,False,False,False,False,False,False,False,False,False,False,False,False,False,False,False,False,False,False,False,False
17.78,0.3,5.0,32.0,4.0,3450.0,269.0,578,4.263383855,5,False,False,False,False,False,False,False,False,False,False,False,False,False,False,False,True,False,False,False,False,False,False,False,False,False,False,False,False,False,False,False,False,False,False,False,False,False,False
12.7,8.0,2.0,32.0,4.0,2300.0,128.0,592,4.138520925,5,False,False,False,False,False,False,False,False,False,False,False,False,False,False,False,True,False,False,False,False,False,False,False,False,False,False,False,False,False,False,False,False,False,False,False,False,True,False
12.83,13.0,5.0,32.0,4.0,4000.0,156.0,828,4.433907257,5,False,False,False,False,False,False,False,False,False,False,False,False,False,False,False,True,False,False,False,False,False,False,False,False,False,False,False,False,False,False,False,False,False,False,False,False,True,False
12.78,13.0,13.0,32.0,4.0,2410.0,140.0,747,4.382401564,5,False,False,False,False,False,False,False,False,False,False,False,False,False,False,False,True,False,False,False,False,False,False,False,False,False,False,False,False,False,False,False,False,False,False,False,False,True,False
12.7,8.0,2.0,16.0,4.0,2300.0,128.0,929,3.671224519,6,False,False,False,False,False,False,False,False,False,False,False,False,False,False,False,True,False,False,False,False,False,False,False,False,False,False,False,False,False,False,False,False,False,False,False,False,True,False
15.24,13.0,5.0,32.0,4.0,3300.0,170.0,701,4.495801649,6,False,False,False,False,False,False,False,False,False,False,False,False,False,False,False,True,False,False,False,False,False,False,False,False,False,False,False,False,False,False,False,False,False,False,False,False,True,False
12.83,13.0,2.0,32.0,4.0,2500.0,173.0,988,4.385395952,6,False,False,False,False,False,False,False,False,False,False,False,False,False,False,False,True,False,False,False,False,False,False,False,False,False,False,False,False,False,False,False,False,False,False,False,False,True,False
12.83,8.0,1.6,32.0,4.0,2500.0,175.0,977,4.319086835,6,False,False,False,False,False,False,False,False,False,False,False,False,False,False,False,True,False,False,False,False,False,False,False,False,False,False,False,False,False,False,False,False,False,False,False,False,True,False
10.16,5.0,2.0,16.0,4.0,1500.0,130.0,977,3.515418526,6,False,False,False,False,False,False,False,False,False,False,False,False,False,False,False,True,False,False,False,False,False,False,False,False,False,False,False,False,False,False,False,False,False,False,False,False,False,False
12.7,13.0,8.0,16.0,4.0,2300.0,129.0,680,4.43627805,6,False,False,False,False,False,False,False,False,False,False,False,False,False,False,False,True,False,False,False,False,False,False,False,False,False,False,False,False,False,False,False,False,False,False,False,False,True,False
12.7,8.0,2.0,32.0,4.0,2150.0,129.0,1050,4.182050143,6,False,False,False,False,False,False,False,False,False,False,False,False,False,False,False,True,False,False,False,False,False,False,False,False,False,False,False,False,False,False,False,False,False,False,False,False,False,False
12.7,8.0,2.0,32.0,4.0,2000.0,170.0,876,4.11887456,6,False,False,False,False,False,False,False,False,False,False,False,False,False,False,False,True,False,False,False,False,False,False,False,False,False,False,False,False,False,False,False,False,False,False,False,False,True,False
12.7,13.0,5.0,32.0,4.0,2300.0,120.0,1047,4.40903364,6,False,False,False,False,False,False,False,False,False,False,False,False,False,False,False,True,False,False,False,False,False,False,False,False,False,False,False,False,False,False,False,False,False,False,False,False,True,False
12.83,13.0,8.0,32.0,4.0,3000.0,158.0,618,4.712588583,6,False,False,False,False,False,False,False,False,False,False,False,False,False,False,False,True,False,False,False,False,False,False,False,False,False,False,False,False,False,False,False,False,False,False,False,False,True,False
12.83,5.0,0.3,16.0,4.0,2500.0,161.0,1081,4.130033405,6,False,False,False,False,False,False,False,False,False,False,False,False,False,False,False,True,False,False,False,False,False,False,False,False,False,False,False,False,False,False,False,False,False,False,False,False,False,False
15.24,16.0,5.0,32.0,4.0,4000.0,179.0,808,4.977216385,6,False,False,False,False,False,False,False,False,False,False,False,False,False,False,False,True,False,False,False,False,False,False,False,False,False,False,False,False,False,False,False,False,False,False,False,False,True,False
12.7,13.0,5.0,16.0,4.0,2500.0,180.0,675,4.572853585,6,False,False,False,False,False,False,False,False,False,False,False,False,False,False,False,True,False,False,False,False,False,False,False,False,False,False,False,False,False,False,False,False,False,False,False,False,True,False
12.78,13.0,5.0,32.0,4.0,2000.0,146.0,610,4.122770036,6,False,False,False,False,False,False,False,False,False,False,False,False,False,False,False,True,False,False,False,False,False,False,False,False,False,False,False,False,False,False,False,False,False,False,False,False,False,False
15.24,8.0,1.6,32.0,4.0,3000.0,171.5,859,3.954507617,6,False,False,False,False,False,False,False,False,False,False,False,False,False,False,False,True,False,False,False,False,False,False,False,False,False,False,False,False,False,False,False,False,False,False,False,False,False,False
15.24,8.0,0.3,32.0,4.0,2500.0,192.0,865,4.241614481,6,False,False,False,False,False,False,False,False,False,False,False,False,False,False,False,True,False,False,False,False,False,False,False,False,False,False,False,False,False,False,False,False,False,False,False,False,False,False
12.7,5.0,0.3,16.0,4.0,2000.0,165.0,999,3.90479696,6,False,False,False,False,False,False,False,False,False,False,False,False,False,False,False,True,False,False,False,False,False,False,False,False,False,False,False,False,False,False,False,False,False,False,False,False,False,False
10.16,2.0,1.8,16.0,4.0,1300.0,121.0,884,3.263466708,6,False,False,False,False,False,False,False,False,False,False,False,False,False,False,False,True,False,False,False,False,False,False,False,False,False,False,False,False,False,False,False,False,False,False,False,False,False,False
10.29,5.0,0.3,16.0,4.0,2000.0,145.0,958,3.401863826,6,False,False,False,False,False,False,False,False,False,False,False,False,False,False,False,True,False,False,False,False,False,False,False,False,False,False,False,False,False,False,False,False,False,False,False,False,False,False
17.78,5.0,2.0,32.0,4.0,3450.0,320.0,573,4.235120483,6,False,False,False,False,False,False,False,False,False,False,False,False,False,False,False,True,False,False,False,False,False,False,False,False,False,False,False,False,False,False,False,False,False,False,False,False,False,False
17.78,2.0,0.3,32.0,4.0,3500.0,327.0,543,4.132603274,6,False,False,False,False,False,False,False,False,False,False,False,False,False,False,False,True,False,False,False,False,False,False,False,False,False,False,False,False,False,False,False,False,False,False,False,False,False,False
12.78,8.0,1.6,16.0,4.0,4000.0,190.0,946,4.207822046,6,False,False,False,False,False,False,False,False,False,False,False,False,False,False,False,True,False,False,False,False,False,False,False,False,False,False,False,False,False,False,False,False,False,False,False,False,False,False
12.7,13.0,5.0,16.0,4.0,2000.0,140.0,721,4.043752776,6,False,False,False,False,False,False,False,False,False,False,False,False,False,False,False,True,False,False,False,False,False,False,False,False,False,False,False,False,False,False,False,False,False,False,False,False,False,False
10.34,8.0,0.3,32.0,4.0,3000.0,151.0,898,4.086144366,6,False,False,False,False,False,False,False,False,False,False,False,False,False,False,False,True,False,False,False,False,False,False,False,False,False,False,False,False,False,False,False,False,False,False,False,False,False,False
15.24,5.0,0.3,32.0,4.0,2500.0,196.0,904,3.801091445,6,False,False,False,False,False,False,False,False,False,False,False,False,False,False,False,True,False,False,False,False,False,False,False,False,False,False,False,False,False,False,False,False,False,False,False,False,False,False
12.7,8.0,1.6,32.0,4.0,2250.0,163.3,802,4.271095074,6,False,False,False,False,False,False,False,False,False,False,False,False,False,False,False,True,False,False,False,False,False,False,False,False,False,False,False,False,False,False,False,False,False,False,False,False,False,False
15.24,8.0,1.6,32.0,4.0,3000.0,170.0,655,4.095843438,7,False,False,False,False,False,False,False,False,False,False,False,False,False,False,False,True,False,False,False,False,False,False,False,False,False,False,False,False,False,False,False,False,False,False,False,False,False,False
10.34,8.0,0.3,32.0,4.0,2000.0,126.0,1033,4.263806003,7,False,False,False,False,False,False,False,False,False,False,False,False,False,False,False,True,False,False,False,False,False,False,False,False,False,False,False,False,False,False,False,False,False,False,False,False,False,False
12.83,13.0,5.0,16.0,4.0,3000.0,145.2,780,5.085495364,7,False,False,False,False,False,False,False,False,False,False,False,False,False,False,False,True,False,False,False,False,False,False,False,False,False,False,False,False,False,False,False,False,False,False,False,False,True,False
10.29,3.15,1.0,16.0,4.0,2500.0,159.0,917,3.54731589,7,False,False,False,False,False,False,False,False,False,False,False,False,False,False,False,True,False,False,False,False,False,False,False,False,False,False,False,False,False,False,False,False,False,False,False,False,False,False
12.7,13.0,5.0,16.0,4.0,2000.0,121.0,986,4.457365991,7,False,False,False,False,False,False,False,False,False,False,False,False,False,False,False,True,False,False,False,False,False,False,False,False,False,False,False,False,False,False,False,False,False,False,False,False,False,False
17.78,5.0,1.6,16.0,4.0,3450.0,244.9,574,4.290596418,7,False,False,False,False,False,False,False,False,False,False,False,False,False,False,False,True,False,False,False,False,False,False,False,False,False,False,False,False,False,False,False,False,False,False,False,False,False,False
12.83,5.0,0.3,16.0,4.0,2250.0,184.0,582,4.292101927,7,False,False,False,False,False,False,False,False,False,False,False,False,False,False,False,True,False,False,False,False,False,False,False,False,False,False,False,False,False,False,False,False,False,False,False,False,False,False
10.29,5.0,0.3,16.0,4.0,2000.0,130.0,944,3.94854778,7,False,False,False,False,False,False,False,False,False,False,False,False,False,False,False,True,False,False,False,False,False,False,False,False,False,False,False,False,False,False,False,False,False,False,False,False,False,False
12.7,8.0,0.3,16.0,4.0,4000.0,176.0,630,4.204841862,7,False,False,False,False,False,False,False,False,False,False,False,False,False,False,False,True,False,False,False,False,False,False,False,False,False,False,False,False,False,False,False,False,False,False,False,False,False,False
10.34,12.0,2.0,16.0,4.0,2000.0,143.0,818,4.461992416,7,False,False,False,False,False,False,False,False,False,False,False,False,False,False,False,True,False,False,False,False,False,False,False,False,False,False,False,False,False,False,False,False,False,False,False,False,False,False
10.16,5.0,1.0,16.0,4.0,1500.0,131.0,542,3.582963229,7,False,False,False,False,False,False,False,False,False,False,False,False,False,False,False,True,False,False,False,False,False,False,False,False,False,False,False,False,False,False,False,False,False,False,False,False,False,False
7.75,2.0,1.0,512.0,0.25,1300.0,112.0,987,3.18221184,7,False,False,False,False,False,False,False,False,False,False,False,False,False,False,False,True,False,False,False,False,False,False,False,False,False,False,False,False,False,False,False,False,False,False,False,False,False,False
12.78,8.0,2.0,16.0,4.0,2250.0,159.0,668,4.338858139,7,False,False,False,False,False,False,False,False,False,False,False,False,False,False,False,True,False,False,False,False,False,False,False,False,False,False,False,False,False,False,False,False,False,False,False,False,False,False
17.78,5.0,0.3,16.0,4.0,3500.0,339.0,899,4.632493482,7,False,False,False,False,False,False,False,False,False,False,False,False,False,False,False,True,False,False,False,False,False,False,False,False,False,False,False,False,False,False,False,False,False,False,False,False,False,False
17.78,6.5,0.3,16.0,4.0,3500.0,340.0,801,4.241326753,7,False,False,False,False,False,False,False,False,False,False,False,False,False,False,False,True,False,False,False,False,False,False,False,False,False,False,False,False,False,False,False,False,False,False,False,False,False,False
12.83,13.0,2.0,16.0,4.0,2500.0,162.0,740,4.726591041,7,False,False,False,False,False,False,False,False,False,False,False,False,False,False,False,True,False,False,False,False,False,False,False,False,False,False,False,False,False,False,False,False,False,False,False,False,False,False
12.7,8.0,0.3,16.0,4.0,2250.0,176.0,549,3.94951145,7,False,False,False,False,False,False,False,False,False,False,False,False,False,False,False,True,False,False,False,False,False,False,False,False,False,False,False,False,False,False,False,False,False,False,False,False,False,False
12.7,8.0,0.3,16.0,4.0,2250.0,165.4,893,3.747619949,7,False,False,False,False,False,False,False,False,False,False,False,False,False,False,False,True,False,False,False,False,False,False,False,False,False,False,False,False,False,False,False,False,False,False,False,False,False,False
10.29,8.0,1.0,16.0,4.0,2000.0,151.0,551,3.880738715,7,False,False,False,False,False,False,False,False,False,False,False,False,False,False,False,True,False,False,False,False,False,False,False,False,False,False,False,False,False,False,False,False,False,False,False,False,False,False
10.29,5.0,1.0,16.0,4.0,2000.0,155.0,638,3.983599204,7,False,False,False,False,False,False,False,False,False,False,False,False,False,False,False,True,False,False,False,False,False,False,False,False,False,False,False,False,False,False,False,False,False,False,False,False,False,False
10.16,3.15,1.0,512.0,0.25,1500.0,134.0,836,3.555633735,7,False,False,False,False,False,False,False,False,False,False,False,False,False,False,False,True,False,False,False,False,False,False,False,False,False,False,False,False,False,False,False,False,False,False,False,False,False,False
10.29,8.0,1.0,16.0,4.0,2000.0,140.0,627,4.287441192,7,False,False,False,False,False,False,False,False,False,False,False,False,False,False,False,True,False,False,False,False,False,False,False,False,False,False,False,False,False,False,False,False,False,False,False,False,False,False
15.34,8.0,13.0,128.0,4.0,4000.0,183.0,369,5.620183451,1,False,False,False,False,False,False,False,False,False,False,False,False,False,True,False,False,False,False,False,False,False,False,False,False,False,False,False,False,False,False,False,False,False,False,False,False,True,False
15.27,8.0,13.0,128.0,4.0,3500.0,167.0,310,5.431010908,1,False,False,False,False,False,False,False,False,False,False,False,False,False,True,False,False,False,False,False,False,False,False,False,False,False,False,False,False,False,False,False,False,False,False,False,False,True,False
15.27,16.0,8.0,64.0,4.0,3000.0,159.0,518,4.624678652,1,False,False,False,False,False,False,False,False,False,False,False,False,False,True,False,False,False,False,False,False,False,False,False,False,False,False,False,False,False,False,False,False,False,False,False,False,True,False
15.34,13.0,5.0,64.0,4.0,3300.0,169.0,586,5.004885462,2,False,False,False,False,False,False,False,False,False,False,False,False,False,True,False,False,False,False,False,False,False,False,False,False,False,False,False,False,False,False,False,False,False,False,False,False,True,False
15.27,16.0,8.0,32.0,4.0,3000.0,156.0,668,4.523526197,2,False,False,False,False,False,False,False,False,False,False,False,False,False,True,False,False,False,False,False,False,False,False,False,False,False,False,False,False,False,False,False,False,False,False,False,False,True,False
15.29,16.0,5.0,64.0,4.0,3300.0,172.0,394,5.184588601,2,False,False,False,False,False,False,False,False,False,False,False,False,False,True,False,False,False,False,False,False,False,False,False,False,False,False,False,False,False,False,False,False,False,False,False,False,True,False
12.78,13.0,5.0,32.0,4.0,3000.0,169.0,487,4.818101772,2,False,False,False,False,False,False,False,False,False,False,False,False,False,True,False,False,False,False,False,False,False,False,False,False,False,False,False,False,False,False,False,False,False,False,False,False,True,False
15.29,13.0,5.0,32.0,4.0,3300.0,172.0,716,4.582822322,2,False,False,False,False,False,False,False,False,False,False,False,False,False,True,False,False,False,False,False,False,False,False,False,False,False,False,False,False,False,False,False,False,False,False,False,False,True,False
15.29,13.0,8.0,64.0,4.0,3300.0,171.0,445,4.926311212,2,False,False,False,False,False,False,False,False,False,False,False,False,False,True,False,False,False,False,False,False,False,False,False,False,False,False,False,False,False,False,False,False,False,False,False,False,True,False
15.24,13.0,8.0,128.0,4.0,3300.0,157.0,492,5.161523515,2,False,False,False,False,False,False,False,False,False,False,False,False,False,True,False,False,False,False,False,False,False,False,False,False,False,False,False,False,False,False,False,False,False,False,False,False,True,False
12.83,13.0,5.0,64.0,4.0,3000.0,145.0,494,4.518086079,2,False,False,False,False,False,False,False,False,False,False,False,False,False,True,False,False,False,False,False,False,False,False,False,False,False,False,False,False,False,False,False,False,False,False,False,False,True,False
15.27,13.0,8.0,128.0,4.0,3000.0,162.0,696,4.532707014,2,False,False,False,False,False,False,False,False,False,False,False,False,False,True,False,False,False,False,False,False,False,False,False,False,False,False,False,False,False,False,False,False,False,False,False,False,True,False
15.24,13.0,5.0,256.0,4.0,3300.0,158.0,366,5.400106512,2,False,False,False,False,False,False,False,False,False,False,False,False,False,True,False,False,False,False,False,False,False,False,False,False,False,False,False,False,False,False,False,False,False,False,False,False,True,False
12.78,13.0,8.0,32.0,4.0,3000.0,162.0,545,4.257596556,2,False,False,False,False,False,False,False,False,False,False,False,False,False,True,False,False,False,False,False,False,False,False,False,False,False,False,False,False,False,False,False,False,False,False,False,False,True,False
12.78,13.0,5.0,32.0,4.0,3000.0,172.3,478,4.635602393,2,False,False,False,False,False,False,False,False,False,False,False,False,False,True,False,False,False,False,False,False,False,False,False,False,False,False,False,False,False,False,False,False,False,False,False,False,True,False
15.24,13.0,5.0,128.0,4.0,3300.0,158.0,860,5.073610093,3,False,False,False,False,False,False,False,False,False,False,False,False,False,True,False,False,False,False,False,False,False,False,False,False,False,False,False,False,False,False,False,False,False,False,False,False,True,False
12.75,13.0,5.0,32.0,4.0,3000.0,146.0,743,4.631130288,3,False,False,False,False,False,False,False,False,False,False,False,False,False,True,False,False,False,False,False,False,False,False,False,False,False,False,False,False,False,False,False,False,False,False,False,False,True,False
12.83,13.0,5.0,64.0,4.0,3000.0,149.0,746,4.180675152,3,False,False,False,False,False,False,False,False,False,False,False,False,False,True,False,False,False,False,False,False,False,False,False,False,False,False,False,False,False,False,False,False,False,False,False,False,True,False
12.75,16.0,5.0,32.0,4.0,4100.0,166.5,616,4.442768897,3,False,False,False,False,False,False,False,False,False,False,False,False,False,True,False,False,False,False,False,False,False,False,False,False,False,False,False,False,False,False,False,False,False,False,False,False,True,False
12.88,13.0,5.0,32.0,4.0,3300.0,163.0,588,4.44370952,3,False,False,False,False,False,False,False,False,False,False,False,False,False,True,False,False,False,False,False,False,False,False,False,False,False,False,False,False,False,False,False,False,False,False,False,False,True,False
12.83,13.0,5.0,16.0,4.0,4500.0,164.0,576,4.131640347,3,False,False,False,False,False,False,False,False,False,False,False,False,False,True,False,False,False,False,False,False,False,False,False,False,False,False,False,False,False,False,False,False,False,False,False,False,True,False
12.88,13.0,5.0,32.0,4.0,3080.0,150.0,613,4.79015486,3,False,False,False,False,False,False,False,False,False,False,False,False,False,True,False,False,False,False,False,False,False,False,False,False,False,False,False,False,False,False,False,False,False,False,False,False,True,False
12.88,13.0,5.0,16.0,4.0,3200.0,149.0,911,4.430578675,4,False,False,False,False,False,False,False,False,False,False,False,False,False,True,False,False,False,False,False,False,False,False,False,False,False,False,False,False,False,False,False,False,False,False,False,False,True,False
12.78,8.0,5.0,16.0,4.0,2800.0,141.8,611,3.971800209,3,False,False,False,False,False,False,False,False,False,False,False,False,False,True,False,False,False,False,False,False,False,False,False,False,False,False,False,False,False,False,False,False,False,False,False,False,True,False
12.78,13.0,5.0,16.0,4.0,2660.0,140.0,961,4.262679877,4,False,False,False,False,False,False,False,False,False,False,False,False,False,True,False,False,False,False,False,False,False,False,False,False,False,False,False,False,False,False,False,False,False,False,False,False,True,False
12.78,13.0,5.0,16.0,4.0,2800.0,144.0,864,4.368814741,4,False,False,False,False,False,False,False,False,False,False,False,False,False,True,False,False,False,False,False,False,False,False,False,False,False,False,False,False,False,False,False,False,False,False,False,False,True,False
12.7,13.0,5.0,16.0,4.0,2500.0,144.0,632,4.375127893,4,False,False,False,False,False,False,False,False,False,False,False,False,False,True,False,False,False,False,False,False,False,False,False,False,False,False,False,False,False,False,False,False,False,False,False,False,True,False
12.7,8.0,5.0,16.0,4.0,2500.0,143.0,642,4.07787637,3,False,False,False,False,False,False,False,False,False,False,False,False,False,True,False,False,False,False,False,False,False,False,False,False,False,False,False,False,False,False,False,False,False,False,False,False,True,False
12.7,5.0,5.0,32.0,4.0,2500.0,138.0,803,4.245204118,4,False,False,False,False,False,False,False,False,False,False,False,False,False,True,False,False,False,False,False,False,False,False,False,False,False,False,False,False,False,False,False,False,False,False,False,False,True,False
10.29,5.0,2.0,32.0,4.0,2100.0,132.0,549,3.839022113,4,False,False,False,False,False,False,False,False,False,False,False,False,False,True,False,False,False,False,False,False,False,False,False,False,False,False,False,False,False,False,False,False,False,False,False,False,True,False
12.88,12.3,5.0,32.0,4.0,3200.0,174.0,859,4.906089261,4,False,False,False,False,False,False,False,False,False,False,False,False,False,True,False,False,False,False,False,False,False,False,False,False,False,False,False,False,False,False,False,False,False,False,False,False,True,False
12.7,8.0,5.0,16.0,4.0,2100.0,122.0,862,3.969348072,4,False,False,False,False,False,False,False,False,False,False,False,False,False,True,False,False,False,False,False,False,False,False,False,False,False,False,False,False,False,False,False,False,False,False,False,False,True,False
12.83,13.0,5.0,16.0,4.0,2800.0,133.0,661,4.515136063,4,False,False,False,False,False,False,False,False,False,False,False,False,False,True,False,False,False,False,False,False,False,False,False,False,False,False,False,False,False,False,False,False,False,False,False,False,True,False
12.83,13.0,5.0,16.0,4.0,2800.0,133.0,681,4.095510549,4,False,False,False,False,False,False,False,False,False,False,False,False,False,True,False,False,False,False,False,False,False,False,False,False,False,False,False,False,False,False,False,False,False,False,False,False,True,False
12.83,12.3,8.0,32.0,4.0,3000.0,150.0,1015,4.72046123,4,False,False,False,False,False,False,False,False,False,False,False,False,False,True,False,False,False,False,False,False,False,False,False,False,False,False,False,False,False,False,False,False,False,False,False,False,True,False
12.78,13.0,5.0,16.0,4.0,4100.0,139.0,556,4.425684604,4,False,False,False,False,False,False,False,False,False,False,False,False,False,True,False,False,False,False,False,False,False,False,False,False,False,False,False,False,False,False,False,False,False,False,False,False,True,False
12.7,8.0,5.0,16.0,4.0,2100.0,121.0,813,4.049172844,4,False,False,False,False,False,False,False,False,False,False,False,False,False,True,False,False,False,False,False,False,False,False,False,False,False,False,False,False,False,False,False,False,False,False,False,False,True,False
12.88,13.0,5.0,16.0,4.0,2900.0,146.0,706,4.512945242,4,False,False,False,False,False,False,False,False,False,False,False,False,False,True,False,False,False,False,False,False,False,False,False,False,False,False,False,False,False,False,False,False,False,False,False,False,True,False
12.88,13.0,5.0,16.0,4.0,3000.0,144.6,554,4.209011637,4,False,False,False,False,False,False,False,False,False,False,False,False,False,True,False,False,False,False,False,False,False,False,False,False,False,False,False,False,False,False,False,False,False,False,False,False,True,False
12.7,5.0,2.0,32.0,4.0,1900.0,128.0,986,3.646754528,4,False,False,False,False,False,False,False,False,False,False,False,False,False,True,False,False,False,False,False,False,False,False,False,False,False,False,False,False,False,False,False,False,False,False,False,False,True,False
10.29,5.0,0.3,32.0,4.0,1940.0,127.0,924,3.696103299,4,False,False,False,False,False,False,False,False,False,False,False,False,False,True,False,False,False,False,False,False,False,False,False,False,False,False,False,False,False,False,False,False,False,False,False,False,True,False
12.78,12.3,8.0,32.0,4.0,2800.0,156.0,981,4.368434681,4,False,False,False,False,False,False,False,False,False,False,False,False,False,True,False,False,False,False,False,False,False,False,False,False,False,False,False,False,False,False,False,False,False,False,False,False,True,False
12.78,12.3,8.0,32.0,4.0,2800.0,159.0,726,4.754710253,4,False,False,False,False,False,False,False,False,False,False,False,False,False,True,False,False,False,False,False,False,False,False,False,False,False,False,False,False,False,False,False,False,False,False,False,False,True,False
12.75,12.3,8.0,16.0,4.0,2520.0,118.0,741,4.31455047,4,False,False,False,False,False,False,False,False,False,False,False,False,False,True,False,False,False,False,False,False,False,False,False,False,False,False,False,False,False,False,False,False,False,False,False,False,True,False
12.52,13.0,8.0,16.0,4.0,2300.0,120.0,872,4.493568009,4,False,False,False,False,False,False,False,False,False,False,False,False,False,True,False,False,False,False,False,False,False,False,False,False,False,False,False,False,False,False,False,False,False,False,False,False,True,False
12.7,8.0,5.0,32.0,4.0,2125.0,157.0,824,4.240030949,4,False,False,False,False,False,False,False,False,False,False,False,False,False,True,False,False,False,False,False,False,False,False,False,False,False,False,False,False,False,False,False,False,False,False,False,False,True,False
12.88,13.0,8.0,16.0,4.0,3000.0,145.0,849,4.568609931,4,False,False,False,False,False,False,False,False,False,False,False,False,False,True,False,False,False,False,False,False,False,False,False,False,False,False,False,False,False,False,False,False,False,False,False,False,True,False
12.78,13.0,5.0,16.0,4.0,2300.0,142.0,809,4.108576144,4,False,False,False,False,False,False,False,False,False,False,False,False,False,True,False,False,False,False,False,False,False,False,False,False,False,False,False,False,False,False,False,False,False,False,False,False,True,False
12.7,5.0,5.0,32.0,4.0,2125.0,161.0,578,4.235120483,4,False,False,False,False,False,False,False,False,False,False,False,False,False,True,False,False,False,False,False,False,False,False,False,False,False,False,False,False,False,False,False,False,False,False,False,False,True,False
10.29,5.0,2.0,32.0,4.0,1940.0,120.0,1033,4.020518602,4,False,False,False,False,False,False,False,False,False,False,False,False,False,True,False,False,False,False,False,False,False,False,False,False,False,False,False,False,False,False,False,False,False,False,False,False,True,False
12.83,13.0,8.0,16.0,4.0,3000.0,158.0,663,4.437934267,5,False,False,False,False,False,False,False,False,False,False,False,False,False,True,False,False,False,False,False,False,False,False,False,False,False,False,False,False,False,False,False,False,False,False,False,False,False,False
12.88,13.0,5.0,16.0,4.0,3000.0,169.8,599,4.474491862,5,False,False,False,False,False,False,False,False,False,False,False,False,False,True,False,False,False,False,False,False,False,False,False,False,False,False,False,False,False,False,False,False,False,False,False,False,True,False
12.88,16.0,5.0,32.0,4.0,3000.0,192.0,867,4.764393692,5,False,False,False,False,False,False,False,False,False,False,False,False,False,True,False,False,False,False,False,False,False,False,False,False,False,False,False,False,False,False,False,False,False,False,False,False,True,False
12.75,12.3,5.0,16.0,4.0,2700.0,136.0,983,4.174541104,5,False,False,False,False,False,False,False,False,False,False,False,False,False,True,False,False,False,False,False,False,False,False,False,False,False,False,False,False,False,False,False,False,False,False,False,False,True,False
12.7,13.0,8.0,16.0,4.0,2050.0,150.0,565,4.446291681,5,False,False,False,False,False,False,False,False,False,False,False,False,False,True,False,False,False,False,False,False,False,False,False,False,False,False,False,False,False,False,False,False,False,False,False,False,True,False
7.67,3.15,0.3,16.0,4.0,1700.0,143.0,1002,3.619797293,5,False,False,False,False,False,False,False,False,False,False,False,False,False,True,False,False,False,False,False,False,False,False,False,False,False,False,False,False,False,False,False,False,False,False,False,False,True,False
10.29,5.0,0.3,32.0,4.0,1900.0,138.9,713,3.503453082,5,False,False,False,False,False,False,False,False,False,False,False,False,False,True,False,False,False,False,False,False,False,False,False,False,False,False,False,False,False,False,False,False,False,False,False,False,True,False
12.7,8.0,5.0,32.0,4.0,2540.0,155.0,881,3.909219078,5,False,False,False,False,False,False,False,False,False,False,False,False,False,True,False,False,False,False,False,False,False,False,False,False,False,False,False,False,False,False,False,False,False,False,False,False,False,False
12.75,8.0,5.0,32.0,4.0,2300.0,139.0,821,3.983226764,5,False,False,False,False,False,False,False,False,False,False,False,False,False,True,False,False,False,False,False,False,False,False,False,False,False,False,False,False,False,False,False,False,False,False,False,False,True,False
7.62,1.3,5.0,32.0,0.25,950.0,125.0,674,3.839452313,5,False,False,False,False,False,False,False,False,False,False,False,False,False,True,False,False,False,False,False,False,False,False,False,False,False,False,False,False,False,False,False,False,False,True,False,False,False,False
12.7,8.0,5.0,32.0,4.0,2540.0,136.0,798,4.230913005,5,False,False,False,False,False,False,False,False,False,False,False,False,False,True,False,False,False,False,False,False,False,False,False,False,False,False,False,False,False,False,False,False,False,False,False,False,True,False
12.83,16.0,8.0,32.0,4.0,3000.0,155.0,570,4.928122873,5,False,False,False,False,False,False,False,False,False,False,False,False,False,True,False,False,False,False,False,False,False,False,False,False,False,False,False,False,False,False,False,False,False,False,False,False,True,False
12.83,16.0,8.0,32.0,4.0,3000.0,155.0,617,4.634631896,5,False,False,False,False,False,False,False,False,False,False,False,False,False,True,False,False,False,False,False,False,False,False,False,False,False,False,False,False,False,False,False,False,False,False,False,False,True,False
12.88,8.0,5.0,32.0,4.0,3000.0,165.9,746,4.186619838,5,False,False,False,False,False,False,False,False,False,False,False,False,False,True,False,False,False,False,False,False,False,False,False,False,False,False,False,False,False,False,False,False,False,False,False,False,True,False
12.88,13.0,5.0,32.0,4.0,3000.0,163.0,814,4.524285457,5,False,False,False,False,False,False,False,False,False,False,False,False,False,True,False,False,False,False,False,False,False,False,False,False,False,False,False,False,False,False,False,False,False,False,False,False,True,False
12.7,8.0,2.1,16.0,4.0,2610.0,135.0,980,4.161847435,5,False,False,False,False,False,False,False,False,False,False,False,False,False,True,False,False,False,False,False,False,False,False,False,False,False,False,False,False,False,False,False,False,False,False,False,False,True,False
12.7,8.0,5.0,32.0,4.0,2540.0,137.0,930,3.946037884,5,False,False,False,False,False,False,False,False,False,False,False,False,False,True,False,False,False,False,False,False,False,False,False,False,False,False,False,False,False,False,False,False,False,False,False,False,True,False
10.34,8.0,1.0,32.0,4.0,2100.0,124.4,1003,4.029806041,5,False,False,False,False,False,False,False,False,False,False,False,False,False,True,False,False,False,False,False,False,False,False,False,False,False,False,False,False,False,False,False,False,False,False,False,False,True,False
10.29,5.0,0.3,32.0,4.0,1900.0,140.0,696,3.645710959,5,False,False,False,False,False,False,False,False,False,False,False,False,False,True,False,False,False,False,False,False,False,False,False,False,False,False,False,False,False,False,False,False,False,False,False,False,True,False
10.16,5.0,0.3,16.0,4.0,1900.0,128.0,652,3.731220295,5,False,False,False,False,False,False,False,False,False,False,False,False,False,True,False,False,False,False,False,False,False,False,False,False,False,False,False,False,False,False,False,False,False,False,False,False,True,False
12.83,13.0,2.1,16.0,4.0,3000.0,152.0,561,4.556714966,5,False,False,False,False,False,False,False,False,False,False,False,False,False,True,False,False,False,False,False,False,False,False,False,False,False,False,False,False,False,False,False,False,False,False,False,False,True,False
10.29,5.0,0.3,16.0,4.0,2100.0,138.9,695,3.435920818,6,False,False,False,False,False,False,False,False,False,False,False,False,False,True,False,False,False,False,False,False,False,False,False,False,False,False,False,False,False,False,False,False,False,False,False,False,True,False
12.7,8.0,1.3,32.0,4.0,2460.0,140.45,959,3.749268754,6,False,False,False,False,False,False,False,False,False,False,False,False,False,True,False,False,False,False,False,False,False,False,False,False,False,False,False,False,False,False,False,False,False,False,False,False,False,False
10.29,8.0,0.3,16.0,4.0,1820.0,153.7,778,3.999667515,6,False,False,False,False,False,False,False,False,False,False,False,False,False,True,False,False,False,False,False,False,False,False,False,False,False,False,False,False,False,False,False,False,False,False,False,False,False,False
12.83,13.0,2.1,32.0,4.0,3000.0,149.0,588,4.410978457,6,False,False,False,False,False,False,False,False,False,False,False,False,False,True,False,False,False,False,False,False,False,False,False,False,False,False,False,False,False,False,False,False,False,False,False,False,True,False
12.93,13.0,2.1,32.0,4.0,3000.0,182.0,776,4.115616697,6,False,False,False,False,False,False,False,False,False,False,False,False,False,True,False,False,False,False,False,False,False,False,False,False,False,False,False,False,False,False,False,False,False,False,False,False,True,False
10.29,5.0,0.3,16.0,4.0,2100.0,129.6,1025,3.97724879,6,False,False,False,False,False,False,False,False,False,False,False,False,False,True,False,False,False,False,False,False,False,False,False,False,False,False,False,False,False,False,False,False,False,False,False,False,True,False
10.24,5.0,0.3,16.0,4.0,1540.0,119.0,890,3.2820384,6,False,False,False,False,False,False,False,False,False,False,False,False,False,True,False,False,False,False,False,False,False,False,False,False,False,False,False,False,False,False,False,False,False,False,False,False,False,False
10.24,5.0,0.3,16.0,4.0,1700.0,140.45,564,3.781686504,6,False,False,False,False,False,False,False,False,False,False,False,False,False,True,False,False,False,False,False,False,False,False,False,False,False,False,False,False,False,False,False,False,False,False,False,False,False,False
12.83,13.0,1.3,32.0,4.0,3000.0,163.0,1000,4.711779921,6,False,False,False,False,False,False,False,False,False,False,False,False,False,True,False,False,False,False,False,False,False,False,False,False,False,False,False,False,False,False,False,False,False,False,False,False,False,False
12.7,8.0,1.0,32.0,4.0,2540.0,137.0,646,3.819907717,6,False,False,False,False,False,False,False,False,False,False,False,False,False,True,False,False,False,False,False,False,False,False,False,False,False,False,False,False,False,False,False,False,False,False,False,False,False,False
10.29,8.0,0.3,16.0,4.0,1900.0,145.0,708,3.637059705,6,False,False,False,False,False,False,False,False,False,False,False,False,False,True,False,False,False,False,False,False,False,False,False,False,False,False,False,False,False,False,False,False,False,False,False,False,False,False
12.88,8.0,1.3,32.0,4.0,3200.0,167.0,1009,4.185403293,6,False,False,False,False,False,False,False,False,False,False,False,False,False,True,False,False,False,False,False,False,False,False,False,False,False,False,False,False,False,False,False,False,False,False,False,False,True,False
12.75,13.0,2.1,32.0,4.0,2610.0,146.8,952,4.130676491,6,False,False,False,False,False,False,False,False,False,False,False,False,False,True,False,False,False,False,False,False,False,False,False,False,False,False,False,False,False,False,False,False,False,False,False,False,True,False
17.78,5.0,0.3,16.0,4.0,4000.0,294.8,708,4.485485343,6,False,False,False,False,False,False,False,False,False,False,False,False,False,True,False,False,False,False,False,False,False,False,False,False,False,False,False,False,False,False,False,False,False,False,False,False,True,False
10.16,3.15,0.3,16.0,4.0,1900.0,142.0,715,3.270708974,6,False,False,False,False,False,False,False,False,False,False,False,False,False,True,False,False,False,False,False,False,False,False,False,False,False,False,False,False,False,False,False,False,False,False,False,False,False,False
7.67,2.0,1.3,16.0,4.0,1540.0,140.45,952,3.384051223,6,False,False,False,False,False,False,False,False,False,False,False,False,False,True,False,False,False,False,False,False,False,False,False,False,False,False,False,False,False,False,False,False,False,False,False,False,False,False
12.88,8.0,1.3,32.0,4.0,3200.0,168.1,1048,4.785823686,6,False,False,False,False,False,False,False,False,False,False,False,False,False,True,False,False,False,False,False,False,False,False,False,False,False,False,False,False,False,False,False,False,False,False,False,False,True,False
12.83,13.0,2.1,32.0,4.0,3000.0,154.0,752,4.799831955,6,False,False,False,False,False,False,False,False,False,False,False,False,False,True,False,False,False,False,False,False,False,False,False,False,False,False,False,False,False,False,False,False,False,False,False,False,True,False
12.7,8.0,1.3,32.0,4.0,2540.0,140.45,801,4.287853308,6,False,False,False,False,False,False,False,False,False,False,False,False,False,True,False,False,False,False,False,False,False,False,False,False,False,False,False,False,False,False,False,False,False,False,False,False,False,False
12.7,8.0,1.3,32.0,4.0,2540.0,134.0,780,4.015120963,6,False,False,False,False,False,False,False,False,False,False,False,False,False,True,False,False,False,False,False,False,False,False,False,False,False,False,False,False,False,False,False,False,False,False,False,False,True,False
10.24,5.0,0.3,16.0,4.0,2100.0,127.0,563,4.025530246,6,False,False,False,False,False,False,False,False,False,False,False,False,False,True,False,False,False,False,False,False,False,False,False,False,False,False,False,False,False,False,False,False,False,False,False,False,False,False
12.83,13.0,2.1,32.0,4.0,3000.0,149.7,909,4.533459338,6,False,False,False,False,False,False,False,False,False,False,False,False,False,True,False,False,False,False,False,False,False,False,False,False,False,False,False,False,False,False,False,False,False,False,False,False,True,False
12.83,13.0,2.1,16.0,4.0,3000.0,149.0,688,4.415944853,6,False,False,False,False,False,False,False,False,False,False,False,False,False,True,False,False,False,False,False,False,False,False,False,False,False,False,False,False,False,False,False,False,False,False,False,False,True,False
10.34,8.0,1.3,32.0,4.0,3000.0,136.1,980,3.763986927,6,False,False,False,False,False,False,False,False,False,False,False,False,False,True,False,False,False,False,False,False,False,False,False,False,False,False,False,False,False,False,False,False,False,False,False,False,True,False
17.78,3.15,1.3,32.0,4.0,4000.0,293.0,1015,4.25177557,6,False,False,False,False,False,False,False,False,False,False,False,False,False,True,False,False,False,False,False,False,False,False,False,False,False,False,False,False,False,False,False,False,False,False,False,False,False,False
12.7,5.0,0.3,16.0,4.0,2540.0,140.45,722,3.762129916,6,False,False,False,False,False,False,False,False,False,False,False,False,False,True,False,False,False,False,False,False,False,False,False,False,False,False,False,False,False,False,False,False,False,False,False,False,False,False
10.34,5.0,0.3,32.0,4.0,2440.0,123.9,1005,4.322143925,6,False,False,False,False,False,False,False,False,False,False,False,False,False,True,False,False,False,False,False,False,False,False,False,False,False,False,False,False,False,False,False,False,False,False,False,False,True,False
10.24,5.0,0.3,16.0,4.0,2100.0,126.0,751,3.988984047,6,False,False,False,False,False,False,False,False,False,False,False,False,False,True,False,False,False,False,False,False,False,False,False,False,False,False,False,False,False,False,False,False,False,False,False,False,False,False
10.29,5.0,0.3,16.0,4.0,2440.0,129.6,592,3.354105774,6,False,False,False,False,False,False,False,False,False,False,False,False,False,True,False,False,False,False,False,False,False,False,False,False,False,False,False,False,False,False,False,False,False,False,False,False,True,False
10.34,13.0,1.3,32.0,4.0,2440.0,121.0,632,4.261975404,6,False,False,False,False,False,False,False,False,False,False,False,False,False,True,False,False,False,False,False,False,False,False,False,False,False,False,False,False,False,False,False,False,False,False,False,False,True,False
10.34,8.0,1.3,32.0,4.0,2440.0,121.0,888,4.071417058,6,False,False,False,False,False,False,False,False,False,False,False,False,False,True,False,False,False,False,False,False,False,False,False,False,False,False,False,False,False,False,False,False,False,False,False,False,True,False
10.34,8.0,1.3,32.0,4.0,2440.0,121.0,646,3.597312261,6,False,False,False,False,False,False,False,False,False,False,False,False,False,True,False,False,False,False,False,False,False,False,False,False,False,False,False,False,False,False,False,False,False,False,False,False,False,False
10.34,5.0,0.3,32.0,4.0,2540.0,125.0,597,3.867025639,6,False,False,False,False,False,False,False,False,False,False,False,False,False,True,False,False,False,False,False,False,False,False,False,False,False,False,False,False,False,False,False,False,False,False,False,False,False,False
10.34,5.0,1.3,32.0,4.0,2540.0,126.0,1018,4.146620707,6,False,False,False,False,False,False,False,False,False,False,False,False,False,True,False,False,False,False,False,False,False,False,False,False,False,False,False,False,False,False,False,False,False,False,False,False,False,False
10.29,5.0,0.3,16.0,4.0,2100.0,124.0,1091,3.442339325,6,False,False,False,False,False,False,False,False,False,False,False,False,False,True,False,False,False,False,False,False,False,False,False,False,False,False,False,False,False,False,False,False,False,False,False,False,False,False
10.29,5.0,0.3,16.0,4.0,2100.0,126.6,601,3.776890331,6,False,False,False,False,False,False,False,False,False,False,False,False,False,True,False,False,False,False,False,False,False,False,False,False,False,False,False,False,False,False,False,False,False,False,False,False,False,False
7.75,3.15,1.3,16.0,4.0,2540.0,114.0,646,3.225255432,6,False,False,False,False,False,False,False,False,False,False,False,False,False,True,False,False,False,False,False,False,False,False,False,False,False,False,False,False,False,False,False,False,False,False,False,False,False,False
7.75,3.15,1.3,16.0,4.0,2540.0,113.4,778,3.047850228,6,False,False,False,False,False,False,False,False,False,False,False,False,False,True,False,False,False,False,False,False,False,False,False,False,False,False,False,False,False,False,False,False,False,False,False,False,False,False
12.93,13.0,2.1,16.0,4.0,3200.0,172.0,853,4.284551613,6,False,False,False,False,False,False,False,False,False,False,False,False,False,True,False,False,False,False,False,False,False,False,False,False,False,False,False,False,False,False,False,False,False,False,False,False,True,False
7.62,2.0,1.3,16.0,4.0,1540.0,104.6,673,3.676300672,6,False,False,False,False,False,False,False,False,False,False,False,False,False,True,False,False,False,False,False,False,False,False,False,False,False,False,False,False,False,False,False,False,False,False,False,False,False,False
10.16,5.0,0.3,16.0,4.0,2460.0,159.9,744,4.35105183,6,False,False,False,False,False,False,False,False,False,False,False,False,False,True,False,False,False,False,False,False,False,False,False,False,False,False,False,False,False,False,False,False,False,False,False,False,True,False
12.83,13.0,2.1,32.0,4.0,3140.0,167.0,662,4.75272775,7,False,False,False,False,False,False,False,False,False,False,False,False,False,True,False,False,False,False,False,False,False,False,False,False,False,False,False,False,False,False,False,False,False,False,False,False,True,False
12.57,8.0,1.3,16.0,4.0,2300.0,130.0,633,4.241902127,7,False,False,False,False,False,False,False,False,False,False,False,False,False,True,False,False,False,False,False,False,False,False,False,False,False,False,False,False,False,False,False,False,False,False,False,False,True,False
15.24,13.0,2.1,32.0,4.0,3500.0,177.0,984,4.238444906,7,False,False,False,False,False,False,False,False,False,False,False,False,False,True,False,False,False,False,False,False,False,False,False,False,False,False,False,False,False,False,False,False,False,False,False,False,True,False
10.16,5.0,1.3,16.0,4.0,1540.0,122.5,1093,3.884651809,7,False,False,False,False,False,False,False,False,False,False,False,False,False,True,False,False,False,False,False,False,False,False,False,False,False,False,False,False,False,False,False,False,False,True,False,False,False,False
12.83,8.0,1.3,32.0,4.0,3140.0,161.0,803,4.271653577,7,False,False,False,False,False,False,False,False,False,False,False,False,False,True,False,False,False,False,False,False,False,False,False,False,False,False,False,False,False,False,False,False,False,False,False,False,False,False
12.83,8.0,1.3,32.0,4.0,3140.0,161.0,670,4.543188394,7,False,False,False,False,False,False,False,False,False,False,False,False,False,True,False,False,False,False,False,False,False,False,False,False,False,False,False,False,False,False,False,False,False,False,False,False,False,False
7.67,3.15,1.3,16.0,4.0,1540.0,110.0,949,3.081451149,7,False,False,False,False,False,False,False,False,False,False,False,False,False,True,False,False,False,False,False,False,False,False,False,False,False,False,False,False,False,False,False,False,False,False,False,False,False,False
12.75,13.0,2.1,16.0,4.0,3000.0,143.0,1077,4.098502572,7,False,False,False,False,False,False,False,False,False,False,False,False,False,True,False,False,False,False,False,False,False,False,False,False,False,False,False,False,False,False,False,False,False,False,False,False,True,False
10.34,8.0,1.3,32.0,4.0,2150.0,120.0,880,4.023385473,7,False,False,False,False,False,False,False,False,False,False,False,False,False,True,False,False,False,False,False,False,False,False,False,False,False,False,False,False,False,False,False,False,False,False,False,False,False,False
10.16,5.0,0.3,32.0,4.0,2460.0,169.8,914,4.423408472,7,False,False,False,False,False,False,False,False,False,False,False,False,False,True,False,False,False,False,False,False,False,False,False,False,False,False,False,False,False,False,False,False,False,False,False,False,True,False
10.34,13.0,1.3,16.0,4.0,2280.0,141.2,668,4.339249605,7,False,False,False,False,False,False,False,False,False,False,False,False,False,True,False,False,False,False,False,False,False,False,False,False,False,False,False,False,False,False,False,False,False,False,False,False,False,False
7.82,3.15,1.3,16.0,4.0,1700.0,125.0,592,3.479700443,7,False,False,False,False,False,False,False,False,False,False,False,False,False,True,False,False,False,False,False,False,False,False,False,False,False,False,False,False,False,False,False,False,False,False,False,False,False,False
7.82,3.15,1.3,16.0,4.0,1700.0,125.0,1008,3.493472658,7,False,False,False,False,False,False,False,False,False,False,False,False,False,True,False,False,False,False,False,False,False,False,False,False,False,False,False,False,False,False,False,False,False,False,False,False,False,False
7.67,3.15,1.3,16.0,4.0,1540.0,110.0,941,3.291382516,7,False,False,False,False,False,False,False,False,False,False,False,False,False,True,False,False,False,False,False,False,False,False,False,False,False,False,False,False,False,False,False,False,False,False,False,False,False,False
10.16,5.0,0.3,16.0,4.0,2460.0,113.4,703,3.815732345,7,False,False,False,False,False,False,False,False,False,False,False,False,False,True,False,False,False,False,False,False,False,False,False,False,False,False,False,False,False,False,False,False,False,False,False,False,True,False
10.24,5.0,1.3,32.0,4.0,2460.0,129.0,718,4.527640983,7,False,False,False,False,False,False,False,False,False,False,False,False,False,True,False,False,False,False,False,False,False,False,False,False,False,False,False,False,False,False,False,False,False,False,False,False,True,False
10.34,8.0,1.3,32.0,4.0,2540.0,133.2,970,4.305415532,7,False,False,False,False,False,False,False,False,False,False,False,False,False,True,False,False,False,False,False,False,False,False,False,False,False,False,False,False,False,False,False,False,False,False,False,False,True,False
10.29,5.0,1.3,16.0,4.0,2460.0,126.0,910,4.236711804,7,False,False,False,False,False,False,False,False,False,False,False,False,False,True,False,False,False,False,False,False,False,False,False,False,False,False,False,False,False,False,False,False,False,False,False,False,True,False
10.24,5.0,1.3,32.0,4.0,2150.0,131.0,646,3.911822985,7,False,False,False,False,False,False,False,False,False,False,False,False,False,True,False,False,False,False,False,False,False,False,False,False,False,False,False,False,False,False,False,False,False,False,False,False,True,False
12.83,13.0,2.1,16.0,4.0,3140.0,172.0,733,4.80811103,7,False,False,False,False,False,False,False,False,False,False,False,False,False,True,False,False,False,False,False,False,False,False,False,False,False,False,False,False,False,False,False,False,False,False,False,False,True,False
10.24,8.0,0.3,16.0,4.0,2460.0,115.5,644,3.850785696,7,False,False,False,False,False,False,False,False,False,False,False,False,False,True,False,False,False,False,False,False,False,False,False,False,False,False,False,False,False,False,False,False,False,False,False,False,False,False
10.24,8.0,0.3,16.0,4.0,2460.0,118.0,565,3.746676553,7,False,False,False,False,False,False,False,False,False,False,False,False,False,True,False,False,False,False,False,False,False,False,False,False,False,False,False,False,False,False,False,False,False,False,False,False,False,False
10.16,5.0,1.3,16.0,4.0,1700.0,100.0,723,3.911222685,7,False,False,False,False,False,False,False,False,False,False,False,False,False,True,False,False,False,False,False,False,False,False,False,False,False,False,False,False,False,False,False,False,False,False,False,False,False,False
10.16,5.0,1.3,16.0,4.0,1700.0,103.3,1057,3.278276168,7,False,False,False,False,False,False,False,False,False,False,False,False,False,True,False,False,False,False,False,False,False,False,False,False,False,False,False,False,False,False,False,False,False,False,False,False,False,False
7.67,3.15,1.3,16.0,4.0,1540.0,110.0,810,3.702782359,7,False,False,False,False,False,False,False,False,False,False,False,False,False,True,False,False,False,False,False,False,False,False,False,False,False,False,False,False,False,False,False,False,False,False,False,False,False,False
7.67,3.15,1.3,16.0,4.0,1540.0,107.0,1054,3.403527997,7,False,False,False,False,False,False,False,False,False,False,False,False,False,True,False,False,False,False,False,False,False,False,False,False,False,False,False,False,False,False,False,False,False,False,False,False,False,False
7.62,2.0,1.3,16.0,4.0,1540.0,105.0,631,3.280159053,7,False,False,False,False,False,False,False,False,False,False,False,False,False,True,False,False,False,False,False,False,False,False,False,False,False,False,False,False,False,False,False,False,False,False,False,False,False,False
5.13,1.3,1.3,16.0,4.0,1700.0,92.0,766,2.945491057,7,False,False,False,False,False,False,False,False,False,False,False,False,False,True,False,False,False,False,False,False,False,False,False,False,False,False,False,False,False,False,False,False,False,True,False,False,False,False
5.13,1.3,1.3,128.0,4.0,1500.0,97.0,564,3.940999114,7,False,False,False,False,False,False,False,False,False,False,False,False,False,True,False,False,False,False,False,False,False,False,False,False,False,False,False,False,False,False,False,False,False,True,False,False,False,False
15.29,8.0,20.0,64.0,4.0,4000.0,170.0,295,4.854682992,1,False,False,False,False,False,False,False,False,False,False,False,False,False,False,False,False,True,False,False,False,False,False,False,False,False,False,False,False,False,False,False,False,False,False,False,False,True,False
13.84,13.0,13.0,32.0,4.0,3000.0,150.0,635,4.515901718,2,False,False,False,False,False,False,False,False,False,False,False,False,False,False,False,False,True,False,False,False,False,False,False,False,False,False,False,False,False,False,False,False,False,False,False,False,True,False
13.84,13.0,8.0,16.0,4.0,3000.0,150.0,698,4.164803026,2,False,False,False,False,False,False,False,False,False,False,False,False,False,False,False,False,True,False,False,False,False,False,False,False,False,False,False,False,False,False,False,False,False,False,False,False,True,False
15.24,13.0,8.0,64.0,4.0,3600.0,168.0,605,4.608265391,2,False,False,False,False,False,False,False,False,False,False,False,False,False,False,False,False,True,False,False,False,False,False,False,False,False,False,False,False,False,False,False,False,False,False,False,False,True,False
15.29,13.0,20.0,128.0,4.0,3210.0,160.0,653,4.727830199,2,False,False,False,False,False,False,False,False,False,False,False,False,False,False,False,False,True,False,False,False,False,False,False,False,False,False,False,False,False,False,False,False,False,False,False,False,True,False
12.88,13.0,5.0,64.0,4.0,3100.0,159.0,712,4.529476342,2,False,False,False,False,False,False,False,False,False,False,False,False,False,False,False,False,True,False,False,False,False,False,False,False,False,False,False,False,False,False,False,False,False,False,False,False,True,False
12.88,13.0,5.0,32.0,4.0,3200.0,145.0,606,4.266054458,2,False,False,False,False,False,False,False,False,False,False,False,False,False,False,False,False,True,False,False,False,False,False,False,False,False,False,False,False,False,False,False,False,False,False,False,False,True,False
15.24,13.0,20.0,64.0,4.0,3100.0,154.0,726,4.979007019,2,False,False,False,False,False,False,False,False,False,False,False,False,False,False,False,False,True,False,False,False,False,False,False,False,False,False,False,False,False,False,False,False,False,False,False,False,True,False
15.24,13.0,20.0,128.0,4.0,3010.0,152.0,576,4.68914362,2,False,False,False,False,False,False,False,False,False,False,False,False,False,False,False,False,True,False,False,False,False,False,False,False,False,False,False,False,False,False,False,False,False,False,False,False,True,False
15.37,13.0,20.0,256.0,4.0,3570.0,182.0,513,4.936486295,2,False,False,False,False,False,False,False,False,False,False,False,False,False,False,False,False,True,False,False,False,False,False,False,False,False,False,False,False,False,False,False,False,False,False,False,False,True,False
13.84,13.0,8.0,16.0,4.0,3070.0,140.0,564,4.463030419,2,False,False,False,False,False,False,False,False,False,False,False,False,False,False,False,False,True,False,False,False,False,False,False,False,False,False,False,False,False,False,False,False,False,False,False,False,True,False
12.88,13.0,8.0,32.0,4.0,3300.0,145.0,520,4.194039056,2,False,False,False,False,False,False,False,False,False,False,False,False,False,False,False,False,True,False,False,False,False,False,False,False,False,False,False,False,False,False,False,False,False,False,False,False,True,False
15.11,13.0,20.0,64.0,4.0,3500.0,177.0,530,4.660604893,2,False,False,False,False,False,False,False,False,False,False,False,False,False,False,False,False,True,False,False,False,False,False,False,False,False,False,False,False,False,False,False,False,False,False,False,False,True,False
13.87,13.0,20.0,64.0,4.0,3000.0,152.0,588,4.543081994,2,False,False,False,False,False,False,False,False,False,False,False,False,False,False,False,False,True,False,False,False,False,False,False,False,False,False,False,False,False,False,False,False,False,False,False,False,True,False
13.87,12.0,20.0,64.0,4.0,3000.0,145.0,722,4.994980054,2,False,False,False,False,False,False,False,False,False,False,False,False,False,False,False,False,True,False,False,False,False,False,False,False,False,False,False,False,False,False,False,False,False,False,False,False,True,False
15.21,13.0,8.0,64.0,4.0,3360.0,160.0,637,4.825670246,2,False,False,False,False,False,False,False,False,False,False,False,False,False,False,False,False,True,False,False,False,False,False,False,False,False,False,False,False,False,False,False,False,False,False,False,False,True,False
12.88,16.0,8.0,32.0,4.0,3000.0,160.0,675,4.434856248,2,False,False,False,False,False,False,False,False,False,False,False,False,False,False,False,False,True,False,False,False,False,False,False,False,False,False,False,False,False,False,False,False,False,False,False,False,True,False
12.75,13.0,8.0,32.0,4.0,3070.0,143.0,764,4.293195421,3,False,False,False,False,False,False,False,False,False,False,False,False,False,False,False,False,True,False,False,False,False,False,False,False,False,False,False,False,False,False,False,False,False,False,False,False,True,False
12.83,12.5,16.0,16.0,4.0,4000.0,173.0,786,4.537426534,3,False,False,False,False,False,False,False,False,False,False,False,False,False,False,False,False,True,False,False,False,False,False,False,False,False,False,False,False,False,False,False,False,False,False,False,False,True,False
12.88,12.0,16.0,64.0,4.0,3500.0,170.0,848,5.202687136,3,False,False,False,False,False,False,False,False,False,False,False,False,False,False,False,False,True,False,False,False,False,False,False,False,False,False,False,False,False,False,False,False,False,False,False,False,True,False
12.75,12.0,16.0,64.0,4.0,3000.0,163.0,785,5.010768619,3,False,False,False,False,False,False,False,False,False,False,False,False,False,False,False,False,True,False,False,False,False,False,False,False,False,False,False,False,False,False,False,False,False,False,False,False,True,False
12.7,8.0,5.0,16.0,4.0,3235.0,135.0,801,3.947969132,3,False,False,False,False,False,False,False,False,False,False,False,False,False,False,False,False,True,False,False,False,False,False,False,False,False,False,False,False,False,False,False,False,False,False,False,False,True,False
12.83,13.0,8.0,64.0,4.0,3400.0,155.0,650,4.374876131,3,False,False,False,False,False,False,False,False,False,False,False,False,False,False,False,False,True,False,False,False,False,False,False,False,False,False,False,False,False,False,False,False,False,False,False,False,True,False
12.75,13.0,5.0,16.0,4.0,3000.0,143.0,606,4.071417058,3,False,False,False,False,False,False,False,False,False,False,False,False,False,False,False,False,True,False,False,False,False,False,False,False,False,False,False,False,False,False,False,False,False,False,False,False,True,False
12.83,13.0,5.0,16.0,4.0,3060.0,175.0,789,4.508108473,4,False,False,False,False,False,False,False,False,False,False,False,False,False,False,False,False,True,False,False,False,False,False,False,False,False,False,False,False,False,False,False,False,False,False,False,False,True,False
12.88,12.0,5.0,64.0,4.0,3400.0,158.0,762,5.127825562,4,False,False,False,False,False,False,False,False,False,False,False,False,False,False,False,False,True,False,False,False,False,False,False,False,False,False,False,False,False,False,False,False,False,False,False,False,True,False
12.83,16.0,5.0,16.0,4.0,3150.0,149.0,718,4.30662937,4,False,False,False,False,False,False,False,False,False,False,False,False,False,False,False,False,True,False,False,False,False,False,False,False,False,False,False,False,False,False,False,False,False,False,False,False,True,False
12.7,13.0,5.0,32.0,4.0,2760.0,139.0,908,4.065430552,4,False,False,False,False,False,False,False,False,False,False,False,False,False,False,False,False,True,False,False,False,False,False,False,False,False,False,False,False,False,False,False,False,False,False,False,False,True,False
12.83,13.0,5.0,32.0,4.0,3260.0,158.0,1054,4.156693187,4,False,False,False,False,False,False,False,False,False,False,False,False,False,False,False,False,True,False,False,False,False,False,False,False,False,False,False,False,False,False,False,False,False,False,False,False,True,False
12.75,12.0,5.0,64.0,4.0,3060.0,163.0,1084,5.122236297,4,False,False,False,False,False,False,False,False,False,False,False,False,False,False,False,False,True,False,False,False,False,False,False,False,False,False,False,False,False,False,False,False,False,False,False,False,True,False
12.75,13.0,5.0,32.0,4.0,3060.0,138.0,931,4.195395806,4,False,False,False,False,False,False,False,False,False,False,False,False,False,False,False,False,True,False,False,False,False,False,False,False,False,False,False,False,False,False,False,False,False,False,False,False,True,False
15.24,13.0,5.0,64.0,4.0,3060.0,189.0,757,4.814539304,4,False,False,False,False,False,False,False,False,False,False,False,False,False,False,False,False,True,False,False,False,False,False,False,False,False,False,False,False,False,False,False,False,False,False,False,False,True,False
12.83,13.0,5.0,32.0,4.0,3060.0,172.0,704,4.565805462,4,False,False,False,False,False,False,False,False,False,False,False,False,False,False,False,False,True,False,False,False,False,False,False,False,False,False,False,False,False,False,False,False,False,False,False,False,True,False
12.83,12.0,5.0,32.0,4.0,3060.0,155.0,606,4.457134107,4,False,False,False,False,False,False,False,False,False,False,False,False,False,False,False,False,True,False,False,False,False,False,False,False,False,False,False,False,False,False,False,False,False,False,False,False,True,False
12.7,13.0,5.0,32.0,4.0,3060.0,138.0,789,4.151512235,4,False,False,False,False,False,False,False,False,False,False,False,False,False,False,False,False,True,False,False,False,False,False,False,False,False,False,False,False,False,False,False,False,False,False,False,False,True,False
12.7,13.0,5.0,32.0,4.0,3060.0,132.0,869,4.104129863,4,False,False,False,False,False,False,False,False,False,False,False,False,False,False,False,False,True,False,False,False,False,False,False,False,False,False,False,False,False,False,False,False,False,False,False,False,True,False
12.75,21.0,5.0,32.0,4.0,2560.0,160.0,1063,4.923696642,4,False,False,False,False,False,False,False,False,False,False,False,False,False,False,False,False,True,False,False,False,False,False,False,False,False,False,False,False,False,False,False,False,False,False,False,False,True,False
12.83,13.0,5.0,32.0,4.0,3060.0,163.0,959,4.55902153,4,False,False,False,False,False,False,False,False,False,False,False,False,False,False,False,False,True,False,False,False,False,False,False,False,False,False,False,False,False,False,False,False,False,False,False,False,True,False
12.83,13.0,5.0,16.0,4.0,3140.0,149.0,966,4.428074948,5,False,False,False,False,False,False,False,False,False,False,False,False,False,False,False,False,True,False,False,False,False,False,False,False,False,False,False,False,False,False,False,False,False,False,False,False,True,False
12.88,21.0,5.0,32.0,4.0,3050.0,168.0,752,4.846546506,5,False,False,False,False,False,False,False,False,False,False,False,False,False,False,False,False,True,False,False,False,False,False,False,False,False,False,False,False,False,False,False,False,False,False,False,False,True,False
12.7,13.0,5.0,16.0,4.0,3095.0,131.0,791,4.01259206,5,False,False,False,False,False,False,False,False,False,False,False,False,False,False,False,False,True,False,False,False,False,False,False,False,False,False,False,False,False,False,False,False,False,False,False,False,True,False
12.83,20.7,5.0,16.0,4.0,3150.0,149.0,944,4.794219064,5,False,False,False,False,False,False,False,False,False,False,False,False,False,False,False,False,True,False,False,False,False,False,False,False,False,False,False,False,False,False,False,False,False,False,False,False,True,False
12.83,13.0,5.0,16.0,4.0,3095.0,149.0,725,4.568609931,5,False,False,False,False,False,False,False,False,False,False,False,False,False,False,False,False,True,False,False,False,False,False,False,False,False,False,False,False,False,False,False,False,False,False,False,False,True,False
12.83,13.0,5.0,16.0,4.0,3000.0,145.0,986,4.177919486,6,False,False,False,False,False,False,False,False,False,False,False,False,False,False,False,False,True,False,False,False,False,False,False,False,False,False,False,False,False,False,False,False,False,False,False,False,True,False
12.7,13.0,5.0,32.0,4.0,2500.0,128.0,629,4.388505601,5,False,False,False,False,False,False,False,False,False,False,False,False,False,False,False,False,True,False,False,False,False,False,False,False,False,False,False,False,False,False,False,False,False,False,False,False,True,False
12.83,20.7,5.0,16.0,4.0,3000.0,158.0,1043,4.878854749,6,False,False,False,False,False,False,False,False,False,False,False,False,False,False,False,False,True,False,False,False,False,False,False,False,False,False,False,False,False,False,False,False,False,False,False,False,True,False
13.61,20.7,2.0,16.0,4.0,3000.0,147.0,1007,4.742320024,6,False,False,False,False,False,False,False,False,False,False,False,False,False,False,False,False,True,False,False,False,False,False,False,False,False,False,False,False,False,False,False,False,False,False,False,False,True,False
12.73,8.0,2.0,16.0,4.0,2400.0,143.0,878,4.688959712,7,False,False,False,False,False,False,False,False,False,False,False,False,False,False,False,False,True,False,False,False,False,False,False,False,False,False,False,False,False,False,False,False,False,False,False,False,False,False
12.7,8.0,5.0,16.0,4.0,4000.0,151.0,664,4.217004575,3,False,False,False,False,False,False,False,False,False,False,False,False,False,False,False,False,False,True,False,False,False,False,False,False,False,False,False,False,False,False,False,False,False,False,False,False,True,False
12.83,13.0,5.0,32.0,4.0,4000.0,162.0,607,4.427716761,3,False,False,False,False,False,False,False,False,False,False,False,False,False,False,False,False,False,True,False,False,False,False,False,False,False,False,False,False,False,False,False,False,False,False,False,False,True,False
10.16,2.0,0.3,16.0,4.0,1300.0,120.0,645,3.122364924,3,False,False,False,False,False,False,False,False,False,False,False,False,False,False,False,False,False,True,False,False,False,False,False,False,False,False,False,False,False,False,False,False,False,False,False,False,True,False
12.83,13.0,13.0,128.0,4.0,3200.0,164.0,879,4.797607077,3,False,False,False,False,False,False,False,False,False,False,False,False,False,False,False,False,False,True,False,False,False,False,False,False,False,False,False,False,False,False,False,False,False,False,False,False,True,False
10.29,5.0,2.0,32.0,4.0,1800.0,140.0,742,3.886089623,3,False,False,False,False,False,False,False,False,False,False,False,False,False,False,False,False,False,True,False,False,False,False,False,False,False,False,False,False,False,False,False,False,False,False,False,False,True,False
12.83,8.0,5.0,32.0,4.0,3000.0,151.0,859,4.019980147,3,False,False,False,False,False,False,False,False,False,False,False,False,False,False,False,False,False,True,False,False,False,False,False,False,False,False,False,False,False,False,False,False,False,False,False,False,True,False
12.7,8.0,2.0,32.0,4.0,4000.0,151.0,868,3.971234865,3,False,False,False,False,False,False,False,False,False,False,False,False,False,False,False,False,False,True,False,False,False,False,False,False,False,False,False,False,False,False,False,False,False,False,False,False,True,False
10.29,5.0,2.0,32.0,4.0,1800.0,151.0,808,3.804660487,3,False,False,False,False,False,False,False,False,False,False,False,False,False,False,False,False,False,True,False,False,False,False,False,False,False,False,False,False,False,False,False,False,False,False,False,False,True,False
10.29,5.0,2.0,32.0,4.0,1800.0,156.0,901,3.798182189,4,False,False,False,False,False,False,False,False,False,False,False,False,False,False,False,False,False,True,False,False,False,False,False,False,False,False,False,False,False,False,False,False,False,False,False,False,True,False
10.16,5.0,2.0,32.0,4.0,1600.0,159.0,564,3.831680253,4,False,False,False,False,False,False,False,False,False,False,False,False,False,False,False,False,False,True,False,False,False,False,False,False,False,False,False,False,False,False,False,False,False,False,False,False,True,False
12.7,5.0,2.0,32.0,4.0,2000.0,165.0,958,4.050392675,4,False,False,False,False,False,False,False,False,False,False,False,False,False,False,False,False,False,True,False,False,False,False,False,False,False,False,False,False,False,False,False,False,False,False,False,False,True,False
12.7,8.0,5.0,16.0,4.0,2000.0,151.0,562,3.948162052,4,False,False,False,False,False,False,False,False,False,False,False,False,False,False,False,False,False,True,False,False,False,False,False,False,False,False,False,False,False,False,False,False,False,False,False,False,True,False
15.24,8.0,5.0,32.0,4.0,3000.0,159.0,883,4.032823706,4,False,False,False,False,False,False,False,False,False,False,False,False,False,False,False,False,False,True,False,False,False,False,False,False,False,False,False,False,False,False,False,False,False,False,False,False,True,False
12.7,5.0,2.0,32.0,4.0,2000.0,159.0,1026,3.71210758,4,False,False,False,False,False,False,False,False,False,False,False,False,False,False,False,False,False,True,False,False,False,False,False,False,False,False,False,False,False,False,False,False,False,False,False,False,False,False
12.83,8.0,5.0,32.0,4.0,2500.0,159.0,999,4.182660643,4,False,False,False,False,False,False,False,False,False,False,False,False,False,False,False,False,False,True,False,False,False,False,False,False,False,False,False,False,False,False,False,False,False,False,False,False,False,False
12.7,13.0,5.0,16.0,4.0,2500.0,159.0,617,4.296060166,4,False,False,False,False,False,False,False,False,False,False,False,False,False,False,False,False,False,True,False,False,False,False,False,False,False,False,False,False,False,False,False,False,False,False,False,False,True,False
10.29,5.0,5.0,32.0,4.0,1750.0,159.0,962,3.909820582,4,False,False,False,False,False,False,False,False,False,False,False,False,False,False,False,False,False,True,False,False,False,False,False,False,False,False,False,False,False,False,False,False,False,False,False,False,True,False
12.83,8.0,5.0,16.0,4.0,2500.0,159.0,1073,4.148674907,4,False,False,False,False,False,False,False,False,False,False,False,False,False,False,False,False,False,True,False,False,False,False,False,False,False,False,False,False,False,False,False,False,False,False,False,False,False,False
12.83,13.0,5.0,16.0,4.0,3000.0,159.0,683,4.564035643,4,False,False,False,False,False,False,False,False,False,False,False,False,False,False,False,False,False,True,False,False,False,False,False,False,False,False,False,False,False,False,False,False,False,False,False,False,True,False
12.83,13.0,8.0,32.0,4.0,3000.0,162.0,736,4.44370952,4,False,False,False,False,False,False,False,False,False,False,False,False,False,False,False,False,False,True,False,False,False,False,False,False,False,False,False,False,False,False,False,False,False,False,False,False,True,False
12.7,5.0,2.0,32.0,4.0,3000.0,143.0,750,4.325985244,5,False,False,False,False,False,False,False,False,False,False,False,False,False,False,False,False,False,True,False,False,False,False,False,False,False,False,False,False,False,False,False,False,False,False,False,False,False,False
12.7,13.0,5.0,16.0,4.0,2100.0,128.0,992,4.11887456,5,False,False,False,False,False,False,False,False,False,False,False,False,False,False,False,False,False,True,False,False,False,False,False,False,False,False,False,False,False,False,False,False,False,False,False,False,True,False
12.83,13.0,5.0,16.0,4.0,2500.0,145.0,1031,4.429387206,5,False,False,False,False,False,False,False,False,False,False,False,False,False,False,False,False,False,True,False,False,False,False,False,False,False,False,False,False,False,False,False,False,False,False,False,False,True,False
10.34,8.0,5.0,32.0,4.0,2000.0,143.0,704,4.037950562,5,False,False,False,False,False,False,False,False,False,False,False,False,False,False,False,False,False,True,False,False,False,False,False,False,False,False,False,False,False,False,False,False,False,False,False,False,True,False
12.7,13.0,5.0,16.0,4.0,2500.0,143.0,725,4.378144107,5,False,False,False,False,False,False,False,False,False,False,False,False,False,False,False,False,False,True,False,False,False,False,False,False,False,False,False,False,False,False,False,False,False,False,False,False,False,False
12.7,8.0,2.0,16.0,4.0,2000.0,155.0,567,3.965374181,5,False,False,False,False,False,False,False,False,False,False,False,False,False,False,False,False,False,True,False,False,False,False,False,False,False,False,False,False,False,False,False,False,False,False,False,False,True,False
12.75,13.0,5.0,16.0,4.0,2900.0,143.0,747,4.477109516,5,False,False,False,False,False,False,False,False,False,False,False,False,False,False,False,False,False,True,False,False,False,False,False,False,False,False,False,False,False,False,False,False,False,False,False,False,True,False
12.83,13.0,5.0,32.0,4.0,2820.0,143.0,925,4.401829262,5,False,False,False,False,False,False,False,False,False,False,False,False,False,False,False,False,False,True,False,False,False,False,False,False,False,False,False,False,False,False,False,False,False,False,False,False,False,False
12.7,13.0,2.0,32.0,4.0,2500.0,135.0,669,3.993234261,5,False,False,False,False,False,False,False,False,False,False,False,False,False,False,False,False,False,True,False,False,False,False,False,False,False,False,False,False,False,False,False,False,False,False,False,False,False,False
7.75,1.3,0.3,16.0,4.0,1200.0,143.0,731,3.189652966,5,False,False,False,False,False,False,False,False,False,False,False,False,False,False,False,False,False,True,False,False,False,False,False,False,False,False,False,False,False,False,False,False,False,False,False,False,False,False
12.7,8.0,5.0,32.0,4.0,2800.0,144.0,1014,4.348728349,5,False,False,False,False,False,False,False,False,False,False,False,False,False,False,False,False,False,True,False,False,False,False,False,False,False,False,False,False,False,False,False,False,False,False,False,False,False,False
10.36,8.0,5.0,16.0,4.0,2000.0,97.0,898,4.573473099,5,False,False,False,False,False,False,False,False,False,False,False,False,False,False,False,False,False,True,False,False,False,False,False,False,False,False,False,False,False,False,False,False,False,False,False,False,True,False
12.7,13.0,5.0,16.0,4.0,2260.0,143.0,794,4.169761202,5,False,False,False,False,False,False,False,False,False,False,False,False,False,False,False,False,False,True,False,False,False,False,False,False,False,False,False,False,False,False,False,False,False,False,False,False,True,False
10.29,5.0,2.0,32.0,4.0,1700.0,136.0,624,3.58850648,5,False,False,False,False,False,False,False,False,False,False,False,False,False,False,False,False,False,True,False,False,False,False,False,False,False,False,False,False,False,False,False,False,False,False,False,False,False,False
15.24,8.0,2.0,32.0,4.0,3000.0,143.0,675,4.249637447,5,False,False,False,False,False,False,False,False,False,False,False,False,False,False,False,False,False,True,False,False,False,False,False,False,False,False,False,False,False,False,False,False,False,False,False,False,False,False
12.7,13.0,5.0,16.0,4.0,2400.0,143.0,810,4.437934267,5,False,False,False,False,False,False,False,False,False,False,False,False,False,False,False,False,False,True,False,False,False,False,False,False,False,False,False,False,False,False,False,False,False,False,False,False,False,False
10.34,8.0,2.0,32.0,4.0,2000.0,143.0,1064,3.817492522,5,False,False,False,False,False,False,False,False,False,False,False,False,False,False,False,False,False,True,False,False,False,False,False,False,False,False,False,False,False,False,False,False,False,False,False,False,False,False
12.83,5.0,0.3,32.0,4.0,2820.0,143.0,601,3.860940215,5,False,False,False,False,False,False,False,False,False,False,False,False,False,False,False,False,False,True,False,False,False,False,False,False,False,False,False,False,False,False,False,False,False,False,False,False,False,False
10.34,8.0,2.0,32.0,4.0,2000.0,134.0,901,3.969348072,5,False,False,False,False,False,False,False,False,False,False,False,False,False,False,False,False,False,True,False,False,False,False,False,False,False,False,False,False,False,False,False,False,False,False,False,False,False,False
10.16,0.3,0.3,16.0,4.0,1200.0,123.0,734,3.341447377,5,False,False,False,False,False,False,False,False,False,False,False,False,False,False,False,False,False,True,False,False,False,False,False,False,False,False,False,False,False,False,False,False,False,False,False,False,False,False
12.7,8.0,2.0,32.0,4.0,3000.0,170.0,957,4.140273494,5,False,False,False,False,False,False,False,False,False,False,False,False,False,False,False,False,False,True,False,False,False,False,False,False,False,False,False,False,False,False,False,False,False,False,False,False,False,False
10.16,2.0,0.3,16.0,4.0,1450.0,143.0,740,3.451890496,5,False,False,False,False,False,False,False,False,False,False,False,False,False,False,False,False,False,True,False,False,False,False,False,False,False,False,False,False,False,False,False,False,False,False,False,False,False,False
12.7,5.0,0.3,16.0,4.0,1800.0,143.0,801,3.711863291,5,False,False,False,False,False,False,False,False,False,False,False,False,False,False,False,False,False,True,False,False,False,False,False,False,False,False,False,False,False,False,False,False,False,False,False,False,False,False
10.29,5.0,0.3,32.0,4.0,1700.0,143.0,667,3.626738058,5,False,False,False,False,False,False,False,False,False,False,False,False,False,False,False,False,False,True,False,False,False,False,False,False,False,False,False,False,False,False,False,False,False,False,False,False,False,False
10.16,2.0,0.3,16.0,4.0,1300.0,146.5,1052,3.444895237,6,False,False,False,False,False,False,False,False,False,False,False,False,False,False,False,False,False,True,False,False,False,False,False,False,False,False,False,False,False,False,False,False,False,False,False,False,False,False
10.29,8.0,2.0,32.0,4.0,2000.0,138.0,798,4.021953065,5,False,False,False,False,False,False,False,False,False,False,False,False,False,False,False,False,False,True,False,False,False,False,False,False,False,False,False,False,False,False,False,False,False,False,False,False,False,False
17.78,5.0,0.3,32.0,4.0,3200.0,306.0,981,4.286478927,5,False,False,False,False,False,False,False,False,False,False,False,False,False,False,False,False,False,True,False,False,False,False,False,False,False,False,False,False,False,False,False,False,False,False,False,False,False,False
10.34,13.0,13.0,16.0,4.0,2300.0,138.0,575,4.71088064,6,False,False,False,False,False,False,False,False,False,False,False,False,False,False,False,False,False,True,False,False,False,False,False,False,False,False,False,False,False,False,False,False,False,False,False,False,False,False
12.7,8.0,2.0,32.0,4.0,3000.0,143.0,954,3.875359021,5,False,False,False,False,False,False,False,False,False,False,False,False,False,False,False,False,False,True,False,False,False,False,False,False,False,False,False,False,False,False,False,False,False,False,False,False,False,False
10.34,8.0,5.0,32.0,4.0,2000.0,123.0,672,4.091674334,6,False,False,False,False,False,False,False,False,False,False,False,False,False,False,False,False,False,True,False,False,False,False,False,False,False,False,False,False,False,False,False,False,False,False,False,False,False,False
10.29,5.0,2.0,16.0,4.0,1700.0,136.0,920,3.425889994,6,False,False,False,False,False,False,False,False,False,False,False,False,False,False,False,False,False,True,False,False,False,False,False,False,False,False,False,False,False,False,False,False,False,False,False,False,False,False
12.7,13.0,5.0,32.0,4.0,2500.0,146.5,871,4.213016092,6,False,False,False,False,False,False,False,False,False,False,False,False,False,False,False,False,False,True,False,False,False,False,False,False,False,False,False,False,False,False,False,False,False,False,False,False,False,False
10.16,2.0,0.3,16.0,4.0,2000.0,146.5,1032,3.577947893,6,False,False,False,False,False,False,False,False,False,False,False,False,False,False,False,False,False,True,False,False,False,False,False,False,False,False,False,False,False,False,False,False,False,False,False,False,False,False
12.83,8.0,2.0,32.0,4.0,2350.0,146.0,1066,4.343935284,6,False,False,False,False,False,False,False,False,False,False,False,False,False,False,False,False,False,True,False,False,False,False,False,False,False,False,False,False,False,False,False,False,False,False,False,False,False,False
12.7,8.0,2.0,32.0,4.0,2000.0,138.0,1054,3.819249605,6,False,False,False,False,False,False,False,False,False,False,False,False,False,False,False,False,False,True,False,False,False,False,False,False,False,False,False,False,False,False,False,False,False,False,False,False,False,False
10.16,5.0,0.3,16.0,4.0,1750.0,146.5,1050,3.629394807,6,False,False,False,False,False,False,False,False,False,False,False,False,False,False,False,False,False,True,False,False,False,False,False,False,False,False,False,False,False,False,False,False,False,False,False,False,False,False
12.83,16.0,5.0,32.0,4.0,2300.0,146.5,756,4.812428228,6,False,False,False,False,False,False,False,False,False,False,False,False,False,False,False,False,False,True,False,False,False,False,False,False,False,False,False,False,False,False,False,False,False,False,False,False,False,False
12.7,8.0,2.0,32.0,4.0,2000.0,146.5,668,3.891820298,6,False,False,False,False,False,False,False,False,False,False,False,False,False,False,False,False,False,True,False,False,False,False,False,False,False,False,False,False,False,False,False,False,False,False,True,False,False,False
10.16,5.0,0.3,32.0,4.0,1500.0,146.5,855,3.749033377,6,False,False,False,False,False,False,False,False,False,False,False,False,False,False,False,False,False,True,False,False,False,False,False,False,False,False,False,False,False,False,False,False,False,False,True,False,False,False
10.16,2.0,0.3,16.0,4.0,2100.0,146.5,730,3.526360525,6,False,False,False,False,False,False,False,False,False,False,False,False,False,False,False,False,False,True,False,False,False,False,False,False,False,False,False,False,False,False,False,False,False,False,False,False,False,False
10.34,5.0,2.0,16.0,4.0,2000.0,158.0,797,3.854817532,6,False,False,False,False,False,False,False,False,False,False,False,False,False,False,False,False,False,True,False,False,False,False,False,False,False,False,False,False,False,False,False,False,False,False,False,False,False,False
12.7,5.0,0.3,16.0,4.0,1900.0,180.0,759,3.677565694,6,False,False,False,False,False,False,False,False,False,False,False,False,False,False,False,False,False,True,False,False,False,False,False,False,False,False,False,False,False,False,False,False,False,False,False,False,False,False
5.28,0.3,2.0,16.0,4.0,3000.0,146.5,664,2.351375257,6,False,False,False,False,False,False,False,False,False,False,False,False,False,False,False,False,False,True,False,False,False,False,False,False,False,False,False,False,False,False,False,False,False,True,False,False,False,False
12.7,8.0,2.0,16.0,4.0,2000.0,159.0,791,4.178379291,6,False,False,False,False,False,False,False,False,False,False,False,False,False,False,False,False,False,True,False,False,False,False,False,False,False,False,False,False,False,False,False,False,False,False,False,False,False,False
12.7,8.0,2.0,16.0,4.0,2000.0,168.0,584,4.057334737,6,False,False,False,False,False,False,False,False,False,False,False,False,False,False,False,False,False,True,False,False,False,False,False,False,False,False,False,False,False,False,False,False,False,False,False,False,False,False
15.24,5.0,0.3,32.0,4.0,2500.0,202.0,653,3.769998505,6,False,False,False,False,False,False,False,False,False,False,False,False,False,False,False,False,False,True,False,False,False,False,False,False,False,False,False,False,False,False,False,False,False,False,False,False,False,False
10.16,2.0,0.3,512.0,0.25,1600.0,146.5,930,3.054944133,6,False,False,False,False,False,False,False,False,False,False,False,False,False,False,False,False,False,True,False,False,False,False,False,False,False,False,False,False,False,False,False,False,False,False,False,False,False,False
5.18,0.3,0.3,16.0,4.0,2800.0,260.0,1037,2.383242996,7,False,False,False,False,False,False,False,False,False,False,False,False,False,False,False,False,False,True,False,False,False,False,False,False,False,False,False,False,False,False,False,False,False,True,False,False,False,False
5.16,0.3,0.3,16.0,4.0,1800.0,118.0,868,2.753023567,7,False,False,False,False,False,False,False,False,False,False,False,False,False,False,False,False,False,True,False,False,False,False,False,False,False,False,False,False,False,False,False,False,False,True,False,False,False,False
12.7,8.0,2.0,16.0,4.0,1900.0,146.5,633,3.898532415,6,False,False,False,False,False,False,False,False,False,False,False,False,False,False,False,False,False,True,False,False,False,False,False,False,False,False,False,False,False,False,False,False,False,False,False,False,False,False
7.75,1.3,2.0,512.0,0.25,1500.0,146.5,876,2.96784707,6,False,False,False,False,False,False,False,False,False,False,False,False,False,False,False,False,False,True,False,False,False,False,False,False,False,False,False,False,False,False,False,False,False,False,False,False,False,False
12.7,16.0,8.0,32.0,4.0,2350.0,154.0,888,4.509649984,6,False,False,False,False,False,False,False,False,False,False,False,False,False,False,False,False,False,True,False,False,False,False,False,False,False,False,False,False,False,False,False,False,False,False,False,False,False,False
10.34,8.0,5.0,16.0,4.0,1800.0,110.0,883,3.958333908,6,False,False,False,False,False,False,False,False,False,False,False,False,False,False,False,False,False,True,False,False,False,False,False,False,False,False,False,False,False,False,False,False,False,False,False,False,False,False
10.29,5.0,5.0,16.0,4.0,1800.0,147.0,635,3.715764783,6,False,False,False,False,False,False,False,False,False,False,False,False,False,False,False,False,False,True,False,False,False,False,False,False,False,False,False,False,False,False,False,False,False,False,False,False,False,False
15.24,8.0,5.0,16.0,4.0,2450.0,180.0,983,4.172385267,6,False,False,False,False,False,False,False,False,False,False,False,False,False,False,False,False,False,True,False,False,False,False,False,False,False,False,False,False,False,False,False,False,False,False,False,False,False,False
12.7,8.0,2.0,16.0,4.0,2000.0,147.0,613,4.285240366,7,False,False,False,False,False,False,False,False,False,False,False,False,False,False,False,False,False,True,False,False,False,False,False,False,False,False,False,False,False,False,False,False,False,False,False,False,False,False
10.16,2.0,0.3,512.0,0.25,1500.0,118.0,1015,3.205587931,7,False,False,False,False,False,False,False,False,False,False,False,False,False,False,False,False,False,True,False,False,False,False,False,False,False,False,False,False,False,False,False,False,False,False,False,False,False,False
12.7,5.0,0.3,16.0,4.0,3000.0,118.0,769,3.592093185,7,False,False,False,False,False,False,False,False,False,False,False,False,False,False,False,False,False,True,False,False,False,False,False,False,False,False,False,False,False,False,False,False,False,False,False,False,False,False
12.7,12.0,2.0,16.0,4.0,2000.0,118.0,692,4.154027564,7,False,False,False,False,False,False,False,False,False,False,False,False,False,False,False,False,False,True,False,False,False,False,False,False,False,False,False,False,False,False,False,False,False,False,False,False,False,False
12.7,13.0,5.0,16.0,4.0,2000.0,118.0,723,4.546693256,7,False,False,False,False,False,False,False,False,False,False,False,False,False,False,False,False,False,True,False,False,False,False,False,False,False,False,False,False,False,False,False,False,False,False,False,False,False,False
10.29,5.0,0.3,16.0,4.0,1500.0,118.0,793,3.654029177,7,False,False,False,False,False,False,False,False,False,False,False,False,False,False,False,False,False,True,False,False,False,False,False,False,False,False,False,False,False,False,False,False,False,False,False,False,False,False
10.29,2.0,0.3,16.0,4.0,1850.0,118.0,577,3.248046202,7,False,False,False,False,False,False,False,False,False,False,False,False,False,False,False,False,False,True,False,False,False,False,False,False,False,False,False,False,False,False,False,False,False,False,False,False,False,False
12.88,12.0,5.0,16.0,4.0,2600.0,220.0,1047,4.447580265,7,False,False,False,False,False,False,False,False,False,False,False,False,False,False,False,False,False,True,False,False,False,False,False,False,False,False,False,False,False,False,False,False,False,False,False,False,False,False
12.7,5.0,0.3,16.0,4.0,2000.0,118.0,781,3.845883203,7,False,False,False,False,False,False,False,False,False,False,False,False,False,False,False,False,False,True,False,False,False,False,False,False,False,False,False,False,False,False,False,False,False,False,False,False,False,False
12.7,13.0,5.0,16.0,4.0,2000.0,158.0,965,4.023922098,7,False,False,False,False,False,False,False,False,False,False,False,False,False,False,False,False,False,True,False,False,False,False,False,False,False,False,False,False,False,False,False,False,False,False,False,False,False,False
10.29,5.0,0.3,16.0,4.0,1800.0,118.0,956,3.747619949,7,False,False,False,False,False,False,False,False,False,False,False,False,False,False,False,False,False,True,False,False,False,False,False,False,False,False,False,False,False,False,False,False,False,False,False,False,False,False
12.7,8.0,2.0,16.0,4.0,2000.0,164.0,823,4.058199116,7,False,False,False,False,False,False,False,False,False,False,False,False,False,False,False,False,False,True,False,False,False,False,False,False,False,False,False,False,False,False,False,False,False,False,False,False,False,False
5.28,0.3,0.3,16.0,4.0,2000.0,108.0,603,2.715356776,7,False,False,False,False,False,False,False,False,False,False,False,False,False,False,False,False,False,True,False,False,False,False,False,False,False,False,False,False,False,False,False,False,False,True,False,False,False,False
5.28,0.3,0.3,16.0,4.0,2000.0,98.6,748,2.346601978,7,False,False,False,False,False,False,False,False,False,False,False,False,False,False,False,False,False,True,False,False,False,False,False,False,False,False,False,False,False,False,False,False,False,True,False,False,False,False
5.23,0.3,0.3,16.0,4.0,2000.0,118.0,596,2.714694744,7,False,False,False,False,False,False,False,False,False,False,False,False,False,False,False,False,False,True,False,False,False,False,False,False,False,False,False,False,False,False,False,False,False,True,False,False,False,False
5.18,0.3,0.3,16.0,4.0,2000.0,118.0,694,2.691243083,7,False,False,False,False,False,False,False,False,False,False,False,False,False,False,False,False,False,True,False,False,False,False,False,False,False,False,False,False,False,False,False,False,False,True,False,False,False,False
5.13,0.3,0.3,16.0,4.0,2000.0,118.0,1016,2.935982269,7,False,False,False,False,False,False,False,False,False,False,False,False,False,False,False,False,False,True,False,False,False,False,False,False,False,False,False,False,False,False,False,False,False,True,False,False,False,False
5.28,0.3,0.3,16.0,4.0,2000.0,92.0,946,2.267993648,7,False,False,False,False,False,False,False,False,False,False,False,False,False,False,False,False,False,True,False,False,False,False,False,False,False,False,False,False,False,False,False,False,False,True,False,False,False,False
12.78,8.0,2.0,16.0,4.0,2100.0,168.0,780,4.249780131,7,False,False,False,False,False,False,False,False,False,False,False,False,False,False,False,False,False,True,False,False,False,False,False,False,False,False,False,False,False,False,False,False,False,False,False,False,False,False
17.78,2.0,0.3,16.0,4.0,3000.0,323.0,726,4.242045918,7,False,False,False,False,False,False,False,False,False,False,False,False,False,False,False,False,False,True,False,False,False,False,False,False,False,False,False,False,False,False,False,False,False,False,False,False,False,False
17.78,2.0,0.3,16.0,4.0,2000.0,118.0,645,3.742894042,7,False,False,False,False,False,False,False,False,False,False,False,False,False,False,False,False,False,True,False,False,False,False,False,False,False,False,False,False,False,False,False,False,False,False,False,False,False,False
12.7,3.15,0.3,16.0,4.0,2000.0,186.0,1025,3.867443962,7,False,False,False,False,False,False,False,False,False,False,False,False,False,False,False,False,False,True,False,False,False,False,False,False,False,False,False,False,False,False,False,False,False,False,False,False,False,False
10.29,5.0,0.3,16.0,4.0,2000.0,149.1,969,3.969348072,7,False,False,False,False,False,False,False,False,False,False,False,False,False,False,False,False,False,True,False,False,False,False,False,False,False,False,False,False,False,False,False,False,False,False,False,False,False,False
7.75,3.15,0.3,16.0,4.0,2000.0,109.0,833,3.134624272,7,False,False,False,False,False,False,False,False,False,False,False,False,False,False,False,False,False,True,False,False,False,False,False,False,False,False,False,False,False,False,False,False,False,False,False,False,False,False
7.75,2.0,0.3,512.0,0.25,1500.0,118.0,1008,3.137665769,7,False,False,False,False,False,False,False,False,False,False,False,False,False,False,False,False,False,True,False,False,False,False,False,False,False,False,False,False,False,False,False,False,False,False,False,False,False,False
12.7,5.0,0.3,16.0,4.0,2000.0,118.0,667,3.839022113,7,False,False,False,False,False,False,False,False,False,False,False,False,False,False,False,False,False,True,False,False,False,False,False,False,False,False,False,False,False,False,False,False,False,False,False,False,False,False
12.7,8.0,2.0,16.0,4.0,2000.0,156.0,669,3.814189645,7,False,False,False,False,False,False,False,False,False,False,False,False,False,False,False,False,False,True,False,False,False,False,False,False,False,False,False,False,False,False,False,False,False,False,False,False,False,False
10.08,3.15,0.3,1024.0,4.0,1450.0,118.0,836,3.437207819,7,False,False,False,False,False,False,False,False,False,False,False,False,False,False,False,False,False,True,False,False,False,False,False,False,False,False,False,False,False,False,False,False,False,False,False,False,False,False
12.7,8.0,5.0,16.0,4.0,2000.0,122.0,961,4.033532423,4,False,False,False,False,False,False,False,False,False,False,False,False,False,False,False,False,False,False,True,False,False,False,False,False,False,False,False,False,False,False,False,False,False,False,True,False,True,False
12.88,20.0,5.0,32.0,4.0,3340.0,165.0,931,4.959552504,5,False,False,False,False,False,False,False,False,False,False,False,False,False,False,False,False,False,False,True,False,False,False,False,False,False,False,False,False,False,False,False,False,False,False,True,False,True,False
12.88,20.0,5.0,32.0,4.0,3340.0,165.0,820,4.910151756,5,False,False,False,False,False,False,False,False,False,False,False,False,False,False,False,False,False,False,True,False,False,False,False,False,False,False,False,False,False,False,False,False,False,False,True,False,True,False
12.75,20.0,5.0,32.0,4.0,3000.0,150.0,692,4.844738116,5,False,False,False,False,False,False,False,False,False,False,False,False,False,False,False,False,False,False,True,False,False,False,False,False,False,False,False,False,False,False,False,False,False,False,True,False,True,False
12.75,20.0,5.0,32.0,4.0,3000.0,150.0,751,4.684443367,5,False,False,False,False,False,False,False,False,False,False,False,False,False,False,False,False,False,False,True,False,False,False,False,False,False,False,False,False,False,False,False,False,False,False,True,False,True,False
10.34,5.0,2.0,32.0,4.0,2100.0,141.9,790,3.818591061,5,False,False,False,False,False,False,False,False,False,False,False,False,False,False,False,False,False,False,True,False,False,False,False,False,False,False,False,False,False,False,False,False,False,False,True,False,True,False
12.7,8.0,5.0,32.0,4.0,2200.0,152.0,965,3.964615456,5,False,False,False,False,False,False,False,False,False,False,False,False,False,False,False,False,False,False,True,False,False,False,False,False,False,False,False,False,False,False,False,False,False,False,True,False,False,False
10.16,2.0,0.3,32.0,4.0,1500.0,127.9,890,3.385745277,5,False,False,False,False,False,False,False,False,False,False,False,False,False,False,False,False,False,False,True,False,False,False,False,False,False,False,False,False,False,False,False,False,False,False,True,False,False,False
12.88,13.0,5.0,32.0,4.0,3000.0,171.0,823,4.428671642,5,False,False,False,False,False,False,False,False,False,False,False,False,False,False,False,False,False,False,True,False,False,False,False,False,False,False,False,False,False,False,False,False,False,False,True,False,True,False
12.88,13.0,5.0,32.0,4.0,3000.0,171.0,956,4.195245147,5,False,False,False,False,False,False,False,False,False,False,False,False,False,False,False,False,False,False,True,False,False,False,False,False,False,False,False,False,False,False,False,False,False,False,True,False,True,False
12.88,13.0,5.0,32.0,4.0,3000.0,171.0,949,4.249352018,5,False,False,False,False,False,False,False,False,False,False,False,False,False,False,False,False,False,False,True,False,False,False,False,False,False,False,False,False,False,False,False,False,False,False,True,False,False,False
12.88,13.0,5.0,32.0,4.0,3000.0,171.0,937,4.458408805,5,False,False,False,False,False,False,False,False,False,False,False,False,False,False,False,False,False,False,True,False,False,False,False,False,False,False,False,False,False,False,False,False,False,False,True,False,False,False
12.7,8.0,1.0,32.0,4.0,2500.0,145.0,874,4.248066579,5,False,False,False,False,False,False,False,False,False,False,False,False,False,False,False,False,False,False,True,False,False,False,False,False,False,False,False,False,False,False,False,False,False,False,True,False,True,False
12.7,8.0,1.0,32.0,4.0,2500.0,145.0,564,4.277499105,5,False,False,False,False,False,False,False,False,False,False,False,False,False,False,False,False,False,False,True,False,False,False,False,False,False,False,False,False,False,False,False,False,False,False,True,False,True,False
12.7,8.0,1.0,32.0,4.0,2500.0,145.0,1017,4.387884444,5,False,False,False,False,False,False,False,False,False,False,False,False,False,False,False,False,False,False,True,False,False,False,False,False,False,False,False,False,False,False,False,False,False,False,True,False,False,False
10.16,5.0,0.3,32.0,4.0,1560.0,136.3,1083,3.805773206,5,False,False,False,False,False,False,False,False,False,False,False,False,False,False,False,False,False,False,True,False,False,False,False,False,False,False,False,False,False,False,False,False,False,False,True,False,False,False
10.16,5.0,0.3,32.0,4.0,1560.0,136.3,696,3.682358237,5,False,False,False,False,False,False,False,False,False,False,False,False,False,False,False,False,False,False,True,False,False,False,False,False,False,False,False,False,False,False,False,False,False,False,True,False,False,False
10.16,2.0,0.3,32.0,4.0,1560.0,134.1,670,3.581015808,5,False,False,False,False,False,False,False,False,False,False,False,False,False,False,False,False,False,False,True,False,False,False,False,False,False,False,False,False,False,False,False,False,False,False,True,False,False,False
10.16,2.0,0.3,32.0,4.0,1560.0,134.1,708,3.640214282,5,False,False,False,False,False,False,False,False,False,False,False,False,False,False,False,False,False,False,True,False,False,False,False,False,False,False,False,False,False,False,False,False,False,False,True,False,False,False
12.7,5.0,5.0,32.0,4.0,1905.0,146.0,683,3.808438689,6,False,False,False,False,False,False,False,False,False,False,False,False,False,False,False,False,False,False,True,False,False,False,False,False,False,False,False,False,False,False,False,False,False,False,True,False,False,False
12.7,5.0,5.0,32.0,4.0,1905.0,146.0,1089,3.930059368,6,False,False,False,False,False,False,False,False,False,False,False,False,False,False,False,False,False,False,True,False,False,False,False,False,False,False,False,False,False,False,False,False,False,False,True,False,False,False
15.29,13.0,12.0,64.0,4.0,3000.0,176.0,390,4.71124045,1,False,False,False,False,False,False,False,False,False,False,False,False,False,False,False,False,False,False,False,True,False,False,False,False,False,False,False,False,False,False,False,False,False,False,False,False,True,False
15.29,13.0,8.0,64.0,4.0,3000.0,172.0,368,4.705829669,1,False,False,False,False,False,False,False,False,False,False,False,False,False,False,False,False,False,False,False,True,False,False,False,False,False,False,False,False,False,False,False,False,False,False,False,False,True,False
15.29,12.0,8.0,64.0,4.0,5000.0,193.0,280,4.670021158,1,False,False,False,False,False,False,False,False,False,False,False,False,False,False,False,False,False,False,False,True,False,False,False,False,False,False,False,False,False,False,False,False,False,False,False,False,True,False
12.88,13.0,8.0,32.0,4.0,3000.0,149.0,496,4.267316996,1,False,False,False,False,False,False,False,False,False,False,False,False,False,False,False,False,False,False,False,True,False,False,False,False,False,False,False,False,False,False,False,False,False,False,False,False,True,False
12.93,12.0,8.0,64.0,4.0,3000.0,162.0,447,4.49110523,2,False,False,False,False,False,False,False,False,False,False,False,False,False,False,False,False,False,False,False,True,False,False,False,False,False,False,False,False,False,False,False,False,False,False,False,False,True,False
15.29,12.0,12.0,64.0,4.0,5000.0,205.0,373,4.673296015,2,False,False,False,False,False,False,False,False,False,False,False,False,False,False,False,False,False,False,False,True,False,False,False,False,False,False,False,False,False,False,False,False,False,False,False,False,True,False
15.27,12.0,8.0,128.0,4.0,3000.0,156.0,706,4.430578675,2,False,False,False,False,False,False,False,False,False,False,False,False,False,False,False,False,False,False,False,True,False,False,False,False,False,False,False,False,False,False,False,False,False,False,False,False,True,False
14.83,8.0,5.0,16.0,4.0,3100.0,168.5,660,3.95623126,2,False,False,False,False,False,False,False,False,False,False,False,False,False,False,False,False,False,False,False,True,False,False,False,False,False,False,False,False,False,False,False,False,False,False,False,False,True,False
12.75,8.0,5.0,16.0,4.0,2800.0,150.0,598,4.161068194,2,False,False,False,False,False,False,False,False,False,False,False,False,False,False,False,False,False,False,False,True,False,False,False,False,False,False,False,False,False,False,False,False,False,False,False,False,True,False
15.24,12.0,5.0,32.0,4.0,5000.0,196.6,634,4.337552145,2,False,False,False,False,False,False,False,False,False,False,False,False,False,False,False,False,False,False,False,True,False,False,False,False,False,False,False,False,False,False,False,False,False,False,False,False,True,False
12.88,13.0,5.0,16.0,4.0,4000.0,174.0,426,4.369068034,2,False,False,False,False,False,False,False,False,False,False,False,False,False,False,False,False,False,False,False,True,False,False,False,False,False,False,False,False,False,False,False,False,False,False,False,False,True,False
12.88,13.0,5.0,32.0,4.0,4000.0,175.0,533,4.297421451,2,False,False,False,False,False,False,False,False,False,False,False,False,False,False,False,False,False,False,False,True,False,False,False,False,False,False,False,False,False,False,False,False,False,False,False,False,True,False
15.29,12.0,12.0,64.0,4.0,3000.0,170.0,438,5.042650624,2,False,False,False,False,False,False,False,False,False,False,False,False,False,False,False,False,False,False,False,True,False,False,False,False,False,False,False,False,False,False,False,False,False,False,False,False,True,False
12.93,12.0,8.0,64.0,4.0,3200.0,167.0,567,4.464988155,2,False,False,False,False,False,False,False,False,False,False,False,False,False,False,False,False,False,False,False,True,False,False,False,False,False,False,False,False,False,False,False,False,False,False,False,False,True,False
12.88,12.0,8.0,64.0,4.0,3000.0,167.0,561,4.492673155,2,False,False,False,False,False,False,False,False,False,False,False,False,False,False,False,False,False,False,False,True,False,False,False,False,False,False,False,False,False,False,False,False,False,False,False,False,True,False
12.75,12.0,16.0,64.0,4.0,3000.0,163.0,564,4.849527134,3,False,False,False,False,False,False,False,False,False,False,False,False,False,False,False,False,False,False,False,True,False,False,False,False,False,False,False,False,False,False,False,False,False,False,False,False,True,False
12.83,13.0,8.0,64.0,4.0,3000.0,168.0,821,4.657857508,3,False,False,False,False,False,False,False,False,False,False,False,False,False,False,False,False,False,False,False,True,False,False,False,False,False,False,False,False,False,False,False,False,False,False,False,False,True,False
12.75,16.0,5.0,32.0,4.0,3000.0,157.0,573,4.278470047,3,False,False,False,False,False,False,False,False,False,False,False,False,False,False,False,False,False,False,False,True,False,False,False,False,False,False,False,False,False,False,False,False,False,False,False,False,True,False
12.83,12.0,5.0,64.0,4.0,2730.0,143.0,558,4.831907273,3,False,False,False,False,False,False,False,False,False,False,False,False,False,False,False,False,False,False,False,True,False,False,False,False,False,False,False,False,False,False,False,False,False,False,False,False,True,False
12.83,13.0,5.0,16.0,4.0,5000.0,198.0,874,4.319752215,3,False,False,False,False,False,False,False,False,False,False,False,False,False,False,False,False,False,False,False,True,False,False,False,False,False,False,False,False,False,False,False,False,False,False,False,False,True,False
12.7,8.0,5.0,16.0,4.0,2800.0,151.0,666,4.180828022,3,False,False,False,False,False,False,False,False,False,False,False,False,False,False,False,False,False,False,False,True,False,False,False,False,False,False,False,False,False,False,False,False,False,False,False,False,True,False
12.83,12.0,5.0,64.0,4.0,3000.0,145.0,842,4.240607069,3,False,False,False,False,False,False,False,False,False,False,False,False,False,False,False,False,False,False,False,True,False,False,False,False,False,False,False,False,False,False,False,False,False,False,False,False,True,False
12.7,8.0,2.0,16.0,4.0,4000.0,162.0,746,3.823847315,3,False,False,False,False,False,False,False,False,False,False,False,False,False,False,False,False,False,False,False,True,False,False,False,False,False,False,False,False,False,False,False,False,False,False,False,False,True,False
12.7,5.0,2.0,32.0,4.0,2350.0,154.0,803,4.052654135,3,False,False,False,False,False,False,False,False,False,False,False,False,False,False,False,False,False,False,False,True,False,False,False,False,False,False,False,False,False,False,False,False,False,False,False,False,True,False
12.75,12.0,5.0,32.0,4.0,3000.0,155.0,873,4.471410196,3,False,False,False,False,False,False,False,False,False,False,False,False,False,False,False,False,False,False,False,True,False,False,False,False,False,False,False,False,False,False,False,False,False,False,False,False,True,False
12.7,13.0,5.0,16.0,4.0,2800.0,145.0,578,4.277082699,3,False,False,False,False,False,False,False,False,False,False,False,False,False,False,False,False,False,False,False,True,False,False,False,False,False,False,False,False,False,False,False,False,False,False,False,False,True,False
12.83,16.0,8.0,64.0,4.0,3050.0,163.0,554,4.711779921,4,False,False,False,False,False,False,False,False,False,False,False,False,False,False,False,False,False,False,False,True,False,False,False,False,False,False,False,False,False,False,False,False,False,False,False,False,True,False
12.7,8.0,5.0,16.0,4.0,3500.0,153.5,917,4.28689144,4,False,False,False,False,False,False,False,False,False,False,False,False,False,False,False,False,False,False,False,True,False,False,False,False,False,False,False,False,False,False,False,False,False,False,False,False,True,False
12.83,16.0,5.0,32.0,4.0,3510.0,165.0,904,4.318687394,4,False,False,False,False,False,False,False,False,False,False,False,False,False,False,False,False,False,False,False,True,False,False,False,False,False,False,False,False,False,False,False,False,False,False,False,False,True,False
12.7,8.0,5.0,32.0,4.0,2800.0,140.6,659,4.156379953,4,False,False,False,False,False,False,False,False,False,False,False,False,False,False,False,False,False,False,False,True,False,False,False,False,False,False,False,False,False,False,False,False,False,False,False,False,True,False
12.83,21.0,5.0,32.0,4.0,3500.0,163.0,1041,4.434144589,4,False,False,False,False,False,False,False,False,False,False,False,False,False,False,False,False,False,False,False,True,False,False,False,False,False,False,False,False,False,False,False,False,False,False,False,False,True,False
12.83,13.0,5.0,32.0,4.0,2600.0,136.0,694,4.592186258,4,False,False,False,False,False,False,False,False,False,False,False,False,False,False,False,False,False,False,False,True,False,False,False,False,False,False,False,False,False,False,False,False,False,False,False,False,True,False
12.83,16.0,5.0,64.0,4.0,3000.0,155.0,827,4.566741159,4,False,False,False,False,False,False,False,False,False,False,False,False,False,False,False,False,False,False,False,True,False,False,False,False,False,False,False,False,False,False,False,False,False,False,False,False,True,False
12.83,13.0,5.0,16.0,4.0,3000.0,155.0,667,4.481419379,4,False,False,False,False,False,False,False,False,False,False,False,False,False,False,False,False,False,False,False,True,False,False,False,False,False,False,False,False,False,False,False,False,False,False,False,False,True,False
12.7,8.0,5.0,32.0,4.0,2800.0,137.0,563,3.91939576,4,False,False,False,False,False,False,False,False,False,False,False,False,False,False,False,False,False,False,False,True,False,False,False,False,False,False,False,False,False,False,False,False,False,False,False,False,True,False
12.7,13.0,5.0,16.0,4.0,2470.0,155.0,833,4.105943698,5,False,False,False,False,False,False,False,False,False,False,False,False,False,False,False,False,False,False,False,True,False,False,False,False,False,False,False,False,False,False,False,False,False,False,False,False,True,False
12.8,21.0,5.0,32.0,4.0,3760.0,169.0,582,4.560695696,5,False,False,False,False,False,False,False,False,False,False,False,False,False,False,False,False,False,False,False,True,False,False,False,False,False,False,False,False,False,False,False,False,False,False,False,False,True,False
12.8,21.0,5.0,32.0,4.0,3760.0,170.1,905,4.580365067,5,False,False,False,False,False,False,False,False,False,False,False,False,False,False,False,False,False,False,False,True,False,False,False,False,False,False,False,False,False,False,False,False,False,False,False,False,True,False
12.83,21.0,5.0,16.0,4.0,2390.0,169.0,749,4.517540436,5,False,False,False,False,False,False,False,False,False,False,False,False,False,False,False,False,False,False,False,True,False,False,False,False,False,False,False,False,False,False,False,False,False,False,False,False,True,False
12.88,21.0,5.0,16.0,4.0,2390.0,179.0,1020,4.893277168,5,False,False,False,False,False,False,False,False,False,False,False,False,False,False,False,False,False,False,False,True,False,False,False,False,False,False,False,False,False,False,False,False,False,False,False,False,True,False
12.83,21.0,5.0,16.0,4.0,2390.0,169.0,694,4.485034385,5,False,False,False,False,False,False,False,False,False,False,False,False,False,False,False,False,False,False,False,True,False,False,False,False,False,False,False,False,False,False,False,False,False,False,False,False,True,False
12.83,21.0,5.0,16.0,4.0,2390.0,169.0,586,4.492225427,5,False,False,False,False,False,False,False,False,False,False,False,False,False,False,False,False,False,False,False,True,False,False,False,False,False,False,False,False,False,False,False,False,False,False,False,False,True,False
12.7,13.0,5.0,32.0,4.0,2470.0,155.0,820,4.517867858,5,False,False,False,False,False,False,False,False,False,False,False,False,False,False,False,False,False,False,False,True,False,False,False,False,False,False,False,False,False,False,False,False,False,False,False,False,True,False
12.7,13.0,5.0,32.0,4.0,2470.0,155.0,608,4.362588941,5,False,False,False,False,False,False,False,False,False,False,False,False,False,False,False,False,False,False,False,True,False,False,False,False,False,False,False,False,False,False,False,False,False,False,False,False,True,False
10.29,5.0,0.3,32.0,4.0,2390.0,145.0,579,3.949704072,5,False,False,False,False,False,False,False,False,False,False,False,False,False,False,False,False,False,False,False,True,False,False,False,False,False,False,False,False,False,False,False,False,False,False,False,False,True,False
10.29,5.0,0.3,32.0,4.0,2390.0,145.0,842,3.546739687,5,False,False,False,False,False,False,False,False,False,False,False,False,False,False,False,False,False,False,False,True,False,False,False,False,False,False,False,False,False,False,False,False,False,False,False,False,True,False
12.7,8.0,2.0,32.0,4.0,2390.0,155.0,863,4.253767036,5,False,False,False,False,False,False,False,False,False,False,False,False,False,False,False,False,False,False,False,True,False,False,False,False,False,False,False,False,False,False,False,False,False,False,False,False,True,False
12.7,8.0,2.0,32.0,4.0,2390.0,155.0,613,3.844814256,5,False,False,False,False,False,False,False,False,False,False,False,False,False,False,False,False,False,False,False,True,False,False,False,False,False,False,False,False,False,False,False,False,False,False,False,False,True,False
12.75,21.0,2.0,64.0,4.0,3900.0,176.0,768,4.396052806,6,False,False,False,False,False,False,False,False,False,False,False,False,False,False,False,False,False,False,False,True,False,False,False,False,False,False,False,False,False,False,False,False,False,False,False,False,True,False
12.75,21.0,2.0,32.0,4.0,3900.0,169.0,564,4.911624944,6,False,False,False,False,False,False,False,False,False,False,False,False,False,False,False,False,False,False,False,True,False,False,False,False,False,False,False,False,False,False,False,False,False,False,False,False,True,False
15.14,13.0,2.0,32.0,4.0,3220.0,184.0,739,4.312140507,6,False,False,False,False,False,False,False,False,False,False,False,False,False,False,False,False,False,False,False,True,False,False,False,False,False,False,False,False,False,False,False,False,False,False,False,False,True,False
12.75,13.0,2.0,16.0,4.0,2300.0,144.0,572,4.529799879,6,False,False,False,False,False,False,False,False,False,False,False,False,False,False,False,False,False,False,False,True,False,False,False,False,False,False,False,False,False,False,False,False,False,False,False,False,True,False
12.7,8.0,2.0,32.0,4.0,2070.0,149.0,808,4.145829505,6,False,False,False,False,False,False,False,False,False,False,False,False,False,False,False,False,False,False,False,True,False,False,False,False,False,False,False,False,False,False,False,False,False,False,False,False,False,False
12.7,8.0,2.0,32.0,4.0,2070.0,149.0,1072,4.03653888,6,False,False,False,False,False,False,False,False,False,False,False,False,False,False,False,False,False,False,False,True,False,False,False,False,False,False,False,False,False,False,False,False,False,False,False,False,False,False
10.29,5.0,1.3,32.0,4.0,2070.0,143.0,927,4.251205851,6,False,False,False,False,False,False,False,False,False,False,False,False,False,False,False,False,False,False,False,True,False,False,False,False,False,False,False,False,False,False,False,False,False,False,False,False,True,False
10.24,8.0,0.3,32.0,4.0,2000.0,125.9,634,3.606041176,6,False,False,False,False,False,False,False,False,False,False,False,False,False,False,False,False,False,False,False,True,False,False,False,False,False,False,False,False,False,False,False,False,False,False,False,False,True,False
10.24,5.0,2.0,16.0,4.0,1980.0,142.0,959,3.874736421,6,False,False,False,False,False,False,False,False,False,False,False,False,False,False,False,False,False,False,False,True,False,False,False,False,False,False,False,False,False,False,False,False,False,False,False,False,False,False
10.24,5.0,2.0,16.0,4.0,1980.0,142.0,979,3.965184554,6,False,False,False,False,False,False,False,False,False,False,False,False,False,False,False,False,False,False,False,True,False,False,False,False,False,False,False,False,False,False,False,False,False,False,False,False,False,False
10.29,5.0,1.3,32.0,4.0,2070.0,143.0,821,3.958333908,6,False,False,False,False,False,False,False,False,False,False,False,False,False,False,False,False,False,False,False,True,False,False,False,False,False,False,False,False,False,False,False,False,False,False,False,False,False,False
10.29,5.0,1.3,32.0,4.0,2070.0,143.0,643,4.148359151,7,False,False,False,False,False,False,False,False,False,False,False,False,False,False,False,False,False,False,False,True,False,False,False,False,False,False,False,False,False,False,False,False,False,False,False,False,False,False
10.34,10.0,2.0,16.0,4.0,2200.0,130.0,757,3.773909703,7,False,False,False,False,False,False,False,False,False,False,False,False,False,False,False,False,False,False,False,True,False,False,False,False,False,False,False,False,False,False,False,False,False,False,False,False,True,False
12.7,10.0,2.0,16.0,4.0,2130.0,137.0,607,4.245204118,7,False,False,False,False,False,False,False,False,False,False,False,False,False,False,False,False,False,False,False,True,False,False,False,False,False,False,False,False,False,False,False,False,False,False,False,False,True,False
12.7,10.0,2.0,16.0,4.0,3500.0,167.0,715,4.122770036,7,False,False,False,False,False,False,False,False,False,False,False,False,False,False,False,False,False,False,False,True,False,False,False,False,False,False,False,False,False,False,False,False,False,False,False,False,True,False
10.24,10.0,2.0,16.0,4.0,2000.0,130.0,1044,4.292375413,7,False,False,False,False,False,False,False,False,False,False,False,False,False,False,False,False,False,False,False,True,False,False,False,False,False,False,False,False,False,False,False,False,False,False,False,False,True,False
10.16,8.0,1.2,16.0,4.0,2000.0,120.0,944,4.488524004,7,False,False,False,False,False,False,False,False,False,False,False,False,False,False,False,False,False,False,False,True,False,False,False,False,False,False,False,False,False,False,False,False,False,False,False,False,False,False
7.75,5.0,2.0,16.0,4.0,1785.0,110.0,667,3.542696944,7,False,False,False,False,False,False,False,False,False,False,False,False,False,False,False,False,False,False,False,True,False,False,False,False,False,False,False,False,False,False,False,False,False,False,False,False,False,False
7.65,5.0,0.3,32.0,4.0,1900.0,171.8,739,4.461415282,7,False,False,False,False,False,False,False,False,False,False,False,False,False,False,False,False,False,False,False,False,False,False,False,True,False,False,False,False,False,False,False,False,False,False,False,False,True,False
16.23,5.0,16.0,128.0,4.0,3500.0,180.0,188,4.620551288,1,False,False,False,False,False,False,False,False,False,False,False,False,False,False,False,False,False,False,False,False,True,False,False,False,False,False,False,False,False,False,False,False,False,False,False,False,True,False
15.21,5.0,20.0,128.0,4.0,3320.0,172.0,294,5.192956851,1,False,False,False,False,False,False,False,False,False,False,False,False,False,False,False,False,False,False,False,False,True,False,False,False,False,False,False,False,False,False,False,False,False,False,False,False,True,False
14.5,5.0,8.0,32.0,4.0,3000.0,161.0,492,4.25177557,1,False,False,False,False,False,False,False,False,False,False,False,False,False,False,False,False,False,False,False,False,True,False,False,False,False,False,False,False,False,False,False,False,False,False,False,False,True,False
15.9,13.0,5.0,32.0,4.0,4000.0,181.0,317,4.579339426,1,False,False,False,False,False,False,False,False,False,False,False,False,False,False,False,False,False,False,False,False,True,False,False,False,False,False,False,False,False,False,False,False,False,False,False,False,True,False
13.84,8.0,5.0,32.0,4.0,2500.0,157.0,226,4.178992036,1,False,False,False,False,False,False,False,False,False,False,False,False,False,False,False,False,False,False,False,False,True,False,False,False,False,False,False,False,False,False,False,False,False,False,False,False,True,False
5.18,5.0,8.0,32.0,0.03,1020.0,157.0,501,2.343727036,1,False,False,False,False,False,False,False,False,False,False,False,False,False,False,False,False,False,False,False,False,True,False,False,False,False,False,False,False,False,False,False,False,False,True,False,False,False,False
15.7,8.0,20.0,64.0,4.0,3500.0,180.0,485,4.609062601,2,False,False,False,False,False,False,False,False,False,False,False,False,False,False,False,False,False,False,False,False,True,False,False,False,False,False,False,False,False,False,False,False,False,False,False,False,True,False
15.24,8.0,8.0,32.0,4.0,3500.0,180.0,642,4.207822046,2,False,False,False,False,False,False,False,False,False,False,False,False,False,False,False,False,False,False,False,False,True,False,False,False,False,False,False,False,False,False,False,False,False,False,False,False,True,False
14.83,8.0,8.0,64.0,4.0,3060.0,160.0,634,4.410492607,2,False,False,False,False,False,False,False,False,False,False,False,False,False,False,False,False,False,False,False,False,True,False,False,False,False,False,False,False,False,False,False,False,False,False,False,False,True,False
12.9,8.0,16.0,64.0,4.0,3060.0,151.0,648,4.511408806,2,False,False,False,False,False,False,False,False,False,False,False,False,False,False,False,False,False,False,False,False,True,False,False,False,False,False,False,False,False,False,False,False,False,False,False,False,True,False
14.88,8.0,8.0,64.0,4.0,3060.0,160.0,525,4.566948973,2,False,False,False,False,False,False,False,False,False,False,False,False,False,False,False,False,False,False,False,False,True,False,False,False,False,False,False,False,False,False,False,False,False,False,False,False,True,False
12.83,16.0,8.0,32.0,4.0,2970.0,160.0,586,4.567364471,2,False,False,False,False,False,False,False,False,False,False,False,False,False,False,False,False,False,False,False,False,True,False,False,False,False,False,False,False,False,False,False,False,False,False,False,False,True,False
12.75,13.0,8.0,32.0,4.0,2990.0,138.3,469,4.415340514,2,False,False,False,False,False,False,False,False,False,False,False,False,False,False,False,False,False,False,False,False,True,False,False,False,False,False,False,False,False,False,False,False,False,False,False,False,True,False
12.83,8.0,5.0,32.0,4.0,4000.0,174.0,635,4.022669526,2,False,False,False,False,False,False,False,False,False,False,False,False,False,False,False,False,False,False,False,False,True,False,False,False,False,False,False,False,False,False,False,False,False,False,False,False,True,False
5.18,2.0,8.0,0.1,0.02,1100.0,117.0,417,3.916015027,2,False,False,False,False,False,False,False,False,False,False,False,False,False,False,False,False,False,False,False,False,True,False,False,False,False,False,False,False,False,False,False,False,False,True,False,False,True,False
12.83,8.0,5.0,128.0,4.0,3260.0,177.0,604,5.124618527,2,False,False,False,False,False,False,False,False,False,False,False,False,False,False,False,False,False,False,False,False,True,False,False,False,False,False,False,False,False,False,False,False,False,False,False,False,True,False
15.24,8.0,16.0,64.0,4.0,3800.0,183.0,704,4.459566212,2,False,False,False,False,False,False,False,False,False,False,False,False,False,False,False,False,False,False,False,False,True,False,False,False,False,False,False,False,False,False,False,False,False,False,False,False,True,False
12.83,16.0,8.0,32.0,4.0,3000.0,172.0,611,4.729421148,2,False,False,False,False,False,False,False,False,False,False,False,False,False,False,False,False,False,False,False,False,True,False,False,False,False,False,False,False,False,False,False,False,False,False,False,False,True,False
10.29,5.0,2.0,32.0,4.0,2150.0,160.0,601,3.934957977,2,False,False,False,False,False,False,False,False,False,False,False,False,False,False,False,False,False,False,False,False,True,False,False,False,False,False,False,False,False,False,False,False,False,False,False,False,True,False
5.18,2.0,8.0,0.06,0.02,1200.0,88.1,582,3.559909073,2,False,False,False,False,False,False,False,False,False,False,False,False,False,False,False,False,False,False,False,False,True,False,False,False,False,False,False,False,False,False,False,False,False,True,False,False,True,False
12.7,8.0,5.0,32.0,4.0,4100.0,161.0,564,4.154969184,3,False,False,False,False,False,False,False,False,False,False,False,False,False,False,False,False,False,False,False,False,True,False,False,False,False,False,False,False,False,False,False,False,False,False,False,False,True,False
12.75,16.0,5.0,64.0,4.0,3000.0,160.0,597,4.612939923,3,False,False,False,False,False,False,False,False,False,False,False,False,False,False,False,False,False,False,False,False,True,False,False,False,False,False,False,False,False,False,False,False,False,False,False,False,True,False
5.18,2.0,8.0,0.1,0.02,1200.0,88.2,680,3.602504238,3,False,False,False,False,False,False,False,False,False,False,False,False,False,False,False,False,False,False,False,False,True,False,False,False,False,False,False,False,False,False,False,False,False,True,False,False,False,False
12.78,13.0,13.0,128.0,4.0,3090.0,160.0,558,5.126698333,3,False,False,False,False,False,False,False,False,False,False,False,False,False,False,False,False,False,False,False,False,True,False,False,False,False,False,False,False,False,False,False,False,False,False,False,False,True,False
12.7,8.0,8.0,16.0,4.0,2630.0,140.0,745,4.371597439,3,False,False,False,False,False,False,False,False,False,False,False,False,False,False,False,False,False,False,False,False,True,False,False,False,False,False,False,False,False,False,False,False,False,False,False,False,True,False
12.75,13.0,8.0,16.0,4.0,3000.0,160.0,821,4.460606735,3,False,False,False,False,False,False,False,False,False,False,False,False,False,False,False,False,False,False,False,False,True,False,False,False,False,False,False,False,False,False,False,False,False,False,False,False,True,False
12.83,16.0,8.0,32.0,4.0,3000.0,169.0,540,4.508769412,3,False,False,False,False,False,False,False,False,False,False,False,False,False,False,False,False,False,False,False,False,True,False,False,False,False,False,False,False,False,False,False,False,False,False,False,False,True,False
5.18,2.0,8.0,0.1,0.02,1000.0,160.0,554,3.772760938,3,False,False,False,False,False,False,False,False,False,False,False,False,False,False,False,False,False,False,False,False,True,False,False,False,False,False,False,False,False,False,False,False,False,True,False,False,False,False
5.18,0.3,5.0,0.06,0.02,3000.0,81.0,815,2.71866038,4,False,False,False,False,False,False,False,False,False,False,False,False,False,False,False,False,False,False,False,False,True,False,False,False,False,False,False,False,False,False,False,False,False,True,False,False,False,False
5.18,0.3,5.0,0.06,0.02,3000.0,82.6,1023,2.765060456,4,False,False,False,False,False,False,False,False,False,False,False,False,False,False,False,False,False,False,False,False,True,False,False,False,False,False,False,False,False,False,False,False,False,True,False,False,False,False
5.28,2.0,5.0,0.06,0.02,1200.0,91.8,867,2.934920134,5,False,False,False,False,False,False,False,False,False,False,False,False,False,False,False,False,False,False,False,False,True,False,False,False,False,False,False,False,False,False,False,False,False,True,False,False,False,False
5.28,2.0,5.0,0.06,0.03,1200.0,91.8,772,3.285412349,5,False,False,False,False,False,False,False,False,False,False,False,False,False,False,False,False,False,False,False,False,True,False,False,False,False,False,False,False,False,False,False,False,False,True,False,False,False,False
5.18,2.0,5.0,0.1,0.02,1100.0,79.0,1012,3.199896858,5,False,False,False,False,False,False,False,False,False,False,False,False,False,False,False,False,False,False,False,False,True,False,False,False,False,False,False,False,False,False,False,False,False,True,False,False,False,False
5.18,2.0,5.0,0.06,0.03,1100.0,79.0,798,3.031099417,5,False,False,False,False,False,False,False,False,False,False,False,False,False,False,False,False,False,False,False,False,True,False,False,False,False,False,False,False,False,False,False,False,False,True,False,False,False,False
5.18,0.3,5.0,0.06,0.02,1100.0,78.4,559,2.587011873,5,False,False,False,False,False,False,False,False,False,False,False,False,False,False,False,False,False,False,False,False,True,False,False,False,False,False,False,False,False,False,False,False,False,True,False,False,False,False
5.18,0.3,5.0,0.06,0.02,1100.0,78.6,682,2.935451343,5,False,False,False,False,False,False,False,False,False,False,False,False,False,False,False,False,False,False,False,False,True,False,False,False,False,False,False,False,False,False,False,False,False,True,False,False,False,False
10.29,5.0,1.6,32.0,4.0,1830.0,136.0,809,3.66586668,6,False,False,False,False,False,False,False,False,False,False,False,False,False,False,False,False,False,False,False,False,True,False,False,False,False,False,False,False,False,False,False,False,False,False,True,False,True,False
18.01,8.0,5.0,32.0,4.0,5300.0,318.0,893,4.55744945,6,False,False,False,False,False,False,False,False,False,False,False,False,False,False,False,False,False,False,False,False,True,False,False,False,False,False,False,False,False,False,False,False,False,False,False,False,False,False
10.34,6.7,5.0,32.0,4.0,2200.0,130.0,601,3.8823882,6,False,False,False,False,False,False,False,False,False,False,False,False,False,False,False,False,False,False,False,False,True,False,False,False,False,False,False,False,False,False,False,False,False,False,True,False,False,False
10.34,6.7,5.0,32.0,4.0,2200.0,134.0,1045,4.118386557,6,False,False,False,False,False,False,False,False,False,False,False,False,False,False,False,False,False,False,False,False,True,False,False,False,False,False,False,False,False,False,False,False,False,False,True,False,True,False
12.7,10.0,0.9,16.0,4.0,2200.0,150.0,679,4.662872896,6,False,False,False,False,False,False,False,False,False,False,False,False,False,False,False,False,False,False,False,False,True,False,False,False,False,False,False,False,False,False,False,False,False,False,True,False,True,False
10.16,5.0,1.6,16.0,4.0,1430.0,129.0,1055,3.739572568,6,False,False,False,False,False,False,False,False,False,False,False,False,False,False,False,False,False,False,False,False,True,False,False,False,False,False,False,False,False,False,False,False,False,False,True,False,False,False
10.16,5.0,1.6,16.0,4.0,1430.0,129.0,1062,3.535145354,6,False,False,False,False,False,False,False,False,False,False,False,False,False,False,False,False,False,False,False,False,True,False,False,False,False,False,False,False,False,False,False,False,False,False,True,False,False,False
10.24,5.0,0.3,16.0,4.0,1800.0,150.0,571,3.883829271,6,False,False,False,False,False,False,False,False,False,False,False,False,False,False,False,False,False,False,False,False,True,False,False,False,False,False,False,False,False,False,False,False,False,False,False,False,False,False
5.28,2.0,1.6,0.1,0.02,1200.0,99.8,631,3.36729583,6,False,False,False,False,False,False,False,False,False,False,False,False,False,False,False,False,False,False,False,False,True,False,False,False,False,False,False,False,False,False,False,False,False,True,False,False,False,False
5.28,2.0,1.6,0.1,0.03,1200.0,100.6,654,3.373826185,6,False,False,False,False,False,False,False,False,False,False,False,False,False,False,False,False,False,False,False,False,True,False,False,False,False,False,False,False,False,False,False,False,False,True,False,False,False,False
12.7,20.0,1.2,32.0,4.0,2420.0,167.0,825,4.489647095,6,False,False,False,False,False,False,False,False,False,False,False,False,False,False,False,False,False,False,False,False,True,False,False,False,False,False,False,False,False,False,False,False,False,False,True,False,True,False
10.29,5.0,1.6,32.0,4.0,1830.0,134.0,851,3.835573833,6,False,False,False,False,False,False,False,False,False,False,False,False,False,False,False,False,False,False,False,False,True,False,False,False,False,False,False,False,False,False,False,False,False,False,True,False,True,False
10.29,5.0,1.6,32.0,4.0,1830.0,134.0,825,4.209902903,6,False,False,False,False,False,False,False,False,False,False,False,False,False,False,False,False,False,False,False,False,True,False,False,False,False,False,False,False,False,False,False,False,False,False,True,False,False,False
10.29,5.0,1.6,32.0,4.0,1830.0,134.0,573,3.988428337,6,False,False,False,False,False,False,False,False,False,False,False,False,False,False,False,False,False,False,False,False,True,False,False,False,False,False,False,False,False,False,False,False,False,False,True,False,False,False
12.7,5.0,2.0,16.0,4.0,2000.0,190.0,1093,3.696351469,6,False,False,False,False,False,False,False,False,False,False,False,False,False,False,False,False,False,False,False,False,True,False,False,False,False,False,False,False,False,False,False,False,False,False,False,False,False,False
10.16,3.15,1.6,16.0,4.0,1500.0,128.7,903,3.309082093,6,False,False,False,False,False,False,False,False,False,False,False,False,False,False,False,False,False,False,False,False,True,False,False,False,False,False,False,False,False,False,False,False,False,False,False,False,False,False
10.16,3.15,1.6,16.0,4.0,1500.0,128.7,645,3.607940512,6,False,False,False,False,False,False,False,False,False,False,False,False,False,False,False,False,False,False,False,False,True,False,False,False,False,False,False,False,False,False,False,False,False,False,False,False,False,False
5.28,1.3,1.6,0.06,0.03,1830.0,89.3,717,3.541828511,6,False,False,False,False,False,False,False,False,False,False,False,False,False,False,False,False,False,False,False,False,True,False,False,False,False,False,False,False,False,False,False,False,False,True,False,False,False,False
5.18,2.0,1.6,0.1,0.02,1830.0,83.6,565,3.072230245,6,False,False,False,False,False,False,False,False,False,False,False,False,False,False,False,False,False,False,False,False,True,False,False,False,False,False,False,False,False,False,False,False,False,True,False,False,False,False
12.7,20.0,1.2,32.0,4.0,2420.0,167.0,881,4.759092268,6,False,False,False,False,False,False,False,False,False,False,False,False,False,False,False,False,False,False,False,False,True,False,False,False,False,False,False,False,False,False,False,False,False,False,True,False,True,False
10.16,5.0,1.25,32.0,4.0,1430.0,124.0,721,3.516904189,7,False,False,False,False,False,False,False,False,False,False,False,False,False,False,False,False,False,False,False,False,True,False,False,False,False,False,False,False,False,False,False,False,False,False,True,False,False,False
15.24,20.0,1.2,16.0,4.0,3400.0,209.0,1052,4.866379938,7,False,False,False,False,False,False,False,False,False,False,False,False,False,False,False,False,False,False,False,False,True,False,False,False,False,False,False,False,False,False,False,False,False,False,True,False,True,False
15.24,5.0,0.3,32.0,4.0,3400.0,220.0,817,4.502915952,7,False,False,False,False,False,False,False,False,False,False,False,False,False,False,False,False,False,False,False,False,True,False,False,False,False,False,False,False,False,False,False,False,False,False,True,False,True,False
7.62,5.0,1.25,0.06,0.03,1200.0,111.4,1001,3.827771453,7,False,False,False,False,False,False,False,False,False,False,False,False,False,False,False,False,False,False,False,False,True,False,False,False,False,False,False,False,False,False,False,False,False,True,False,False,False,False
7.62,5.0,1.25,0.1,0.03,1200.0,110.2,987,3.881357591,7,False,False,False,False,False,False,False,False,False,False,False,False,False,False,False,False,False,False,False,False,True,False,False,False,False,False,False,False,False,False,False,False,False,True,False,False,False,False
7.62,5.0,1.25,0.1,0.02,1010.0,100.0,1043,3.535728275,7,False,False,False,False,False,False,False,False,False,False,False,False,False,False,False,False,False,False,False,False,True,False,False,False,False,False,False,False,False,False,False,False,False,True,False,False,False,False
5.28,2.0,1.25,0.06,0.03,1200.0,101.3,893,3.418382206,7,False,False,False,False,False,False,False,False,False,False,False,False,False,False,False,False,False,False,False,False,True,False,False,False,False,False,False,False,False,False,False,False,False,True,False,False,False,False
5.28,2.0,1.25,0.06,0.03,1200.0,101.0,782,3.292126287,7,False,False,False,False,False,False,False,False,False,False,False,False,False,False,False,False,False,False,False,False,True,False,False,False,False,False,False,False,False,False,False,False,False,True,False,False,False,False
5.18,5.0,1.25,0.06,0.03,1200.0,101.1,863,4.391976966,7,False,False,False,False,False,False,False,False,False,False,False,False,False,False,False,False,False,False,False,False,True,False,False,False,False,False,False,False,False,False,False,False,False,True,False,False,False,False
10.34,5.0,0.3,32.0,4.0,2000.0,159.0,797,4.053001599,7,False,False,False,False,False,False,False,False,False,False,False,False,False,False,False,False,False,False,False,False,True,False,False,False,False,False,False,False,False,False,False,False,False,False,True,False,True,False
10.29,41.0,1.2,32.0,4.0,2000.0,158.0,988,5.105096629,7,False,False,False,False,False,False,False,False,False,False,False,False,False,False,False,False,False,False,False,False,True,False,False,False,False,False,False,False,False,False,False,False,False,False,True,False,True,False
5.18,1.3,1.25,0.06,0.02,1020.0,89.6,955,4.035478809,7,False,False,False,False,False,False,False,False,False,False,False,False,False,False,False,False,False,False,False,False,True,False,False,False,False,False,False,False,False,False,False,False,False,True,False,False,False,False
5.18,5.0,1.25,0.1,0.03,1020.0,91.3,1070,4.052654135,7,False,False,False,False,False,False,False,False,False,False,False,False,False,False,False,False,False,False,False,False,True,False,False,False,False,False,False,False,False,False,False,False,False,True,False,False,False,False
10.29,8.0,1.3,16.0,4.0,2000.0,139.0,707,4.565077092,7,False,False,False,False,False,False,False,False,False,False,False,False,False,False,False,False,False,False,False,False,True,False,False,False,False,False,False,False,False,False,False,False,False,False,True,False,True,False
10.29,8.0,1.3,32.0,4.0,2000.0,162.0,816,4.530231099,7,False,False,False,False,False,False,False,False,False,False,False,False,False,False,False,False,False,False,False,False,True,False,False,False,False,False,False,False,False,False,False,False,False,False,True,False,True,False
7.62,3.15,1.25,0.06,0.02,1200.0,98.2,668,3.532517999,7,False,False,False,False,False,False,False,False,False,False,False,False,False,False,False,False,False,False,False,False,True,False,False,False,False,False,False,False,False,False,False,False,False,True,False,False,False,False
5.18,2.0,1.25,0.1,0.03,1200.0,97.3,713,3.216071898,7,False,False,False,False,False,False,False,False,False,False,False,False,False,False,False,False,False,False,False,False,True,False,False,False,False,False,False,False,False,False,False,False,False,True,False,False,False,False
10.24,6.7,1.3,32.0,4.0,2000.0,128.0,781,4.302712828,7,False,False,False,False,False,False,False,False,False,False,False,False,False,False,False,False,False,False,False,False,True,False,False,False,False,False,False,False,False,False,False,False,False,False,True,False,False,False
10.16,5.0,1.25,32.0,4.0,1430.0,124.0,1051,3.583518938,7,False,False,False,False,False,False,False,False,False,False,False,False,False,False,False,False,False,False,False,False,True,False,False,False,False,False,False,False,False,False,False,False,False,False,True,False,False,False
5.18,3.15,1.25,0.1,0.02,1110.0,102.0,1006,4.167595024,7,False,False,False,False,False,False,False,False,False,False,False,False,False,False,False,False,False,False,False,False,True,False,False,False,False,False,False,False,False,False,False,False,False,True,False,False,False,False
7.62,2.0,1.25,0.1,0.02,1110.0,103.7,660,3.295095851,7,False,False,False,False,False,False,False,False,False,False,False,False,False,False,False,False,False,False,False,False,True,False,False,False,False,False,False,False,False,False,False,False,False,True,False,False,False,False
16.28,8.0,16.0,256.0,4.0,3700.0,185.0,489,5.065754593,2,False,False,False,False,False,False,False,False,False,False,False,False,False,False,False,False,False,False,False,False,False,True,False,False,False,False,False,False,False,False,False,False,False,False,False,False,True,False
16.28,8.0,16.0,256.0,4.0,3700.0,185.0,496,5.000046093,2,False,False,False,False,False,False,False,False,False,False,False,False,False,False,False,False,False,False,False,False,False,True,False,False,False,False,False,False,False,False,False,False,False,False,False,False,True,False
15.95,8.0,16.0,128.0,4.0,3300.0,177.0,386,5.380404138,2,False,False,False,False,False,False,False,False,False,False,False,False,False,False,False,False,False,False,False,False,False,True,False,False,False,False,False,False,False,False,False,False,False,False,False,False,True,False
15.27,8.0,16.0,128.0,4.0,3300.0,162.0,623,5.19473305,3,False,False,False,False,False,False,False,False,False,False,False,False,False,False,False,False,False,False,False,False,False,True,False,False,False,False,False,False,False,False,False,False,False,False,False,False,True,False
12.83,8.0,16.0,128.0,4.0,3300.0,153.0,875,4.735584225,3,False,False,False,False,False,False,False,False,False,False,False,False,False,False,False,False,False,False,False,False,False,True,False,False,False,False,False,False,False,False,False,False,False,False,False,False,True,False
12.83,16.0,16.0,64.0,4.0,3400.0,158.0,986,4.936701666,4,False,False,False,False,False,False,False,False,False,False,False,False,False,False,False,False,False,False,False,False,False,True,False,False,False,False,False,False,False,False,False,False,False,False,False,False,True,False
12.7,13.0,8.0,16.0,4.0,2525.0,138.0,1050,4.62192897,5,False,False,False,False,False,False,False,False,False,False,False,False,False,False,False,False,False,False,False,False,False,True,False,False,False,False,False,False,False,False,False,False,False,False,False,False,True,False
12.83,16.0,8.0,64.0,4.0,3000.0,158.0,996,4.435448911,4,False,False,False,False,False,False,False,False,False,False,False,False,False,False,False,False,False,False,False,False,False,True,False,False,False,False,False,False,False,False,False,False,False,False,False,False,True,False
12.83,13.0,5.0,16.0,4.0,3300.0,175.0,913,4.831030045,5,False,False,False,False,False,False,False,False,False,False,False,False,False,False,False,False,False,False,False,False,False,True,False,False,False,False,False,False,False,False,False,False,False,False,False,False,True,False
12.83,13.0,5.0,16.0,4.0,3100.0,162.0,616,4.679163866,6,False,False,False,False,False,False,False,False,False,False,False,False,False,False,False,False,False,False,False,False,False,True,False,False,False,False,False,False,False,False,False,False,False,False,False,False,True,False
15.39,8.0,16.0,256.0,4.0,4065.0,210.0,252,5.224509349,1,False,False,False,False,False,False,False,False,False,False,False,False,False,False,False,False,False,False,False,False,False,False,True,False,False,False,False,False,False,False,False,False,False,False,False,False,True,False
15.34,8.0,16.0,256.0,4.0,3765.0,185.0,366,5.346774142,1,False,False,False,False,False,False,False,False,False,False,False,False,False,False,False,False,False,False,False,False,False,False,True,False,False,False,False,False,False,False,False,False,False,False,False,False,True,False
15.29,8.0,16.0,64.0,4.0,4230.0,170.0,504,4.615516478,1,False,False,False,False,False,False,False,False,False,False,False,False,False,False,False,False,False,False,False,False,False,False,True,False,False,False,False,False,False,False,False,False,False,False,False,False,True,False
16.59,8.0,16.0,128.0,4.0,4020.0,188.0,238,5.04613113,1,False,False,False,False,False,False,False,False,False,False,False,False,False,False,False,False,False,False,False,False,False,False,True,False,False,False,False,False,False,False,False,False,False,False,False,False,True,False
16.59,8.0,16.0,64.0,4.0,4000.0,190.0,488,4.921876937,1,False,False,False,False,False,False,False,False,False,False,False,False,False,False,False,False,False,False,False,False,False,False,True,False,False,False,False,False,False,False,False,False,False,False,False,False,True,False
15.29,13.0,16.0,32.0,4.0,4230.0,168.0,658,4.842374421,2,False,False,False,False,False,False,False,False,False,False,False,False,False,False,False,False,False,False,False,False,False,False,True,False,False,False,False,False,False,False,False,False,False,False,False,False,True,False
15.34,13.0,25.0,128.0,4.0,3600.0,156.0,412,4.858648937,2,False,False,False,False,False,False,False,False,False,False,False,False,False,False,False,False,False,False,False,False,False,False,True,False,False,False,False,False,False,False,False,False,False,False,False,False,True,False
16.28,13.0,25.0,128.0,4.0,3600.0,156.0,644,5.257859889,2,False,False,False,False,False,False,False,False,False,False,False,False,False,False,False,False,False,False,False,False,False,False,True,False,False,False,False,False,False,False,False,False,False,False,False,False,True,False
15.34,13.0,25.0,64.0,4.0,3600.0,156.0,563,4.839767887,2,False,False,False,False,False,False,False,False,False,False,False,False,False,False,False,False,False,False,False,False,False,False,True,False,False,False,False,False,False,False,False,False,False,False,False,False,True,False
15.32,13.0,16.0,128.0,4.0,3500.0,169.0,621,4.703838358,2,False,False,False,False,False,False,False,False,False,False,False,False,False,False,False,False,False,False,False,False,False,False,True,False,False,False,False,False,False,False,False,False,False,False,False,False,True,False
15.34,13.0,25.0,128.0,4.0,3700.0,183.0,598,4.783065294,2,False,False,False,False,False,False,False,False,False,False,False,False,False,False,False,False,False,False,False,False,False,False,True,False,False,False,False,False,False,False,False,False,False,False,False,False,True,False
15.34,13.0,25.0,128.0,4.0,3500.0,182.0,452,5.202797165,2,False,False,False,False,False,False,False,False,False,False,False,False,False,False,False,False,False,False,False,False,False,False,True,False,False,False,False,False,False,False,False,False,False,False,False,False,True,False
15.32,13.0,25.0,64.0,4.0,3500.0,169.0,424,4.966613742,2,False,False,False,False,False,False,False,False,False,False,False,False,False,False,False,False,False,False,False,False,False,False,True,False,False,False,False,False,False,False,False,False,False,False,False,False,True,False
15.29,13.0,8.0,32.0,4.0,4230.0,168.0,373,4.711420306,2,False,False,False,False,False,False,False,False,False,False,False,False,False,False,False,False,False,False,False,False,False,False,True,False,False,False,False,False,False,False,False,False,False,False,False,False,True,False
16.31,13.0,16.0,512.0,4.0,3400.0,186.0,623,6.143348374,2,False,False,False,False,False,False,False,False,False,False,False,False,False,False,False,False,False,False,False,False,False,False,True,False,False,False,False,False,False,False,False,False,False,False,False,False,True,False
16.31,13.0,16.0,128.0,4.0,3730.0,186.0,496,4.740400135,2,False,False,False,False,False,False,False,False,False,False,False,False,False,False,False,False,False,False,False,False,False,False,True,False,False,False,False,False,False,False,False,False,False,False,False,False,True,False
15.24,13.0,8.0,64.0,4.0,3410.0,155.0,507,4.775672166,2,False,False,False,False,False,False,False,False,False,False,False,False,False,False,False,False,False,False,False,False,False,False,True,False,False,False,False,False,False,False,False,False,False,False,False,False,True,False
15.29,16.0,8.0,128.0,4.0,3400.0,159.0,444,4.649282761,2,False,False,False,False,False,False,False,False,False,False,False,False,False,False,False,False,False,False,False,False,False,False,True,False,False,False,False,False,False,False,False,False,False,False,False,False,True,False
15.82,16.0,25.0,64.0,4.0,3400.0,158.0,560,5.127113775,2,False,False,False,False,False,False,False,False,False,False,False,False,False,False,False,False,False,False,False,False,False,False,True,False,False,False,False,False,False,False,False,False,False,False,False,False,True,False
15.95,13.0,20.0,128.0,4.0,3430.0,180.0,399,5.361902308,2,False,False,False,False,False,False,False,False,False,False,False,False,False,False,False,False,False,False,False,False,False,False,True,False,False,False,False,False,False,False,False,False,False,False,False,False,True,False
15.95,13.0,20.0,128.0,4.0,3450.0,175.0,702,5.137385412,2,False,False,False,False,False,False,False,False,False,False,False,False,False,False,False,False,False,False,False,False,False,False,True,False,False,False,False,False,False,False,False,False,False,False,False,False,True,False
12.88,13.0,8.0,64.0,4.0,3180.0,143.0,407,4.561427263,2,False,False,False,False,False,False,False,False,False,False,False,False,False,False,False,False,False,False,False,False,False,False,True,False,False,False,False,False,False,False,False,False,False,False,False,False,True,False
12.75,13.0,5.0,16.0,4.0,3000.0,137.0,527,4.174233412,2,False,False,False,False,False,False,False,False,False,False,False,False,False,False,False,False,False,False,False,False,False,False,True,False,False,False,False,False,False,False,False,False,False,False,False,False,True,False
12.88,13.0,8.0,64.0,4.0,3180.0,143.0,443,4.525477417,2,False,False,False,False,False,False,False,False,False,False,False,False,False,False,False,False,False,False,False,False,False,False,True,False,False,False,False,False,False,False,False,False,False,False,False,False,True,False
15.24,13.0,16.0,32.0,4.0,3200.0,152.0,856,4.935768059,3,False,False,False,False,False,False,False,False,False,False,False,False,False,False,False,False,False,False,False,False,False,False,True,False,False,False,False,False,False,False,False,False,False,False,False,False,True,False
15.24,16.0,20.0,64.0,4.0,3200.0,152.0,607,4.915005063,3,False,False,False,False,False,False,False,False,False,False,False,False,False,False,False,False,False,False,False,False,False,False,True,False,False,False,False,False,False,False,False,False,False,False,False,False,True,False
16.33,13.0,20.0,64.0,4.0,4000.0,182.0,710,5.016816153,3,False,False,False,False,False,False,False,False,False,False,False,False,False,False,False,False,False,False,False,False,False,False,True,False,False,False,False,False,False,False,False,False,False,False,False,False,True,False
15.27,13.0,20.0,64.0,4.0,3200.0,153.0,709,5.010501952,3,False,False,False,False,False,False,False,False,False,False,False,False,False,False,False,False,False,False,False,False,False,False,True,False,False,False,False,False,False,False,False,False,False,False,False,False,True,False
12.75,13.0,5.0,16.0,4.0,3000.0,137.0,736,4.523092075,3,False,False,False,False,False,False,False,False,False,False,False,False,False,False,False,False,False,False,False,False,False,False,True,False,False,False,False,False,False,False,False,False,False,False,False,False,True,False
12.83,13.0,16.0,64.0,4.0,3200.0,148.0,648,4.677862871,3,False,False,False,False,False,False,False,False,False,False,False,False,False,False,False,False,False,False,False,False,False,False,True,False,False,False,False,False,False,False,False,False,False,False,False,False,True,False
15.24,13.0,20.0,64.0,4.0,4000.0,188.0,899,4.790736473,3,False,False,False,False,False,False,False,False,False,False,False,False,False,False,False,False,False,False,False,False,False,False,True,False,False,False,False,False,False,False,False,False,False,False,False,False,True,False
12.83,13.0,20.0,128.0,4.0,3000.0,150.0,709,5.154331516,3,False,False,False,False,False,False,False,False,False,False,False,False,False,False,False,False,False,False,False,False,False,False,True,False,False,False,False,False,False,False,False,False,False,False,False,False,True,False
12.83,13.0,16.0,64.0,4.0,3200.0,153.0,707,5.00354354,3,False,False,False,False,False,False,False,False,False,False,False,False,False,False,False,False,False,False,False,False,False,False,True,False,False,False,False,False,False,False,False,False,False,False,False,False,True,False
12.75,13.0,5.0,32.0,4.0,2900.0,147.0,748,4.131319165,3,False,False,False,False,False,False,False,False,False,False,False,False,False,False,False,False,False,False,False,False,False,False,True,False,False,False,False,False,False,False,False,False,False,False,False,False,True,False
12.83,13.0,18.0,64.0,4.0,3200.0,153.0,790,4.64294755,3,False,False,False,False,False,False,False,False,False,False,False,False,False,False,False,False,False,False,False,False,False,False,True,False,False,False,False,False,False,False,False,False,False,False,False,False,True,False
15.24,16.0,18.0,64.0,4.0,4000.0,185.0,863,4.76319905,3,False,False,False,False,False,False,False,False,False,False,False,False,False,False,False,False,False,False,False,False,False,False,True,False,False,False,False,False,False,False,False,False,False,False,False,False,True,False
12.75,13.0,16.0,32.0,4.0,2900.0,147.0,1049,4.562053895,4,False,False,False,False,False,False,False,False,False,False,False,False,False,False,False,False,False,False,False,False,False,False,True,False,False,False,False,False,False,False,False,False,False,False,False,False,True,False
12.83,13.0,16.0,64.0,4.0,3075.0,160.0,1022,4.733563401,4,False,False,False,False,False,False,False,False,False,False,False,False,False,False,False,False,False,False,False,False,False,False,True,False,False,False,False,False,False,False,False,False,False,False,False,False,True,False
15.24,16.0,16.0,64.0,4.0,4000.0,185.0,1065,5.315125318,4,False,False,False,False,False,False,False,False,False,False,False,False,False,False,False,False,False,False,False,False,False,False,True,False,False,False,False,False,False,False,False,False,False,False,False,False,True,False
12.83,16.0,16.0,64.0,4.0,3010.0,145.0,1077,5.089754499,4,False,False,False,False,False,False,False,False,False,False,False,False,False,False,False,False,False,False,False,False,False,False,True,False,False,False,False,False,False,False,False,False,False,False,False,False,True,False
12.7,8.0,5.0,16.0,4.0,2630.0,136.0,578,4.375127893,4,False,False,False,False,False,False,False,False,False,False,False,False,False,False,False,False,False,False,False,False,False,False,True,False,False,False,False,False,False,False,False,False,False,False,False,False,True,False
12.83,13.0,8.0,32.0,4.0,3075.0,160.0,782,4.514479321,4,False,False,False,False,False,False,False,False,False,False,False,False,False,False,False,False,False,False,False,False,False,False,True,False,False,False,False,False,False,False,False,False,False,False,False,False,True,False
15.24,16.0,16.0,64.0,4.0,4120.0,185.0,913,5.356067272,4,False,False,False,False,False,False,False,False,False,False,False,False,False,False,False,False,False,False,False,False,False,False,True,False,False,False,False,False,False,False,False,False,False,False,False,False,True,False
12.83,13.0,16.0,64.0,4.0,2850.0,145.0,613,4.826391892,4,False,False,False,False,False,False,False,False,False,False,False,False,False,False,False,False,False,False,False,False,False,False,True,False,False,False,False,False,False,False,False,False,False,False,False,False,True,False
12.7,13.0,8.0,16.0,4.0,2500.0,134.0,554,4.754279609,4,False,False,False,False,False,False,False,False,False,False,False,False,False,False,False,False,False,False,False,False,False,False,True,False,False,False,False,False,False,False,False,False,False,False,False,False,True,False
12.83,13.0,5.0,16.0,4.0,3075.0,165.0,587,4.500920165,5,False,False,False,False,False,False,False,False,False,False,False,False,False,False,False,False,False,False,False,False,False,False,True,False,False,False,False,False,False,False,False,False,False,False,False,False,True,False
12.7,8.0,5.0,16.0,4.0,2400.0,146.0,669,3.989909544,5,False,False,False,False,False,False,False,False,False,False,False,False,False,False,False,False,False,False,False,False,False,False,True,False,False,False,False,False,False,False,False,False,False,False,False,False,True,False
12.7,8.0,5.0,16.0,4.0,2420.0,141.0,957,4.235120483,5,False,False,False,False,False,False,False,False,False,False,False,False,False,False,False,False,False,False,False,False,False,False,True,False,False,False,False,False,False,False,False,False,False,False,False,False,True,False
12.83,13.0,8.0,32.0,4.0,3070.0,155.0,738,4.456206033,5,False,False,False,False,False,False,False,False,False,False,False,False,False,False,False,False,False,False,False,False,False,False,True,False,False,False,False,False,False,False,False,False,False,False,False,False,True,False
12.7,13.0,8.0,16.0,4.0,2320.0,147.0,909,4.645640119,5,False,False,False,False,False,False,False,False,False,False,False,False,False,False,False,False,False,False,False,False,False,False,True,False,False,False,False,False,False,False,False,False,False,False,False,False,True,False
12.75,13.0,5.0,32.0,4.0,2000.0,155.0,662,4.139158578,5,False,False,False,False,False,False,False,False,False,False,False,False,False,False,False,False,False,False,False,False,False,False,True,False,False,False,False,False,False,False,False,False,False,False,False,False,True,False
12.7,8.0,5.0,16.0,4.0,2420.0,160.0,643,4.056988776,5,False,False,False,False,False,False,False,False,False,False,False,False,False,False,False,False,False,False,False,False,False,False,True,False,False,False,False,False,False,False,False,False,False,False,False,False,True,False
10.29,5.0,2.0,16.0,4.0,2000.0,135.0,593,4.066287964,5,False,False,False,False,False,False,False,False,False,False,False,False,False,False,False,False,False,False,False,False,False,False,True,False,False,False,False,False,False,False,False,False,False,False,False,False,False,False
15.24,13.0,8.0,32.0,4.0,4100.0,192.0,865,4.569024739,5,False,False,False,False,False,False,False,False,False,False,False,False,False,False,False,False,False,False,False,False,False,False,True,False,False,False,False,False,False,False,False,False,False,False,False,False,True,False
12.7,13.0,8.0,16.0,4.0,2320.0,147.0,959,4.917056947,5,False,False,False,False,False,False,False,False,False,False,False,False,False,False,False,False,False,False,False,False,False,False,True,False,False,False,False,False,False,False,False,False,False,False,False,False,True,False
10.29,8.0,2.0,32.0,4.0,2000.0,135.0,578,3.773450356,5,False,False,False,False,False,False,False,False,False,False,False,False,False,False,False,False,False,False,False,False,False,False,True,False,False,False,False,False,False,False,False,False,False,False,False,False,False,False
10.29,8.0,2.0,32.0,4.0,2000.0,135.0,726,4.180369342,5,False,False,False,False,False,False,False,False,False,False,False,False,False,False,False,False,False,False,False,False,False,False,True,False,False,False,False,False,False,False,False,False,False,False,False,False,True,False
10.16,3.15,0.3,16.0,4.0,1700.0,125.0,1076,3.680343123,5,False,False,False,False,False,False,False,False,False,False,False,False,False,False,False,False,False,False,False,False,False,False,True,False,False,False,False,False,False,False,False,False,False,False,False,False,False,False
10.34,8.0,5.0,32.0,4.0,2000.0,130.0,562,4.37298589,5,False,False,False,False,False,False,False,False,False,False,False,False,False,False,False,False,False,False,False,False,False,False,True,False,False,False,False,False,False,False,False,False,False,False,False,False,True,False
10.29,8.0,5.0,32.0,4.0,2000.0,135.0,1011,4.037597828,5,False,False,False,False,False,False,False,False,False,False,False,False,False,False,False,False,False,False,False,False,False,False,True,False,False,False,False,False,False,False,False,False,False,False,False,False,True,False
12.7,13.0,5.0,16.0,4.0,2420.0,130.0,883,4.273187855,5,False,False,False,False,False,False,False,False,False,False,False,False,False,False,False,False,False,False,False,False,False,False,True,False,False,False,False,False,False,False,False,False,False,False,False,False,True,False
12.75,13.0,5.0,16.0,4.0,2000.0,155.0,777,4.094011173,6,False,False,False,False,False,False,False,False,False,False,False,False,False,False,False,False,False,False,False,False,False,False,True,False,False,False,False,False,False,False,False,False,False,False,False,False,True,False
12.83,16.0,16.0,32.0,4.0,3000.0,192.0,703,4.877408617,6,False,False,False,False,False,False,False,False,False,False,False,False,False,False,False,False,False,False,False,False,False,False,True,False,False,False,False,False,False,False,False,False,False,False,False,False,True,False
12.7,13.0,5.0,16.0,4.0,2410.0,140.0,790,4.630545492,6,False,False,False,False,False,False,False,False,False,False,False,False,False,False,False,False,False,False,False,False,False,False,True,False,False,False,False,False,False,False,False,False,False,False,False,False,True,False
10.29,5.0,2.0,16.0,4.0,1900.0,128.0,804,4.098004523,6,False,False,False,False,False,False,False,False,False,False,False,False,False,False,False,False,False,False,False,False,False,False,True,False,False,False,False,False,False,False,False,False,False,False,False,False,False,False
10.34,8.0,2.0,16.0,4.0,2000.0,128.0,682,4.468319003,6,False,False,False,False,False,False,False,False,False,False,False,False,False,False,False,False,False,False,False,False,False,False,True,False,False,False,False,False,False,False,False,False,False,False,False,False,False,False
10.34,5.0,2.0,16.0,4.0,1900.0,145.0,775,4.252344965,6,False,False,False,False,False,False,False,False,False,False,False,False,False,False,False,False,False,False,False,False,False,False,True,False,False,False,False,False,False,False,False,False,False,False,False,False,False,False
10.16,3.15,0.3,16.0,4.0,1700.0,125.0,1028,3.745496055,6,False,False,False,False,False,False,False,False,False,False,False,False,False,False,False,False,False,False,False,False,False,False,True,False,False,False,False,False,False,False,False,False,False,False,False,False,False,False
10.29,5.0,2.0,16.0,4.0,1900.0,132.5,602,3.999850716,6,False,False,False,False,False,False,False,False,False,False,False,False,False,False,False,False,False,False,False,False,False,False,True,False,False,False,False,False,False,False,False,False,False,False,False,False,True,False
12.7,13.0,13.0,16.0,4.0,2140.0,150.0,835,4.522657764,6,False,False,False,False,False,False,False,False,False,False,False,False,False,False,False,False,False,False,False,False,False,False,True,False,False,False,False,False,False,False,False,False,False,False,False,False,True,False
12.7,8.0,5.0,32.0,4.0,2410.0,140.0,678,4.69701984,6,False,False,False,False,False,False,False,False,False,False,False,False,False,False,False,False,False,False,False,False,False,False,True,False,False,False,False,False,False,False,False,False,False,False,False,False,True,False
12.83,13.0,5.0,32.0,4.0,3000.0,171.0,607,4.905200702,6,False,False,False,False,False,False,False,False,False,False,False,False,False,False,False,False,False,False,False,False,False,False,True,False,False,False,False,False,False,False,False,False,False,False,False,False,True,False
12.83,13.0,5.0,16.0,4.0,2800.0,170.0,594,4.704472387,6,False,False,False,False,False,False,False,False,False,False,False,False,False,False,False,False,False,False,False,False,False,False,True,False,False,False,False,False,False,False,False,False,False,False,False,False,True,False
10.29,5.0,2.0,16.0,4.0,1900.0,130.0,992,3.536602019,6,False,False,False,False,False,False,False,False,False,False,False,False,False,False,False,False,False,False,False,False,False,False,True,False,False,False,False,False,False,False,False,False,False,False,False,False,False,False
12.7,8.0,5.0,16.0,4.0,2410.0,140.0,691,4.357862008,7,False,False,False,False,False,False,False,False,False,False,False,False,False,False,False,False,False,False,False,False,False,False,True,False,False,False,False,False,False,False,False,False,False,False,False,False,False,False
12.93,13.0,13.0,16.0,4.0,3610.0,213.0,621,4.844738116,7,False,False,False,False,False,False,False,False,False,False,False,False,False,False,False,False,False,False,False,False,False,False,True,False,False,False,False,False,False,False,False,False,False,False,False,False,False,False
10.34,8.0,1.9,16.0,4.0,2000.0,110.0,860,4.466367783,7,False,False,False,False,False,False,False,False,False,False,False,False,False,False,False,False,False,False,False,False,False,False,True,False,False,False,False,False,False,False,False,False,False,False,False,False,False,False
10.16,3.15,0.3,16.0,4.0,1700.0,140.75,877,4.165113633,7,False,False,False,False,False,False,False,False,False,False,False,False,False,False,False,False,False,False,False,False,False,False,True,False,False,False,False,False,False,False,False,False,False,False,False,False,False,False
10.24,5.0,2.0,16.0,4.0,1700.0,141.5,572,3.704014342,7,False,False,False,False,False,False,False,False,False,False,False,False,False,False,False,False,False,False,False,False,False,False,True,False,False,False,False,False,False,False,False,False,False,False,False,False,False,False
7.7,12.0,8.0,32.0,4.0,800.0,165.0,395,4.881513214,2,False,False,False,False,False,False,False,False,False,False,False,False,False,False,False,False,False,False,False,False,False,False,False,True,False,False,False,False,False,False,False,False,False,False,False,False,True,False
15.72,8.0,8.0,64.0,4.0,4000.0,169.0,487,4.268997904,2,False,False,False,False,False,False,False,False,False,False,False,False,False,False,False,False,False,False,False,False,False,False,False,False,True,False,False,False,False,False,False,False,False,False,False,False,True,False
15.7,8.0,16.0,128.0,4.0,3000.0,195.0,717,4.873057631,2,False,False,False,False,False,False,False,False,False,False,False,False,False,False,False,False,False,False,False,False,False,False,False,False,True,False,False,False,False,False,False,False,False,False,False,False,True,False
12.7,13.0,5.0,32.0,4.0,2500.0,143.0,755,4.076519977,3,False,False,False,False,False,False,False,False,False,False,False,False,False,False,False,False,False,False,False,False,False,False,False,False,True,False,False,False,False,False,False,False,False,False,False,False,True,False
12.83,13.0,5.0,64.0,4.0,3000.0,154.85,643,4.622420539,3,False,False,False,False,False,False,False,False,False,False,False,False,False,False,False,False,False,False,False,False,False,False,False,False,True,False,False,False,False,False,False,False,False,False,False,False,True,False
12.7,13.0,5.0,32.0,4.0,4000.0,163.0,705,4.45225208,3,False,False,False,False,False,False,False,False,False,False,False,False,False,False,False,False,False,False,False,False,False,False,False,False,True,False,False,False,False,False,False,False,False,False,False,False,True,False
12.83,13.0,13.0,32.0,4.0,5000.0,182.0,734,4.464527856,3,False,False,False,False,False,False,False,False,False,False,False,False,False,False,False,False,False,False,False,False,False,False,False,False,True,False,False,False,False,False,False,False,False,False,False,False,True,False
12.7,8.0,5.0,16.0,4.0,2210.0,144.0,710,4.211831258,3,False,False,False,False,False,False,False,False,False,False,False,False,False,False,False,False,False,False,False,False,False,False,False,False,True,False,False,False,False,False,False,False,False,False,False,False,True,False
12.7,8.0,2.0,16.0,4.0,4000.0,146.7,601,3.871201011,3,False,False,False,False,False,False,False,False,False,False,False,False,False,False,False,False,False,False,False,False,False,False,False,False,True,False,False,False,False,False,False,False,False,False,False,False,True,False
12.7,13.0,5.0,16.0,4.0,4000.0,169.0,814,4.429267981,3,False,False,False,False,False,False,False,False,False,False,False,False,False,False,False,False,False,False,False,False,False,False,False,False,True,False,False,False,False,False,False,False,False,False,False,False,True,False
12.83,13.0,5.0,32.0,4.0,3000.0,163.0,924,4.487961985,4,False,False,False,False,False,False,False,False,False,False,False,False,False,False,False,False,False,False,False,False,False,False,False,False,True,False,False,False,False,False,False,False,False,False,False,False,True,False
12.83,13.0,5.0,32.0,4.0,4000.0,193.0,713,4.500476115,3,False,False,False,False,False,False,False,False,False,False,False,False,False,False,False,False,False,False,False,False,False,False,False,False,True,False,False,False,False,False,False,False,False,False,False,False,True,False
12.75,16.0,8.0,32.0,4.0,3000.0,165.0,622,4.282206299,3,False,False,False,False,False,False,False,False,False,False,False,False,False,False,False,False,False,False,False,False,False,False,False,False,True,False,False,False,False,False,False,False,False,False,False,False,True,False
12.83,13.0,5.0,16.0,4.0,3000.0,145.0,866,4.54584472,3,False,False,False,False,False,False,False,False,False,False,False,False,False,False,False,False,False,False,False,False,False,False,False,False,True,False,False,False,False,False,False,False,False,False,False,False,True,False
12.7,13.0,5.0,16.0,4.0,2200.0,133.0,781,4.347564581,3,False,False,False,False,False,False,False,False,False,False,False,False,False,False,False,False,False,False,False,False,False,False,False,False,True,False,False,False,False,False,False,False,False,False,False,False,True,False
12.78,13.0,5.0,16.0,4.0,2600.0,156.0,915,4.237000863,4,False,False,False,False,False,False,False,False,False,False,False,False,False,False,False,False,False,False,False,False,False,False,False,False,True,False,False,False,False,False,False,False,False,False,False,False,True,False
12.83,13.0,5.0,16.0,4.0,2500.0,155.0,924,4.35504077,4,False,False,False,False,False,False,False,False,False,False,False,False,False,False,False,False,False,False,False,False,False,False,False,False,True,False,False,False,False,False,False,False,False,False,False,False,True,False
12.7,8.0,2.0,32.0,4.0,2000.0,126.0,966,3.87245023,4,False,False,False,False,False,False,False,False,False,False,False,False,False,False,False,False,False,False,False,False,False,False,False,False,True,False,False,False,False,False,False,False,False,False,False,False,True,False
12.7,8.0,5.0,16.0,4.0,2800.0,138.0,836,4.357221516,4,False,False,False,False,False,False,False,False,False,False,False,False,False,False,False,False,False,False,False,False,False,False,False,False,True,False,False,False,False,False,False,False,False,False,False,False,True,False
12.7,8.0,5.0,32.0,4.0,2450.0,147.0,835,4.005877581,4,False,False,False,False,False,False,False,False,False,False,False,False,False,False,False,False,False,False,False,False,False,False,False,False,True,False,False,False,False,False,False,False,False,False,False,False,True,False
12.83,16.0,5.0,32.0,4.0,3000.0,142.0,708,4.538602942,4,False,False,False,False,False,False,False,False,False,False,False,False,False,False,False,False,False,False,False,False,False,False,False,False,True,False,False,False,False,False,False,False,False,False,False,False,True,False
12.7,8.0,5.0,16.0,4.0,4000.0,167.5,800,4.241902127,4,False,False,False,False,False,False,False,False,False,False,False,False,False,False,False,False,False,False,False,False,False,False,False,False,True,False,False,False,False,False,False,False,False,False,False,False,True,False
12.83,13.0,5.0,16.0,4.0,2700.0,151.0,569,4.094844437,4,False,False,False,False,False,False,False,False,False,False,False,False,False,False,False,False,False,False,False,False,False,False,False,False,True,False,False,False,False,False,False,False,False,False,False,False,True,False
12.7,8.0,5.0,16.0,4.0,2000.0,151.0,588,4.006605648,4,False,False,False,False,False,False,False,False,False,False,False,False,False,False,False,False,False,False,False,False,False,False,False,False,True,False,False,False,False,False,False,False,False,False,False,False,True,False
12.7,8.0,5.0,16.0,4.0,3200.0,155.0,843,3.848230872,4,False,False,False,False,False,False,False,False,False,False,False,False,False,False,False,False,False,False,False,False,False,False,False,False,True,False,False,False,False,False,False,False,False,False,False,False,False,False
12.7,13.0,5.0,32.0,4.0,2350.0,145.0,796,4.309993432,4,False,False,False,False,False,False,False,False,False,False,False,False,False,False,False,False,False,False,False,False,False,False,False,False,True,False,False,False,False,False,False,False,False,False,False,False,True,False
10.29,5.0,2.0,32.0,4.0,1600.0,151.0,1039,3.698334613,4,False,False,False,False,False,False,False,False,False,False,False,False,False,False,False,False,False,False,False,False,False,False,False,False,True,False,False,False,False,False,False,False,False,False,False,False,False,False
12.83,13.0,5.0,16.0,4.0,2500.0,145.0,976,4.449802099,5,False,False,False,False,False,False,False,False,False,False,False,False,False,False,False,False,False,False,False,False,False,False,False,False,True,False,False,False,False,False,False,False,False,False,False,False,True,False
12.83,13.0,8.0,32.0,4.0,2910.0,141.0,564,4.421487704,5,False,False,False,False,False,False,False,False,False,False,False,False,False,False,False,False,False,False,False,False,False,False,False,False,True,False,False,False,False,False,False,False,False,False,False,False,True,False
12.83,8.0,2.0,32.0,4.0,2500.0,158.0,881,4.02123609,5,False,False,False,False,False,False,False,False,False,False,False,False,False,False,False,False,False,False,False,False,False,False,False,False,True,False,False,False,False,False,False,False,False,False,False,False,True,False
12.7,8.0,2.0,32.0,4.0,2000.0,135.0,887,4.162937354,5,False,False,False,False,False,False,False,False,False,False,False,False,False,False,False,False,False,False,False,False,False,False,False,False,True,False,False,False,False,False,False,False,False,False,False,False,True,False
10.29,5.0,0.3,32.0,4.0,1800.0,138.0,938,3.489513463,5,False,False,False,False,False,False,False,False,False,False,False,False,False,False,False,False,False,False,False,False,False,False,False,False,True,False,False,False,False,False,False,False,False,False,False,False,True,False
12.83,13.0,8.0,16.0,4.0,3500.0,147.0,985,4.583640067,5,False,False,False,False,False,False,False,False,False,False,False,False,False,False,False,False,False,False,False,False,False,False,False,False,True,False,False,False,False,False,False,False,False,False,False,False,True,False
12.7,8.0,5.0,32.0,4.0,2000.0,110.0,836,4.445353485,5,False,False,False,False,False,False,False,False,False,False,False,False,False,False,False,False,False,False,False,False,False,False,False,False,True,False,False,False,False,False,False,False,False,False,False,False,True,False
10.34,8.0,5.0,32.0,4.0,1980.0,135.0,567,4.188745238,5,False,False,False,False,False,False,False,False,False,False,False,False,False,False,False,False,False,False,False,False,False,False,False,False,True,False,False,False,False,False,False,False,False,False,False,False,False,False
12.7,13.0,5.0,16.0,4.0,2500.0,131.0,968,4.462915138,5,False,False,False,False,False,False,False,False,False,False,False,False,False,False,False,False,False,False,False,False,False,False,False,False,True,False,False,False,False,False,False,False,False,False,False,False,True,False
12.7,8.0,5.0,32.0,4.0,2100.0,135.0,978,4.383275854,6,False,False,False,False,False,False,False,False,False,False,False,False,False,False,False,False,False,False,False,False,False,False,False,False,True,False,False,False,False,False,False,False,False,False,False,False,False,False
15.24,8.0,2.0,16.0,4.0,2800.0,173.8,684,4.000583182,6,False,False,False,False,False,False,False,False,False,False,False,False,False,False,False,False,False,False,False,False,False,False,False,False,True,False,False,False,False,False,False,False,False,False,False,False,False,False
10.16,5.0,2.0,32.0,4.0,1500.0,117.0,787,3.478775516,6,False,False,False,False,False,False,False,False,False,False,False,False,False,False,False,False,False,False,False,False,False,False,False,False,True,False,False,False,False,False,False,False,False,False,False,False,False,False
12.83,8.0,2.0,16.0,4.0,2500.0,148.0,941,3.859044081,6,False,False,False,False,False,False,False,False,False,False,False,False,False,False,False,False,False,False,False,False,False,False,False,False,True,False,False,False,False,False,False,False,False,False,False,False,False,False
12.7,8.0,2.0,32.0,4.0,2000.0,155.0,758,4.263102323,6,False,False,False,False,False,False,False,False,False,False,False,False,False,False,False,False,False,False,False,False,False,False,False,False,True,False,False,False,False,False,False,False,False,False,False,False,False,False
10.34,20.1,1.1,16.0,4.0,2600.0,204.0,1043,4.294424174,6,False,False,False,False,False,False,False,False,False,False,False,False,False,False,False,False,False,False,False,False,False,False,False,False,True,False,False,False,False,False,False,False,False,False,False,False,True,False
12.7,8.0,1.3,16.0,4.0,2000.0,115.0,635,3.953548752,6,False,False,False,False,False,False,False,False,False,False,False,False,False,False,False,False,False,False,False,False,False,False,False,False,True,False,False,False,False,False,False,False,False,False,False,False,False,False
12.7,13.0,2.0,16.0,4.0,2500.0,141.0,1089,4.678606504,6,False,False,False,False,False,False,False,False,False,False,False,False,False,False,False,False,False,False,False,False,False,False,False,False,True,False,False,False,False,False,False,False,False,False,False,False,False,False
12.83,13.0,2.0,32.0,4.0,2500.0,141.0,996,4.583333491,6,False,False,False,False,False,False,False,False,False,False,False,False,False,False,False,False,False,False,False,False,False,False,False,False,True,False,False,False,False,False,False,False,False,False,False,False,False,False
10.16,3.15,0.3,16.0,4.0,1300.0,120.0,707,3.437207819,7,False,False,False,False,False,False,False,False,False,False,False,False,False,False,False,False,False,False,False,False,False,False,False,False,True,False,False,False,False,False,False,False,False,False,False,False,False,False
12.7,8.0,1.3,16.0,4.0,2500.0,135.0,967,3.788951008,7,False,False,False,False,False,False,False,False,False,False,False,False,False,False,False,False,False,False,False,False,False,False,False,False,True,False,False,False,False,False,False,False,False,False,False,False,False,False
12.7,8.0,2.0,32.0,4.0,2000.0,133.0,1014,4.330996464,6,False,False,False,False,False,False,False,False,False,False,False,False,False,False,False,False,False,False,False,False,False,False,False,False,True,False,False,False,False,False,False,False,False,False,False,False,False,False
7.62,3.15,0.3,256.0,0.25,1030.0,102.0,997,4.309321524,7,False,False,False,False,False,False,False,False,False,False,False,False,False,False,False,False,False,False,False,False,False,False,False,True,False,False,False,False,False,False,False,False,False,True,False,False,False,False
10.36,12.6,2.0,16.0,4.0,2100.0,135.0,731,4.028916757,7,False,False,False,False,False,False,False,False,False,False,False,False,False,False,False,False,False,False,False,False,False,False,False,True,False,False,False,False,False,False,False,False,False,False,False,False,True,False
10.16,5.0,2.0,16.0,4.0,1400.0,125.0,844,3.467921014,6,False,False,False,False,False,False,False,False,False,False,False,False,False,False,False,False,False,False,False,False,False,False,False,True,False,False,False,False,False,False,False,False,False,False,False,False,False,False
12.7,5.0,0.3,1024.0,4.0,2200.0,170.0,584,4.07090533,7,False,False,False,False,False,False,False,False,False,False,False,False,False,False,False,False,False,False,False,False,False,False,False,True,False,False,False,False,False,False,False,False,False,False,False,False,False,False
12.7,13.0,0.3,16.0,4.0,3300.0,200.0,1018,4.695102293,7,False,False,False,False,False,False,False,False,False,False,False,False,False,False,False,False,False,False,False,False,False,False,False,True,False,False,False,False,False,False,False,False,False,False,False,False,False,False
10.29,8.0,0.3,16.0,4.0,2400.0,154.0,1068,4.393584584,7,False,False,False,False,False,False,False,False,False,False,False,False,False,False,False,False,False,False,False,False,False,False,False,True,False,False,False,False,False,False,False,False,False,False,False,False,False,False
12.7,8.0,2.0,32.0,4.0,2000.0,150.0,968,4.383275854,6,False,False,False,False,False,False,False,False,False,False,False,False,False,False,False,False,False,False,False,False,False,False,False,True,False,False,False,False,False,False,False,False,False,False,True,False,False,False
10.16,8.0,0.3,16.0,4.0,2000.0,150.0,913,3.873490056,6,False,False,False,False,False,False,False,False,False,False,False,False,False,False,False,False,False,False,False,False,False,False,False,True,False,False,False,False,False,False,False,False,False,False,True,False,False,False
10.16,3.15,0.3,16.0,4.0,1500.0,120.0,557,3.513334882,7,False,False,False,False,False,False,False,False,False,False,False,False,False,False,False,False,False,False,False,False,False,False,False,True,False,False,False,False,False,False,False,False,False,False,False,False,False,False
10.24,8.0,1.2,16.0,4.0,2000.0,140.0,847,4.05161102,7,False,False,False,False,False,False,False,False,False,False,False,False,False,False,False,False,False,False,False,False,False,False,False,True,False,False,False,False,False,False,False,False,False,False,False,False,False,False
10.16,8.0,0.3,16.0,4.0,1700.0,132.0,588,3.733135545,7,False,False,False,False,False,False,False,False,False,False,False,False,False,False,False,False,False,False,False,False,False,False,False,True,False,False,False,False,False,False,False,False,False,False,False,False,False,False
12.78,8.0,1.2,16.0,4.0,2100.0,140.0,744,4.044103346,7,False,False,False,False,False,False,False,False,False,False,False,False,False,False,False,False,False,False,False,False,False,False,False,True,False,False,False,False,False,False,False,False,False,False,False,False,False,False
12.7,8.0,2.0,16.0,4.0,2000.0,130.0,903,4.337160013,7,False,False,False,False,False,False,False,False,False,False,False,False,False,False,False,False,False,False,False,False,False,False,False,True,False,False,False,False,False,False,False,False,False,False,False,False,False,False
12.7,5.0,0.3,16.0,4.0,2200.0,199.0,783,4.099332104,7,False,False,False,False,False,False,False,False,False,False,False,False,False,False,False,False,False,False,False,False,False,False,False,True,False,False,False,False,False,False,False,False,False,False,False,False,False,False
10.29,8.0,0.3,16.0,4.0,1800.0,134.0,1010,4.080414657,7,False,False,False,False,False,False,False,False,False,False,False,False,False,False,False,False,False,False,False,False,False,False,False,True,False,False,False,False,False,False,False,False,False,False,False,False,False,False
10.29,8.0,0.3,16.0,4.0,1850.0,158.0,703,3.892024359,7,False,False,False,False,False,False,False,False,False,False,False,False,False,False,False,False,False,False,False,False,False,False,False,True,False,False,False,False,False,False,False,False,False,False,False,False,False,False
10.24,8.0,0.3,16.0,4.0,1500.0,133.0,712,3.925531355,7,False,False,False,False,False,False,False,False,False,False,False,False,False,False,False,False,False,False,False,False,False,False,False,True,False,False,False,False,False,False,False,False,False,False,False,False,False,False
10.24,5.0,0.3,16.0,4.0,1500.0,190.0,786,3.93808054,7,False,False,False,False,False,False,False,False,False,False,False,False,False,False,False,False,False,False,False,False,False,False,False,True,False,False,False,False,False,False,False,False,False,False,False,False,False,False
10.16,8.0,0.3,16.0,4.0,2500.0,134.0,1052,3.922369297,7,False,False,False,False,False,False,False,False,False,False,False,False,False,False,False,False,False,False,False,False,False,False,False,True,False,False,False,False,False,False,False,False,False,False,False,False,False,False
10.16,8.0,0.3,16.0,4.0,1500.0,124.0,919,3.890390705,7,False,False,False,False,False,False,False,False,False,False,False,False,False,False,False,False,False,False,False,False,False,False,False,True,False,False,False,False,False,False,False,False,False,False,False,False,False,False
10.16,5.0,0.3,16.0,4.0,1500.0,180.0,706,3.65351131,7,False,False,False,False,False,False,False,False,False,False,False,False,False,False,False,False,False,False,False,False,False,False,False,True,False,False,False,False,False,False,False,False,False,False,False,False,False,False
7.75,3.15,0.3,16.0,4.0,2000.0,130.0,686,3.441058915,7,False,False,False,False,False,False,False,False,False,False,False,False,False,False,False,False,False,False,False,False,False,False,False,True,False,False,False,False,False,False,False,False,False,False,False,False,False,False
17.78,2.0,0.3,32.0,4.0,4000.0,305.0,657,4.244056835,7,False,False,False,False,False,False,False,False,False,False,False,False,False,False,False,False,False,False,False,False,False,False,False,True,False,False,False,False,False,False,False,False,False,False,False,False,False,False
17.78,2.0,0.3,16.0,4.0,3200.0,305.0,783,4.216709677,7,False,False,False,False,False,False,False,False,False,False,False,False,False,False,False,False,False,False,False,False,False,False,False,True,False,False,False,False,False,False,False,False,False,False,False,False,False,False
17.78,0.3,0.3,16.0,4.0,3200.0,305.0,972,3.947003974,7,False,False,False,False,False,False,False,False,False,False,False,False,False,False,False,False,False,False,False,False,False,False,False,True,False,False,False,False,False,False,False,False,False,False,False,False,False,False
17.78,0.3,0.3,32.0,4.0,3200.0,305.0,884,4.02820476,7,False,False,False,False,False,False,False,False,False,False,False,False,False,False,False,False,False,False,False,False,False,False,False,True,False,False,False,False,False,False,False,False,False,False,False,False,False,False
17.78,0.3,0.3,16.0,4.0,3000.0,326.0,626,4.176231722,7,False,False,False,False,False,False,False,False,False,False,False,False,False,False,False,False,False,False,False,False,False,False,False,True,False,False,False,False,False,False,False,False,False,False,False,False,False,False
15.24,24.0,8.0,64.0,4.0,3500.0,210.0,561,4.644102396,5,False,False,False,False,False,False,False,False,False,False,False,False,False,False,False,False,False,False,False,False,False,False,False,True,False,False,False,False,False,False,False,False,False,False,False,False,True,False
10.36,8.0,8.0,32.0,4.0,2500.0,154.0,652,4.033886593,5,False,False,False,False,False,False,False,False,False,False,False,False,False,False,False,False,False,False,False,False,False,False,False,True,False,False,False,False,False,False,False,False,False,False,False,False,False,False
10.36,8.0,5.0,16.0,4.0,2000.0,97.0,1085,3.988613608,5,False,False,False,False,False,False,False,False,False,False,False,False,False,False,False,False,False,False,False,False,False,False,False,True,False,False,False,False,False,False,False,False,False,False,False,False,True,False
10.29,5.0,2.0,32.0,4.0,2500.0,138.0,890,4.057853454,5,False,False,False,False,False,False,False,False,False,False,False,False,False,False,False,False,False,False,False,False,False,False,False,True,False,False,False,False,False,False,False,False,False,False,False,False,False,False
12.7,5.0,5.0,32.0,4.0,2000.0,152.0,827,3.94022166,5,False,False,False,False,False,False,False,False,False,False,False,False,False,False,False,False,False,False,False,False,False,False,False,True,False,False,False,False,False,False,False,False,False,False,False,False,False,False
5.18,0.3,2.0,32.0,0.25,2500.0,154.0,706,2.93385687,5,False,False,False,False,False,False,False,False,False,False,False,False,False,False,False,False,False,False,False,False,False,False,False,True,False,False,False,False,False,False,False,False,False,True,False,False,False,False
10.16,0.3,0.3,16.0,4.0,2500.0,154.0,641,3.159550359,5,False,False,False,False,False,False,False,False,False,False,False,False,False,False,False,False,False,False,False,False,False,False,False,True,False,False,False,False,False,False,False,False,False,False,False,False,False,False
10.16,2.0,0.3,16.0,4.0,2500.0,154.0,737,3.504956616,5,False,False,False,False,False,False,False,False,False,False,False,False,False,False,False,False,False,False,False,False,False,False,False,True,False,False,False,False,False,False,False,False,False,False,False,False,False,False
12.7,13.0,5.0,16.0,4.0,2500.0,154.0,813,4.259293869,5,False,False,False,False,False,False,False,False,False,False,False,False,False,False,False,False,False,False,False,False,False,False,False,True,False,False,False,False,False,False,False,False,False,False,False,False,True,False
19.94,5.0,2.0,32.0,4.0,2500.0,154.0,761,3.941775964,5,False,False,False,False,False,False,False,False,False,False,False,False,False,False,False,False,False,False,False,False,False,False,False,True,False,False,False,False,False,False,False,False,False,False,False,False,False,False
5.28,2.0,0.3,128.0,0.25,2500.0,154.0,746,3.612808017,5,False,False,False,False,False,False,False,False,False,False,False,False,False,False,False,False,False,False,False,False,False,False,False,True,False,False,False,False,False,False,False,False,False,True,False,False,False,False
10.34,8.0,2.0,32.0,4.0,2500.0,151.0,1087,3.708927149,5,False,False,False,False,False,False,False,False,False,False,False,False,False,False,False,False,False,False,False,False,False,False,False,True,False,False,False,False,False,False,False,False,False,False,False,False,False,False
12.7,5.0,2.0,32.0,4.0,2500.0,150.0,767,3.632309103,5,False,False,False,False,False,False,False,False,False,False,False,False,False,False,False,False,False,False,False,False,False,False,False,True,False,False,False,False,False,False,False,False,False,False,False,False,False,False
12.83,13.0,5.0,16.0,4.0,2820.0,154.0,699,4.200804473,5,False,False,False,False,False,False,False,False,False,False,False,False,False,False,False,False,False,False,False,False,False,False,False,True,False,False,False,False,False,False,False,False,False,False,False,False,True,False
10.29,5.0,2.0,32.0,4.0,2500.0,154.0,570,3.598133841,5,False,False,False,False,False,False,False,False,False,False,False,False,False,False,False,False,False,False,False,False,False,False,False,True,False,False,False,False,False,False,False,False,False,False,False,False,False,False
12.7,8.0,5.0,32.0,4.0,2500.0,154.0,1082,3.99654796,5,False,False,False,False,False,False,False,False,False,False,False,False,False,False,False,False,False,False,False,False,False,False,False,True,False,False,False,False,False,False,False,False,False,False,False,False,True,False
12.7,8.0,2.0,32.0,4.0,2500.0,180.0,816,4.097672352,5,False,False,False,False,False,False,False,False,False,False,False,False,False,False,False,False,False,False,False,False,False,False,False,True,False,False,False,False,False,False,False,False,False,False,False,False,False,False
10.16,5.0,0.3,16.0,4.0,2500.0,154.0,930,3.740285242,5,False,False,False,False,False,False,False,False,False,False,False,False,False,False,False,False,False,False,False,False,False,False,False,True,False,False,False,False,False,False,False,False,False,False,True,False,False,False
12.7,13.0,5.0,16.0,4.0,2400.0,120.0,658,4.343025897,5,False,False,False,False,False,False,False,False,False,False,False,False,False,False,False,False,False,False,False,False,False,False,False,True,False,False,False,False,False,False,False,False,False,False,False,False,True,False
12.7,13.0,5.0,16.0,4.0,2500.0,158.0,903,4.434381865,5,False,False,False,False,False,False,False,False,False,False,False,False,False,False,False,False,False,False,False,False,False,False,False,True,False,False,False,False,False,False,False,False,False,False,False,False,False,False
10.16,5.0,0.3,32.0,4.0,2500.0,154.0,575,3.661251287,5,False,False,False,False,False,False,False,False,False,False,False,False,False,False,False,False,False,False,False,False,False,False,False,True,False,False,False,False,False,False,False,False,False,False,False,False,False,False
10.36,8.0,5.0,16.0,4.0,2050.0,97.7,962,4.45423101,5,False,False,False,False,False,False,False,False,False,False,False,False,False,False,False,False,False,False,False,False,False,False,False,True,False,False,False,False,False,False,False,False,False,False,False,False,False,False
12.7,8.0,2.0,32.0,4.0,2500.0,154.0,995,4.013134507,5,False,False,False,False,False,False,False,False,False,False,False,False,False,False,False,False,False,False,False,False,False,False,False,True,False,False,False,False,False,False,False,False,False,False,False,False,False,False
10.34,8.0,5.0,16.0,4.0,2500.0,119.0,724,3.787819402,5,False,False,False,False,False,False,False,False,False,False,False,False,False,False,False,False,False,False,False,False,False,False,False,True,False,False,False,False,False,False,False,False,False,False,False,False,True,False
10.34,5.0,2.0,32.0,4.0,2500.0,154.0,1023,4.017103482,5,False,False,False,False,False,False,False,False,False,False,False,False,False,False,False,False,False,False,False,False,False,False,False,True,False,False,False,False,False,False,False,False,False,False,False,False,True,False
12.7,8.0,2.0,16.0,4.0,2500.0,154.0,601,3.809547214,5,False,False,False,False,False,False,False,False,False,False,False,False,False,False,False,False,False,False,False,False,False,False,False,True,False,False,False,False,False,False,False,False,False,False,False,False,False,False
12.7,8.0,2.0,32.0,4.0,2500.0,154.0,766,4.030339232,5,False,False,False,False,False,False,False,False,False,False,False,False,False,False,False,False,False,False,False,False,False,False,False,True,False,False,False,False,False,False,False,False,False,False,False,False,False,False
12.7,13.0,5.0,16.0,4.0,2500.0,154.0,1007,4.327966358,5,False,False,False,False,False,False,False,False,False,False,False,False,False,False,False,False,False,False,False,False,False,False,False,True,False,False,False,False,False,False,False,False,False,False,False,False,False,False
10.16,5.0,0.3,16.0,4.0,2500.0,154.0,1009,3.897112393,5,False,False,False,False,False,False,False,False,False,False,False,False,False,False,False,False,False,False,False,False,False,False,False,True,False,False,False,False,False,False,False,False,False,False,False,False,False,False
10.16,5.0,0.3,16.0,4.0,2500.0,154.0,1052,3.684118137,5,False,False,False,False,False,False,False,False,False,False,False,False,False,False,False,False,False,False,False,False,False,False,False,True,False,False,False,False,False,False,False,False,False,False,False,False,False,False
12.7,5.0,0.3,32.0,4.0,2500.0,154.0,667,3.891820298,5,False,False,False,False,False,False,False,False,False,False,False,False,False,False,False,False,False,False,False,False,False,False,False,True,False,False,False,False,False,False,False,False,False,False,False,False,False,False
10.34,8.0,2.0,32.0,4.0,2500.0,154.0,579,4.26394668,5,False,False,False,False,False,False,False,False,False,False,False,False,False,False,False,False,False,False,False,False,False,False,False,True,False,False,False,False,False,False,False,False,False,False,False,False,False,False
10.29,8.0,2.0,32.0,4.0,2100.0,150.0,616,3.784644076,6,False,False,False,False,False,False,False,False,False,False,False,False,False,False,False,False,False,False,False,False,False,False,False,True,False,False,False,False,False,False,False,False,False,False,False,False,False,False
10.29,5.0,0.3,32.0,4.0,2100.0,150.0,661,3.656097965,6,False,False,False,False,False,False,False,False,False,False,False,False,False,False,False,False,False,False,False,False,False,False,False,True,False,False,False,False,False,False,False,False,False,False,False,False,False,False
10.16,3.15,0.3,16.0,4.0,2100.0,150.0,1043,3.456947397,6,False,False,False,False,False,False,False,False,False,False,False,False,False,False,False,False,False,False,False,False,False,False,False,True,False,False,False,False,False,False,False,False,False,False,False,False,False,False
10.29,8.0,2.0,32.0,4.0,2100.0,150.0,708,3.909820582,6,False,False,False,False,False,False,False,False,False,False,False,False,False,False,False,False,False,False,False,False,False,False,False,True,False,False,False,False,False,False,False,False,False,False,False,False,False,False
10.34,8.0,2.0,32.0,4.0,2100.0,150.0,1026,3.929666441,6,False,False,False,False,False,False,False,False,False,False,False,False,False,False,False,False,False,False,False,False,False,False,False,True,False,False,False,False,False,False,False,False,False,False,False,False,False,False
5.18,0.3,2.0,64.0,0.25,2100.0,150.0,617,2.033397603,6,False,False,False,False,False,False,False,False,False,False,False,False,False,False,False,False,False,False,False,False,False,False,False,True,False,False,False,False,False,False,False,False,False,True,False,False,False,False
10.29,5.0,2.0,32.0,4.0,2100.0,150.0,839,4.034063631,6,False,False,False,False,False,False,False,False,False,False,False,False,False,False,False,False,False,False,False,False,False,False,False,True,False,False,False,False,False,False,False,False,False,False,False,False,False,False
12.7,8.0,2.0,32.0,4.0,2100.0,150.0,606,4.110545942,6,False,False,False,False,False,False,False,False,False,False,False,False,False,False,False,False,False,False,False,False,False,False,False,True,False,False,False,False,False,False,False,False,False,False,False,False,False,False
10.34,8.0,2.0,16.0,4.0,2100.0,150.0,1009,3.838161157,6,False,False,False,False,False,False,False,False,False,False,False,False,False,False,False,False,False,False,False,False,False,False,False,True,False,False,False,False,False,False,False,False,False,False,False,False,False,False
5.18,0.3,2.0,32.0,0.25,2100.0,150.0,789,2.323367632,6,False,False,False,False,False,False,False,False,False,False,False,False,False,False,False,False,False,False,False,False,False,False,False,True,False,False,False,False,False,False,False,False,False,True,False,False,False,False
10.08,3.15,0.3,512.0,0.25,2100.0,150.0,818,3.100542638,6,False,False,False,False,False,False,False,False,False,False,False,False,False,False,False,False,False,False,False,False,False,False,False,True,False,False,False,False,False,False,False,False,False,False,False,False,False,False
12.7,8.0,2.0,32.0,4.0,2100.0,150.0,665,4.210793375,6,False,False,False,False,False,False,False,False,False,False,False,False,False,False,False,False,False,False,False,False,False,False,False,True,False,False,False,False,False,False,False,False,False,False,False,False,False,False
7.67,0.3,2.0,128.0,0.25,2100.0,150.0,555,2.396985768,6,False,False,False,False,False,False,False,False,False,False,False,False,False,False,False,False,False,False,False,False,False,False,False,True,False,False,False,False,False,False,False,False,False,True,False,False,False,False
10.16,5.0,0.3,16.0,4.0,2100.0,150.0,1008,3.774139298,6,False,False,False,False,False,False,False,False,False,False,False,False,False,False,False,False,False,False,False,False,False,False,False,True,False,False,False,False,False,False,False,False,False,False,False,False,False,False
12.83,16.0,8.0,16.0,4.0,2500.0,150.0,706,4.247065649,6,False,False,False,False,False,False,False,False,False,False,False,False,False,False,False,False,False,False,False,False,False,False,False,True,False,False,False,False,False,False,False,False,False,False,False,False,False,False
12.7,13.0,5.0,16.0,4.0,2100.0,150.0,823,4.176385273,6,False,False,False,False,False,False,False,False,False,False,False,False,False,False,False,False,False,False,False,False,False,False,False,True,False,False,False,False,False,False,False,False,False,False,False,False,False,False
12.7,13.0,5.0,16.0,4.0,2300.0,133.0,953,4.021415382,6,False,False,False,False,False,False,False,False,False,False,False,False,False,False,False,False,False,False,False,False,False,False,False,True,False,False,False,False,False,False,False,False,False,False,False,False,False,False
10.16,5.0,0.3,16.0,4.0,2100.0,150.0,569,3.75490125,6,False,False,False,False,False,False,False,False,False,False,False,False,False,False,False,False,False,False,False,False,False,False,False,True,False,False,False,False,False,False,False,False,False,False,False,False,False,False
5.23,2.0,2.0,64.0,0.25,2100.0,150.0,884,3.216873822,6,False,False,False,False,False,False,False,False,False,False,False,False,False,False,False,False,False,False,False,False,False,False,False,True,False,False,False,False,False,False,False,False,False,True,False,False,False,False
7.75,2.0,0.3,512.0,0.25,2100.0,150.0,848,3.131136911,6,False,False,False,False,False,False,False,False,False,False,False,False,False,False,False,False,False,False,False,False,False,False,False,True,False,False,False,False,False,False,False,False,False,False,False,False,False,False
12.7,8.0,2.0,16.0,4.0,2100.0,167.0,855,4.044103346,6,False,False,False,False,False,False,False,False,False,False,False,False,False,False,False,False,False,False,False,False,False,False,False,True,False,False,False,False,False,False,False,False,False,False,False,False,False,False
10.29,5.0,2.0,32.0,4.0,2100.0,88.2,988,3.649098584,6,False,False,False,False,False,False,False,False,False,False,False,False,False,False,False,False,False,False,False,False,False,False,False,True,False,False,False,False,False,False,False,False,False,False,False,False,False,False
10.29,3.15,0.3,16.0,4.0,2100.0,150.0,876,3.344274234,6,False,False,False,False,False,False,False,False,False,False,False,False,False,False,False,False,False,False,False,False,False,False,False,True,False,False,False,False,False,False,False,False,False,False,False,False,False,False
10.29,5.0,0.3,16.0,4.0,2100.0,150.0,981,3.63072054,6,False,False,False,False,False,False,False,False,False,False,False,False,False,False,False,False,False,False,False,False,False,False,False,True,False,False,False,False,False,False,False,False,False,False,False,False,False,False
10.34,5.0,2.0,16.0,4.0,2100.0,150.0,924,3.864721732,6,False,False,False,False,False,False,False,False,False,False,False,False,False,False,False,False,False,False,False,False,False,False,False,True,False,False,False,False,False,False,False,False,False,False,False,False,False,False
10.29,8.0,2.0,16.0,4.0,2100.0,150.0,1014,3.696103299,6,False,False,False,False,False,False,False,False,False,False,False,False,False,False,False,False,False,False,False,False,False,False,False,True,False,False,False,False,False,False,False,False,False,False,False,False,False,False
12.88,12.0,5.0,16.0,4.0,2100.0,220.0,768,4.17776617,6,False,False,False,False,False,False,False,False,False,False,False,False,False,False,False,False,False,False,False,False,False,False,False,True,False,False,False,False,False,False,False,False,False,False,False,False,False,False
12.7,13.0,5.0,32.0,4.0,2000.0,154.5,834,4.326513925,7,False,False,False,False,False,False,False,False,False,False,False,False,False,False,False,False,False,False,False,False,False,False,False,True,False,False,False,False,False,False,False,False,False,False,False,False,False,False
10.36,8.0,5.0,16.0,4.0,2000.0,135.0,681,4.511957804,7,False,False,False,False,False,False,False,False,False,False,False,False,False,False,False,False,False,False,False,False,False,False,False,True,False,False,False,False,False,False,False,False,False,False,False,False,False,False
12.7,5.0,0.3,16.0,4.0,2000.0,154.5,1041,4.043577445,7,False,False,False,False,False,False,False,False,False,False,False,False,False,False,False,False,False,False,False,False,False,False,False,True,False,False,False,False,False,False,False,False,False,False,False,False,False,False
11.81,8.0,1.0,16.0,4.0,2000.0,154.5,655,4.067487108,7,False,False,False,False,False,False,False,False,False,False,False,False,False,False,False,False,False,False,False,False,False,False,False,True,False,False,False,False,False,False,False,False,False,False,False,False,False,False
10.29,5.0,0.3,16.0,4.0,2000.0,154.5,976,3.726897521,7,False,False,False,False,False,False,False,False,False,False,False,False,False,False,False,False,False,False,False,False,False,False,False,True,False,False,False,False,False,False,False,False,False,False,False,False,False,False
14.53,12.0,8.0,64.0,4.0,4000.0,220.0,630,5.320078858,2,False,False,False,False,False,False,False,False,False,False,False,False,False,False,False,False,False,False,False,False,False,False,False,True,False,False,False,False,False,False,False,False,False,False,False,False,True,False
12.88,13.0,8.0,64.0,4.0,4000.0,197.0,565,4.349503443,3,False,False,False,False,False,False,False,False,False,False,False,False,False,False,False,False,False,False,False,False,False,False,False,True,False,False,False,False,False,False,False,False,False,False,False,False,True,False
15.32,13.0,25.0,64.0,4.0,3500.0,168.0,422,4.836678654,2,False,False,False,False,False,False,False,False,False,False,False,False,False,False,False,False,False,False,False,False,False,False,False,False,False,True,False,False,False,False,False,False,False,False,False,False,True,False
15.32,13.0,16.0,128.0,4.0,3500.0,174.0,574,4.998225274,2,False,False,False,False,False,False,False,False,False,False,False,False,False,False,False,False,False,False,False,False,False,False,False,False,False,True,False,False,False,False,False,False,False,False,False,False,True,False
15.29,13.0,5.0,16.0,4.0,4230.0,168.0,416,4.335066046,2,False,False,False,False,False,False,False,False,False,False,False,False,False,False,False,False,False,False,False,False,False,False,False,False,False,True,False,False,False,False,False,False,False,False,False,False,True,False
15.29,13.0,8.0,64.0,4.0,4230.0,168.0,562,4.614328124,2,False,False,False,False,False,False,False,False,False,False,False,False,False,False,False,False,False,False,False,False,False,False,False,False,False,True,False,False,False,False,False,False,False,False,False,False,True,False
15.24,13.0,8.0,128.0,4.0,3410.0,155.0,674,4.668802046,2,False,False,False,False,False,False,False,False,False,False,False,False,False,False,False,False,False,False,False,False,False,False,False,False,False,True,False,False,False,False,False,False,False,False,False,False,True,False
15.34,12.0,9.0,1024.0,4.0,4100.0,175.0,291,5.569717606,1,False,False,False,False,False,False,False,False,False,False,False,False,False,False,False,False,False,False,False,False,False,False,False,False,False,False,True,False,False,False,False,False,False,False,False,False,True,False
15.27,12.0,10.0,128.0,4.0,3400.0,157.0,525,5.55597828,1,False,False,False,False,False,False,False,False,False,False,False,False,False,False,False,False,False,False,False,False,False,False,False,False,False,False,True,False,False,False,False,False,False,False,False,False,True,False
12.9,12.0,10.0,256.0,4.0,3100.0,150.0,505,4.73523307,1,False,False,False,False,False,False,False,False,False,False,False,False,False,False,False,False,False,False,False,False,False,False,False,False,False,False,True,False,False,False,False,False,False,False,False,False,True,False
17.86,12.0,9.0,512.0,4.0,4380.0,263.0,428,5.978657891,1,False,False,False,False,False,False,False,False,False,False,False,False,False,False,False,False,False,False,False,False,False,False,False,False,False,False,True,False,False,False,False,False,False,False,False,False,True,False
12.7,5.0,5.0,32.0,4.0,2600.0,169.0,526,3.891412052,1,False,False,False,False,False,False,False,False,False,False,False,False,False,False,False,False,False,False,False,False,False,False,False,False,False,False,True,False,False,False,False,False,False,False,False,False,True,False
15.34,12.0,16.0,128.0,4.0,5000.0,174.0,363,4.597541159,1,False,False,False,False,False,False,False,False,False,False,False,False,False,False,False,False,False,False,False,False,False,False,False,False,False,False,True,False,False,False,False,False,False,False,False,False,True,False
15.32,12.0,8.0,64.0,4.0,5000.0,186.0,302,4.587617027,1,False,False,False,False,False,False,False,False,False,False,False,False,False,False,False,False,False,False,False,False,False,False,False,False,False,False,True,False,False,False,False,False,False,False,False,False,True,False
15.8,12.0,5.0,32.0,4.0,3400.0,163.0,190,4.236278058,1,False,False,False,False,False,False,False,False,False,False,False,False,False,False,False,False,False,False,False,False,False,False,False,False,False,False,True,False,False,False,False,False,False,False,False,False,True,False
15.42,12.0,9.0,128.0,4.0,3700.0,169.0,291,5.100597868,1,False,False,False,False,False,False,False,False,False,False,False,False,False,False,False,False,False,False,False,False,False,False,False,False,False,False,True,False,False,False,False,False,False,False,False,False,True,False
15.42,12.0,32.0,128.0,4.0,4500.0,183.0,298,5.242910359,1,False,False,False,False,False,False,False,False,False,False,False,False,False,False,False,False,False,False,False,False,False,False,False,False,False,False,True,False,False,False,False,False,False,False,False,False,True,False
15.32,12.0,32.0,128.0,4.0,3500.0,169.0,339,4.865378281,1,False,False,False,False,False,False,False,False,False,False,False,False,False,False,False,False,False,False,False,False,False,False,False,False,False,False,True,False,False,False,False,False,False,False,False,False,True,False
15.34,12.0,25.0,128.0,4.0,4000.0,166.0,377,4.824626949,1,False,False,False,False,False,False,False,False,False,False,False,False,False,False,False,False,False,False,False,False,False,False,False,False,False,False,True,False,False,False,False,False,False,False,False,False,True,False
12.93,12.0,25.0,64.0,4.0,3100.0,140.0,355,4.884996482,1,False,False,False,False,False,False,False,False,False,False,False,False,False,False,False,False,False,False,False,False,False,False,False,False,False,False,True,False,False,False,False,False,False,False,False,False,True,False
15.34,12.0,16.0,64.0,4.0,4000.0,165.0,356,4.68527443,1,False,False,False,False,False,False,False,False,False,False,False,False,False,False,False,False,False,False,False,False,False,False,False,False,False,False,True,False,False,False,False,False,False,False,False,False,True,False
15.34,12.0,8.0,32.0,4.0,4000.0,169.0,220,4.649187071,1,False,False,False,False,False,False,False,False,False,False,False,False,False,False,False,False,False,False,False,False,False,False,False,False,False,False,True,False,False,False,False,False,False,False,False,False,True,False
15.29,13.0,5.0,32.0,4.0,3400.0,168.0,333,4.424007957,1,False,False,False,False,False,False,False,False,False,False,False,False,False,False,False,False,False,False,False,False,False,False,False,False,False,False,True,False,False,False,False,False,False,False,False,False,True,False
15.24,12.0,12.0,64.0,4.0,3300.0,175.0,496,4.896346148,2,False,False,False,False,False,False,False,False,False,False,False,False,False,False,False,False,False,False,False,False,False,False,False,False,False,False,True,False,False,False,False,False,False,False,False,False,True,False
15.32,12.0,24.0,64.0,4.0,3800.0,183.0,645,4.967379785,2,False,False,False,False,False,False,False,False,False,False,False,False,False,False,False,False,False,False,False,False,False,False,False,False,False,False,True,False,False,False,False,False,False,False,False,False,True,False
15.24,12.0,24.0,128.0,4.0,3300.0,168.0,385,5.123070723,2,False,False,False,False,False,False,False,False,False,False,False,False,False,False,False,False,False,False,False,False,False,False,False,False,False,False,True,False,False,False,False,False,False,False,False,False,True,False
15.34,12.0,8.0,512.0,4.0,4000.0,201.0,580,5.714293704,2,False,False,False,False,False,False,False,False,False,False,False,False,False,False,False,False,False,False,False,False,False,False,False,False,False,False,True,False,False,False,False,False,False,False,False,False,True,False
15.24,12.0,8.0,64.0,4.0,3300.0,178.0,504,4.830152047,2,False,False,False,False,False,False,False,False,False,False,False,False,False,False,False,False,False,False,False,False,False,False,False,False,False,False,True,False,False,False,False,False,False,False,False,False,True,False
15.24,8.0,5.0,16.0,4.0,3300.0,177.0,642,4.469694046,2,False,False,False,False,False,False,False,False,False,False,False,False,False,False,False,False,False,False,False,False,False,False,False,False,False,False,True,False,False,False,False,False,False,False,False,False,True,False
15.24,13.0,5.0,32.0,4.0,3300.0,178.0,452,4.446643278,2,False,False,False,False,False,False,False,False,False,False,False,False,False,False,False,False,False,False,False,False,False,False,False,False,False,False,True,False,False,False,False,False,False,False,False,False,True,False
12.7,8.0,5.0,32.0,4.0,2600.0,154.0,557,4.065945088,2,False,False,False,False,False,False,False,False,False,False,False,False,False,False,False,False,False,False,False,False,False,False,False,False,False,False,True,False,False,False,False,False,False,False,False,False,True,False
12.85,13.0,8.0,64.0,4.0,3000.0,154.0,478,4.522114611,2,False,False,False,False,False,False,False,False,False,False,False,False,False,False,False,False,False,False,False,False,False,False,False,False,False,False,True,False,False,False,False,False,False,False,False,False,True,False
12.83,8.0,5.0,16.0,4.0,3300.0,181.0,443,4.24563401,2,False,False,False,False,False,False,False,False,False,False,False,False,False,False,False,False,False,False,False,False,False,False,False,False,False,False,True,False,False,False,False,False,False,False,False,False,True,False
12.7,8.0,5.0,16.0,4.0,2600.0,152.0,452,4.24792365,2,False,False,False,False,False,False,False,False,False,False,False,False,False,False,False,False,False,False,False,False,False,False,False,False,False,False,True,False,False,False,False,False,False,False,False,False,True,False
15.32,12.0,24.0,64.0,4.0,3700.0,191.0,692,5.11433443,2,False,False,False,False,False,False,False,False,False,False,False,False,False,False,False,False,False,False,False,False,False,False,False,False,False,False,True,False,False,False,False,False,False,False,False,False,True,False
12.9,16.0,8.0,64.0,4.0,3000.0,150.0,451,4.9682148,2,False,False,False,False,False,False,False,False,False,False,False,False,False,False,False,False,False,False,False,False,False,False,False,False,False,False,True,False,False,False,False,False,False,False,False,False,True,False
15.24,12.0,16.0,64.0,4.0,3500.0,177.0,575,4.714293613,2,False,False,False,False,False,False,False,False,False,False,False,False,False,False,False,False,False,False,False,False,False,False,False,False,False,False,True,False,False,False,False,False,False,False,False,False,True,False
12.85,13.0,8.0,64.0,4.0,3000.0,154.0,727,4.352082758,2,False,False,False,False,False,False,False,False,False,False,False,False,False,False,False,False,False,False,False,False,False,False,False,False,False,False,True,False,False,False,False,False,False,False,False,False,True,False
12.83,13.0,5.0,16.0,4.0,3000.0,175.0,480,4.31039636,2,False,False,False,False,False,False,False,False,False,False,False,False,False,False,False,False,False,False,False,False,False,False,False,False,False,False,True,False,False,False,False,False,False,False,False,False,True,False
15.24,12.0,24.0,64.0,4.0,3500.0,186.0,407,4.734442522,2,False,False,False,False,False,False,False,False,False,False,False,False,False,False,False,False,False,False,False,False,False,False,False,False,False,False,True,False,False,False,False,False,False,False,False,False,True,False
12.85,16.0,16.0,64.0,4.0,3000.0,159.0,655,4.907494535,2,False,False,False,False,False,False,False,False,False,False,False,False,False,False,False,False,False,False,False,False,False,False,False,False,False,False,True,False,False,False,False,False,False,False,False,False,True,False
12.83,12.0,8.0,32.0,4.0,3000.0,174.0,616,4.457713717,2,False,False,False,False,False,False,False,False,False,False,False,False,False,False,False,False,False,False,False,False,False,False,False,False,False,False,True,False,False,False,False,False,False,False,False,False,True,False
12.83,13.0,13.0,32.0,4.0,3300.0,170.0,559,4.414372811,2,False,False,False,False,False,False,False,False,False,False,False,False,False,False,False,False,False,False,False,False,False,False,False,False,False,False,True,False,False,False,False,False,False,False,False,False,True,False
15.29,12.0,8.0,64.0,4.0,3500.0,189.0,678,4.370333536,2,False,False,False,False,False,False,False,False,False,False,False,False,False,False,False,False,False,False,False,False,False,False,False,False,False,False,True,False,False,False,False,False,False,False,False,False,True,False
12.9,12.0,8.0,64.0,4.0,3000.0,163.0,600,5.002267044,2,False,False,False,False,False,False,False,False,False,False,False,False,False,False,False,False,False,False,False,False,False,False,False,False,False,False,True,False,False,False,False,False,False,False,False,False,True,False
12.7,8.0,5.0,16.0,4.0,2600.0,153.0,465,4.198404232,2,False,False,False,False,False,False,False,False,False,False,False,False,False,False,False,False,False,False,False,False,False,False,False,False,False,False,True,False,False,False,False,False,False,False,False,False,True,False
15.24,16.0,8.0,64.0,4.0,3500.0,191.0,674,4.758577733,3,False,False,False,False,False,False,False,False,False,False,False,False,False,False,False,False,False,False,False,False,False,False,False,False,False,False,True,False,False,False,False,False,False,False,False,False,True,False
12.85,16.0,8.0,32.0,4.0,3000.0,172.0,610,4.349115971,3,False,False,False,False,False,False,False,False,False,False,False,False,False,False,False,False,False,False,False,False,False,False,False,False,False,False,True,False,False,False,False,False,False,False,False,False,True,False
10.34,5.0,2.0,32.0,4.0,2000.0,130.0,670,3.829293358,3,False,False,False,False,False,False,False,False,False,False,False,False,False,False,False,False,False,False,False,False,False,False,False,False,False,False,True,False,False,False,False,False,False,False,False,False,True,False
12.83,13.0,16.0,32.0,4.0,3000.0,180.0,668,4.827113017,3,False,False,False,False,False,False,False,False,False,False,False,False,False,False,False,False,False,False,False,False,False,False,False,False,False,False,True,False,False,False,False,False,False,False,False,False,True,False
15.32,13.0,8.0,64.0,4.0,3300.0,195.0,548,4.851014123,3,False,False,False,False,False,False,False,False,False,False,False,False,False,False,False,False,False,False,False,False,False,False,False,False,False,False,True,False,False,False,False,False,False,False,False,False,True,False
12.88,12.0,5.0,64.0,4.0,3200.0,167.0,691,4.576359104,3,False,False,False,False,False,False,False,False,False,False,False,False,False,False,False,False,False,False,False,False,False,False,False,False,False,False,True,False,False,False,False,False,False,False,False,False,True,False
12.88,13.0,13.0,32.0,4.0,3300.0,179.0,790,4.778703237,3,False,False,False,False,False,False,False,False,False,False,False,False,False,False,False,False,False,False,False,False,False,False,False,False,False,False,True,False,False,False,False,False,False,False,False,False,True,False
12.83,13.0,13.0,32.0,4.0,3600.0,181.0,683,4.604670061,3,False,False,False,False,False,False,False,False,False,False,False,False,False,False,False,False,False,False,False,False,False,False,False,False,False,False,True,False,False,False,False,False,False,False,False,False,True,False
12.83,13.0,13.0,16.0,4.0,3600.0,181.0,551,4.694279361,3,False,False,False,False,False,False,False,False,False,False,False,False,False,False,False,False,False,False,False,False,False,False,False,False,False,False,True,False,False,False,False,False,False,False,False,False,True,False
12.75,13.0,13.0,16.0,4.0,3000.0,160.0,779,4.338335946,3,False,False,False,False,False,False,False,False,False,False,False,False,False,False,False,False,False,False,False,False,False,False,False,False,False,False,True,False,False,False,False,False,False,False,False,False,True,False
12.7,13.0,5.0,16.0,4.0,2400.0,142.0,655,4.226395693,3,False,False,False,False,False,False,False,False,False,False,False,False,False,False,False,False,False,False,False,False,False,False,False,False,False,False,True,False,False,False,False,False,False,False,False,False,True,False
7.82,8.0,5.0,16.0,4.0,1950.0,165.0,593,3.811318301,3,False,False,False,False,False,False,False,False,False,False,False,False,False,False,False,False,False,False,False,False,False,False,False,False,False,False,True,False,False,False,False,False,False,False,False,False,True,False
10.29,5.0,5.0,32.0,4.0,2050.0,143.0,630,3.941775964,3,False,False,False,False,False,False,False,False,False,False,False,False,False,False,False,False,False,False,False,False,False,False,False,False,False,False,True,False,False,False,False,False,False,True,False,False,True,False
12.9,12.0,8.0,64.0,4.0,3000.0,155.0,843,5.091293197,3,False,False,False,False,False,False,False,False,False,False,False,False,False,False,False,False,False,False,False,False,False,False,False,False,False,False,True,False,False,False,False,False,False,False,False,False,True,False
15.29,12.0,8.0,128.0,4.0,3500.0,173.0,786,4.856706812,3,False,False,False,False,False,False,False,False,False,False,False,False,False,False,False,False,False,False,False,False,False,False,False,False,False,False,True,False,False,False,False,False,False,False,False,False,True,False
12.75,16.0,16.0,64.0,4.0,2600.0,145.0,884,4.510859507,3,False,False,False,False,False,False,False,False,False,False,False,False,False,False,False,False,False,False,False,False,False,False,False,False,False,False,True,False,False,False,False,False,False,False,False,False,True,False
12.7,13.0,5.0,16.0,4.0,2800.0,172.0,879,4.106767082,3,False,False,False,False,False,False,False,False,False,False,False,False,False,False,False,False,False,False,False,False,False,False,False,False,False,False,True,False,False,False,False,False,False,False,False,False,True,False
10.16,5.0,0.3,32.0,4.0,1500.0,126.0,706,3.535145354,4,False,False,False,False,False,False,False,False,False,False,False,False,False,False,False,False,False,False,False,False,False,False,False,False,False,False,True,False,False,False,False,False,False,False,False,False,True,False
12.88,16.0,16.0,64.0,4.0,3300.0,172.0,623,4.544995463,3,False,False,False,False,False,False,False,False,False,False,False,False,False,False,False,False,False,False,False,False,False,False,False,False,False,False,True,False,False,False,False,False,False,False,False,False,True,False
12.88,16.0,16.0,32.0,4.0,3600.0,186.0,614,4.955333978,3,False,False,False,False,False,False,False,False,False,False,False,False,False,False,False,False,False,False,False,False,False,False,False,False,False,False,True,False,False,False,False,False,False,False,False,False,True,False
12.75,16.0,16.0,32.0,4.0,3000.0,157.0,587,4.734793954,3,False,False,False,False,False,False,False,False,False,False,False,False,False,False,False,False,False,False,False,False,False,False,False,False,False,False,True,False,False,False,False,False,False,False,False,False,True,False
10.34,13.0,8.0,16.0,4.0,2350.0,138.0,545,4.299459911,3,False,False,False,False,False,False,False,False,False,False,False,False,False,False,False,False,False,False,False,False,False,False,False,False,False,False,True,False,False,False,False,False,False,False,False,False,True,False
12.7,8.0,5.0,32.0,4.0,2600.0,160.0,599,4.410735561,4,False,False,False,False,False,False,False,False,False,False,False,False,False,False,False,False,False,False,False,False,False,False,False,False,False,False,True,False,False,False,False,False,False,False,False,False,True,False
12.7,8.0,5.0,32.0,4.0,2600.0,160.0,1087,3.999667515,4,False,False,False,False,False,False,False,False,False,False,False,False,False,False,False,False,False,False,False,False,False,False,False,False,False,False,True,False,False,False,False,False,False,False,False,False,True,False
15.24,16.0,16.0,64.0,4.0,3000.0,189.0,923,5.294208939,4,False,False,False,False,False,False,False,False,False,False,False,False,False,False,False,False,False,False,False,False,False,False,False,False,False,False,True,False,False,False,False,False,False,False,False,False,True,False
12.88,16.0,8.0,32.0,4.0,3300.0,182.0,785,4.579339426,4,False,False,False,False,False,False,False,False,False,False,False,False,False,False,False,False,False,False,False,False,False,False,False,False,False,False,True,False,False,False,False,False,False,False,False,False,True,False
12.83,13.0,5.0,16.0,4.0,3300.0,169.0,684,4.631714741,4,False,False,False,False,False,False,False,False,False,False,False,False,False,False,False,False,False,False,False,False,False,False,False,False,False,False,True,False,False,False,False,False,False,False,False,False,True,False
12.83,13.0,8.0,32.0,4.0,3300.0,167.0,880,4.573266637,4,False,False,False,False,False,False,False,False,False,False,False,False,False,False,False,False,False,False,False,False,False,False,False,False,False,False,True,False,False,False,False,False,False,False,False,False,True,False
12.7,13.0,5.0,16.0,4.0,2400.0,143.0,972,4.381276353,4,False,False,False,False,False,False,False,False,False,False,False,False,False,False,False,False,False,False,False,False,False,False,False,False,False,False,True,False,False,False,False,False,False,False,False,False,True,False
12.83,13.0,8.0,16.0,4.0,3300.0,167.0,817,4.591780949,4,False,False,False,False,False,False,False,False,False,False,False,False,False,False,False,False,False,False,False,False,False,False,False,False,False,False,True,False,False,False,False,False,False,False,False,False,True,False
10.16,5.0,0.3,32.0,4.0,1500.0,127.0,843,3.592093185,4,False,False,False,False,False,False,False,False,False,False,False,False,False,False,False,False,False,False,False,False,False,False,False,False,False,False,True,False,False,False,False,False,False,True,False,False,True,False
12.88,12.0,5.0,64.0,4.0,3500.0,169.0,852,5.511814541,4,False,False,False,False,False,False,False,False,False,False,False,False,False,False,False,False,False,False,False,False,False,False,False,False,False,False,True,False,False,False,False,False,False,False,False,False,True,False
12.88,12.0,5.0,64.0,4.0,3500.0,169.0,847,4.994099325,4,False,False,False,False,False,False,False,False,False,False,False,False,False,False,False,False,False,False,False,False,False,False,False,False,False,False,True,False,False,False,False,False,False,False,False,False,True,False
12.83,13.0,5.0,16.0,4.0,3000.0,172.0,607,4.29701326,4,False,False,False,False,False,False,False,False,False,False,False,False,False,False,False,False,False,False,False,False,False,False,False,False,False,False,True,False,False,False,False,False,False,False,False,False,True,False
12.7,8.0,5.0,16.0,4.0,2600.0,149.0,927,4.047252955,4,False,False,False,False,False,False,False,False,False,False,False,False,False,False,False,False,False,False,False,False,False,False,False,False,False,False,True,False,False,False,False,False,False,False,False,False,True,False
17.78,8.0,2.0,32.0,4.0,4000.0,289.0,888,4.46383701,4,False,False,False,False,False,False,False,False,False,False,False,False,False,False,False,False,False,False,False,False,False,False,False,False,False,False,True,False,False,False,False,False,False,False,False,False,True,False
12.7,8.0,5.0,16.0,4.0,2600.0,138.0,593,3.931041011,4,False,False,False,False,False,False,False,False,False,False,False,False,False,False,False,False,False,False,False,False,False,False,False,False,False,False,True,False,False,False,False,False,False,False,False,False,True,False
12.7,8.0,5.0,32.0,4.0,2600.0,138.0,1046,4.17438727,4,False,False,False,False,False,False,False,False,False,False,False,False,False,False,False,False,False,False,False,False,False,False,False,False,False,False,True,False,False,False,False,False,False,False,False,False,True,False
12.7,8.0,5.0,32.0,4.0,2600.0,157.0,907,4.360930671,4,False,False,False,False,False,False,False,False,False,False,False,False,False,False,False,False,False,False,False,False,False,False,False,False,False,False,True,False,False,False,False,False,False,True,False,False,True,False
10.29,5.0,2.0,32.0,4.0,2200.0,154.0,875,4.315085229,4,False,False,False,False,False,False,False,False,False,False,False,False,False,False,False,False,False,False,False,False,False,False,False,False,False,False,True,False,False,False,False,False,False,False,False,False,True,False
12.73,12.0,5.0,32.0,4.0,4000.0,184.8,707,4.916251352,4,False,False,False,False,False,False,False,False,False,False,False,False,False,False,False,False,False,False,False,False,False,False,False,False,False,False,True,False,False,False,False,False,False,False,False,False,True,False
12.7,8.0,5.0,16.0,4.0,2600.0,139.0,625,4.097506226,4,False,False,False,False,False,False,False,False,False,False,False,False,False,False,False,False,False,False,False,False,False,False,False,False,False,False,True,False,False,False,False,False,False,False,False,False,True,False
12.88,16.0,8.0,32.0,4.0,3300.0,169.0,772,4.514260311,4,False,False,False,False,False,False,False,False,False,False,False,False,False,False,False,False,False,False,False,False,False,False,False,False,False,False,True,False,False,False,False,False,False,False,False,False,True,False
12.75,16.0,8.0,32.0,4.0,2600.0,143.0,715,4.420886706,4,False,False,False,False,False,False,False,False,False,False,False,False,False,False,False,False,False,False,False,False,False,False,False,False,False,False,True,False,False,False,False,False,False,False,False,False,True,False
15.24,16.0,8.0,32.0,4.0,5000.0,210.0,775,4.548176464,4,False,False,False,False,False,False,False,False,False,False,False,False,False,False,False,False,False,False,False,False,False,False,False,False,False,False,True,False,False,False,False,False,False,False,False,False,True,False
12.83,13.0,5.0,16.0,4.0,3300.0,170.0,581,4.129872568,4,False,False,False,False,False,False,False,False,False,False,False,False,False,False,False,False,False,False,False,False,False,False,False,False,False,False,True,False,False,False,False,False,False,False,False,False,True,False
12.75,13.0,5.0,16.0,4.0,3100.0,159.0,980,4.300545393,4,False,False,False,False,False,False,False,False,False,False,False,False,False,False,False,False,False,False,False,False,False,False,False,False,False,False,True,False,False,False,False,False,False,False,False,False,True,False
17.78,5.0,2.0,32.0,4.0,4000.0,283.0,747,4.514917197,4,False,False,False,False,False,False,False,False,False,False,False,False,False,False,False,False,False,False,False,False,False,False,False,False,False,False,True,False,False,False,False,False,False,False,False,False,True,False
12.73,12.0,5.0,32.0,4.0,3000.0,152.0,1048,4.582106246,4,False,False,False,False,False,False,False,False,False,False,False,False,False,False,False,False,False,False,False,False,False,False,False,False,False,False,True,False,False,False,False,False,False,False,False,False,True,False
12.83,12.0,5.0,32.0,4.0,3600.0,157.0,584,4.530769863,4,False,False,False,False,False,False,False,False,False,False,False,False,False,False,False,False,False,False,False,False,False,False,False,False,False,False,True,False,False,False,False,False,False,False,False,False,True,False
12.83,12.0,5.0,32.0,4.0,3600.0,157.0,896,4.690797272,4,False,False,False,False,False,False,False,False,False,False,False,False,False,False,False,False,False,False,False,False,False,False,False,False,False,False,True,False,False,False,False,False,False,False,False,False,True,False
12.73,12.0,5.0,32.0,4.0,3000.0,152.0,1037,4.226249633,4,False,False,False,False,False,False,False,False,False,False,False,False,False,False,False,False,False,False,False,False,False,False,False,False,False,False,True,False,False,False,False,False,False,False,False,False,True,False
10.16,5.0,0.3,32.0,4.0,1500.0,123.0,1010,3.63995178,4,False,False,False,False,False,False,False,False,False,False,False,False,False,False,False,False,False,False,False,False,False,False,False,False,False,False,True,False,False,False,False,False,False,False,False,False,False,False
10.29,5.0,2.0,32.0,4.0,2050.0,131.0,978,3.907412393,4,False,False,False,False,False,False,False,False,False,False,False,False,False,False,False,False,False,False,False,False,False,False,False,False,False,False,True,False,False,False,False,False,False,False,False,False,True,False
15.24,13.0,8.0,32.0,4.0,4000.0,200.0,1067,4.636862633,5,False,False,False,False,False,False,False,False,False,False,False,False,False,False,False,False,False,False,False,False,False,False,False,False,False,False,True,False,False,False,False,False,False,False,False,False,True,False
12.83,13.0,5.0,16.0,4.0,3300.0,172.0,1079,4.89686918,5,False,False,False,False,False,False,False,False,False,False,False,False,False,False,False,False,False,False,False,False,False,False,False,False,False,False,True,False,False,False,False,False,False,False,False,False,True,False
12.75,13.0,5.0,16.0,4.0,2900.0,155.0,673,4.718498871,5,False,False,False,False,False,False,False,False,False,False,False,False,False,False,False,False,False,False,False,False,False,False,False,False,False,False,True,False,False,False,False,False,False,False,False,False,True,False
10.34,13.0,5.0,16.0,4.0,2300.0,132.0,574,4.356708827,5,False,False,False,False,False,False,False,False,False,False,False,False,False,False,False,False,False,False,False,False,False,False,False,False,False,False,True,False,False,False,False,False,False,False,False,False,True,False
12.7,5.0,2.0,32.0,4.0,2600.0,138.9,651,3.971423349,4,False,False,False,False,False,False,False,False,False,False,False,False,False,False,False,False,False,False,False,False,False,False,False,False,False,False,True,False,False,False,False,False,False,False,False,False,True,False
12.7,8.0,2.0,32.0,4.0,2600.0,138.0,838,4.116758157,5,False,False,False,False,False,False,False,False,False,False,False,False,False,False,False,False,False,False,False,False,False,False,False,False,False,False,True,False,False,False,False,False,False,False,False,False,True,False
12.83,13.0,5.0,32.0,4.0,3000.0,172.0,665,4.258869811,5,False,False,False,False,False,False,False,False,False,False,False,False,False,False,False,False,False,False,False,False,False,False,False,False,False,False,True,False,False,False,False,False,False,False,False,False,True,False
12.7,8.0,5.0,32.0,4.0,2600.0,149.0,785,4.145512849,5,False,False,False,False,False,False,False,False,False,False,False,False,False,False,False,False,False,False,False,False,False,False,False,False,False,False,True,False,False,False,False,False,False,False,False,False,True,False
12.7,8.0,5.0,32.0,4.0,2600.0,137.0,720,3.881976084,5,False,False,False,False,False,False,False,False,False,False,False,False,False,False,False,False,False,False,False,False,False,False,False,False,False,False,True,False,False,False,False,False,False,True,False,False,False,False
10.24,5.0,2.0,16.0,4.0,1900.0,131.0,628,3.871617591,5,False,False,False,False,False,False,False,False,False,False,False,False,False,False,False,False,False,False,False,False,False,False,False,False,False,False,True,False,False,False,False,False,False,False,False,False,True,False
12.88,16.0,5.0,32.0,4.0,3000.0,171.0,763,4.941856685,5,False,False,False,False,False,False,False,False,False,False,False,False,False,False,False,False,False,False,False,False,False,False,False,False,False,False,True,False,False,False,False,False,False,False,False,False,True,False
12.88,16.0,5.0,32.0,4.0,3000.0,171.0,1083,4.541591204,5,False,False,False,False,False,False,False,False,False,False,False,False,False,False,False,False,False,False,False,False,False,False,False,False,False,False,True,False,False,False,False,False,False,False,False,False,True,False
12.88,16.0,5.0,32.0,4.0,3000.0,171.0,835,5.353373572,5,False,False,False,False,False,False,False,False,False,False,False,False,False,False,False,False,False,False,False,False,False,False,False,False,False,False,True,False,False,False,False,False,False,False,False,False,True,False
12.88,16.0,5.0,32.0,4.0,3000.0,153.0,554,5.245127538,5,False,False,False,False,False,False,False,False,False,False,False,False,False,False,False,False,False,False,False,False,False,False,False,False,False,False,True,False,False,False,False,False,False,False,False,False,True,False
12.88,16.0,5.0,32.0,4.0,3000.0,153.0,542,5.079477043,5,False,False,False,False,False,False,False,False,False,False,False,False,False,False,False,False,False,False,False,False,False,False,False,False,False,False,True,False,False,False,False,False,False,False,False,False,True,False
12.88,16.0,5.0,32.0,4.0,3000.0,153.0,575,4.90771624,5,False,False,False,False,False,False,False,False,False,False,False,False,False,False,False,False,False,False,False,False,False,False,False,False,False,False,True,False,False,False,False,False,False,False,False,False,True,False
12.73,16.0,5.0,16.0,4.0,2800.0,145.0,1084,4.922168313,5,False,False,False,False,False,False,False,False,False,False,False,False,False,False,False,False,False,False,False,False,False,False,False,False,False,False,True,False,False,False,False,False,False,False,False,False,True,False
10.24,8.0,1.9,32.0,4.0,1900.0,107.0,1084,3.746912485,5,False,False,False,False,False,False,False,False,False,False,False,False,False,False,False,False,False,False,False,False,False,False,False,False,False,False,True,False,False,False,False,False,False,False,False,False,True,False
7.82,8.0,2.0,32.0,4.0,1800.0,155.0,940,4.51008998,5,False,False,False,False,False,False,False,False,False,False,False,False,False,False,False,False,False,False,False,False,False,False,False,False,False,False,True,False,False,False,False,False,False,False,False,False,True,False
12.88,16.0,5.0,32.0,4.0,3050.0,151.0,1048,4.509099717,5,False,False,False,False,False,False,False,False,False,False,False,False,False,False,False,False,False,False,False,False,False,False,False,False,False,False,True,False,False,False,False,False,False,False,False,False,True,False
12.88,16.0,5.0,32.0,4.0,3050.0,151.0,955,4.783065294,5,False,False,False,False,False,False,False,False,False,False,False,False,False,False,False,False,False,False,False,False,False,False,False,False,False,False,True,False,False,False,False,False,False,False,False,False,True,False
10.16,3.15,5.0,16.0,4.0,1500.0,123.0,551,3.851423383,5,False,False,False,False,False,False,False,False,False,False,False,False,False,False,False,False,False,False,False,False,False,False,False,False,False,False,True,False,False,False,False,False,False,False,False,False,False,False
12.83,13.0,5.0,16.0,4.0,3000.0,171.0,1025,4.195697056,5,False,False,False,False,False,False,False,False,False,False,False,False,False,False,False,False,False,False,False,False,False,False,False,False,False,False,True,False,False,False,False,False,False,False,False,False,True,False
12.83,13.0,5.0,16.0,4.0,3000.0,170.0,706,4.378395048,3,False,False,False,False,False,False,False,False,False,False,False,False,False,False,False,False,False,False,False,False,False,False,False,False,False,False,True,False,False,False,False,False,False,False,False,False,True,False
12.7,13.0,5.0,32.0,4.0,2600.0,146.0,1011,4.573782713,5,False,False,False,False,False,False,False,False,False,False,False,False,False,False,False,False,False,False,False,False,False,False,False,False,False,False,True,False,False,False,False,False,False,False,False,False,True,False
5.18,3.15,5.0,256.0,0.25,1300.0,124.0,790,4.417514428,5,False,False,False,False,False,False,False,False,False,False,False,False,False,False,False,False,False,False,False,False,False,False,False,False,False,False,True,False,False,False,False,False,False,True,False,False,False,False
12.73,16.0,5.0,32.0,4.0,3500.0,170.0,732,4.810394136,5,False,False,False,False,False,False,False,False,False,False,False,False,False,False,False,False,False,False,False,False,False,False,False,False,False,False,True,False,False,False,False,False,False,False,False,False,True,False
17.78,2.0,2.0,32.0,4.0,3600.0,322.0,1050,4.25362492,5,False,False,False,False,False,False,False,False,False,False,False,False,False,False,False,False,False,False,False,False,False,False,False,False,False,False,True,False,False,False,False,False,False,False,False,False,False,False
10.29,5.0,2.0,32.0,4.0,2200.0,154.0,882,4.171305603,5,False,False,False,False,False,False,False,False,False,False,False,False,False,False,False,False,False,False,False,False,False,False,False,False,False,False,True,False,False,False,False,False,False,False,False,False,True,False
12.73,16.0,5.0,32.0,4.0,2600.0,132.0,698,4.817293234,5,False,False,False,False,False,False,False,False,False,False,False,False,False,False,False,False,False,False,False,False,False,False,False,False,False,False,True,False,False,False,False,False,False,False,False,False,True,False
12.73,16.0,5.0,32.0,4.0,2550.0,140.0,1088,4.806804054,5,False,False,False,False,False,False,False,False,False,False,False,False,False,False,False,False,False,False,False,False,False,False,False,False,False,False,True,False,False,False,False,False,False,False,False,False,True,False
12.73,16.0,5.0,32.0,4.0,2600.0,132.0,916,4.970993159,5,False,False,False,False,False,False,False,False,False,False,False,False,False,False,False,False,False,False,False,False,False,False,False,False,False,False,True,False,False,False,False,False,False,False,False,False,True,False
12.73,16.0,5.0,32.0,4.0,2550.0,138.0,811,5.080472254,5,False,False,False,False,False,False,False,False,False,False,False,False,False,False,False,False,False,False,False,False,False,False,False,False,False,False,True,False,False,False,False,False,False,False,False,False,True,False
12.73,16.0,5.0,32.0,4.0,2550.0,138.0,945,4.512835575,5,False,False,False,False,False,False,False,False,False,False,False,False,False,False,False,False,False,False,False,False,False,False,False,False,False,False,True,False,False,False,False,False,False,False,False,False,True,False
10.24,5.0,2.0,16.0,4.0,1850.0,122.0,760,4.003872659,5,False,False,False,False,False,False,False,False,False,False,False,False,False,False,False,False,False,False,False,False,False,False,False,False,False,False,True,False,False,False,False,False,False,False,False,False,True,False
10.24,5.0,2.0,16.0,4.0,1850.0,122.0,840,3.91442013,5,False,False,False,False,False,False,False,False,False,False,False,False,False,False,False,False,False,False,False,False,False,False,False,False,False,False,True,False,False,False,False,False,False,False,False,False,False,False
10.34,5.0,2.0,32.0,4.0,2000.0,129.0,1056,4.014399072,5,False,False,False,False,False,False,False,False,False,False,False,False,False,False,False,False,False,False,False,False,False,False,False,False,False,False,True,False,False,False,False,False,False,False,False,False,True,False
17.78,2.0,5.0,32.0,4.0,3600.0,310.0,583,4.508989628,5,False,False,False,False,False,False,False,False,False,False,False,False,False,False,False,False,False,False,False,False,False,False,False,False,False,False,True,False,False,False,False,False,False,False,False,False,False,False
10.16,3.15,0.3,16.0,4.0,1500.0,112.0,652,3.24376354,5,False,False,False,False,False,False,False,False,False,False,False,False,False,False,False,False,False,False,False,False,False,False,False,False,False,False,True,False,False,False,False,False,False,True,False,False,False,False
12.83,13.0,5.0,16.0,4.0,2600.0,141.0,599,4.148832748,5,False,False,False,False,False,False,False,False,False,False,False,False,False,False,False,False,False,False,False,False,False,False,False,False,False,False,True,False,False,False,False,False,False,False,False,False,True,False
12.83,13.0,5.0,16.0,4.0,2600.0,141.0,886,4.778282804,5,False,False,False,False,False,False,False,False,False,False,False,False,False,False,False,False,False,False,False,False,False,False,False,False,False,False,True,False,False,False,False,False,False,False,False,False,True,False
13.34,13.0,5.0,16.0,4.0,2500.0,161.0,677,4.462338537,5,False,False,False,False,False,False,False,False,False,False,False,False,False,False,False,False,False,False,False,False,False,False,False,False,False,False,True,False,False,False,False,False,False,False,False,False,True,False
12.83,13.0,5.0,16.0,4.0,2950.0,141.0,947,4.644871553,5,False,False,False,False,False,False,False,False,False,False,False,False,False,False,False,False,False,False,False,False,False,False,False,False,False,False,True,False,False,False,False,False,False,False,False,False,True,False
12.7,8.0,5.0,16.0,4.0,2400.0,150.0,804,4.506233438,5,False,False,False,False,False,False,False,False,False,False,False,False,False,False,False,False,False,False,False,False,False,False,False,False,False,False,True,False,False,False,False,False,False,False,False,False,False,False
10.29,5.0,2.0,32.0,4.0,2000.0,130.0,887,3.584906864,6,False,False,False,False,False,False,False,False,False,False,False,False,False,False,False,False,False,False,False,False,False,False,False,False,False,False,True,False,False,False,False,False,False,False,False,False,True,False
12.7,13.0,5.0,16.0,4.0,2300.0,123.0,682,4.761831996,6,False,False,False,False,False,False,False,False,False,False,False,False,False,False,False,False,False,False,False,False,False,False,False,False,False,False,True,False,False,False,False,False,False,False,False,False,True,False
12.7,13.0,5.0,16.0,4.0,2300.0,123.0,627,4.406109305,6,False,False,False,False,False,False,False,False,False,False,False,False,False,False,False,False,False,False,False,False,False,False,False,False,False,False,True,False,False,False,False,False,False,False,False,False,True,False
10.29,8.0,5.0,16.0,4.0,1900.0,110.3,971,4.23598879,6,False,False,False,False,False,False,False,False,False,False,False,False,False,False,False,False,False,False,False,False,False,False,False,False,False,False,True,False,False,False,False,False,False,False,False,False,True,False
10.29,8.0,5.0,16.0,4.0,1900.0,110.3,961,4.24046307,6,False,False,False,False,False,False,False,False,False,False,False,False,False,False,False,False,False,False,False,False,False,False,False,False,False,False,True,False,False,False,False,False,False,False,False,False,True,False
12.73,16.0,2.0,16.0,4.0,2800.0,145.0,1013,4.96932707,6,False,False,False,False,False,False,False,False,False,False,False,False,False,False,False,False,False,False,False,False,False,False,False,False,False,False,True,False,False,False,False,False,False,False,False,False,True,False
7.7,2.0,2.0,16.0,4.0,1200.0,107.0,1082,2.961140829,6,False,False,False,False,False,False,False,False,False,False,False,False,False,False,False,False,False,False,False,False,False,False,False,False,False,False,True,False,False,False,False,False,False,False,False,False,False,False
10.16,3.15,0.3,16.0,4.0,1500.0,123.0,707,3.463232773,6,False,False,False,False,False,False,False,False,False,False,False,False,False,False,False,False,False,False,False,False,False,False,False,False,False,False,True,False,False,False,False,False,False,False,False,False,False,False
12.7,8.0,5.0,32.0,4.0,2600.0,152.0,918,4.307033656,6,False,False,False,False,False,False,False,False,False,False,False,False,False,False,False,False,False,False,False,False,False,False,False,False,False,False,True,False,False,False,False,False,False,False,False,False,False,False
12.7,8.0,5.0,32.0,4.0,2600.0,156.0,829,4.327174383,6,False,False,False,False,False,False,False,False,False,False,False,False,False,False,False,False,False,False,False,False,False,False,False,False,False,False,True,False,False,False,False,False,False,False,False,False,True,False
10.24,5.0,1.3,32.0,4.0,1900.0,126.0,1071,4.198103797,6,False,False,False,False,False,False,False,False,False,False,False,False,False,False,False,False,False,False,False,False,False,False,False,False,False,False,True,False,False,False,False,False,False,False,False,False,True,False
12.85,16.0,3.7,32.0,4.0,3000.0,174.0,649,4.318687394,6,False,False,False,False,False,False,False,False,False,False,False,False,False,False,False,False,False,False,False,False,False,False,False,False,False,False,True,False,False,False,False,False,False,False,False,False,True,False
12.88,16.0,3.7,16.0,4.0,3000.0,175.0,1017,4.442886523,6,False,False,False,False,False,False,False,False,False,False,False,False,False,False,False,False,False,False,False,False,False,False,False,False,False,False,True,False,False,False,False,False,False,False,False,False,True,False
12.88,16.0,3.7,32.0,4.0,3220.0,176.0,793,4.56995743,6,False,False,False,False,False,False,False,False,False,False,False,False,False,False,False,False,False,False,False,False,False,False,False,False,False,False,True,False,False,False,False,False,False,False,False,False,True,False
15.24,8.0,2.1,16.0,4.0,2800.0,194.0,893,4.213460043,6,False,False,False,False,False,False,False,False,False,False,False,False,False,False,False,False,False,False,False,False,False,False,False,False,False,False,True,False,False,False,False,False,False,False,False,False,True,False
12.73,16.0,2.0,16.0,4.0,2800.0,145.0,718,5.004885462,6,False,False,False,False,False,False,False,False,False,False,False,False,False,False,False,False,False,False,False,False,False,False,False,False,False,False,True,False,False,False,False,False,False,False,False,False,True,False
10.34,12.0,2.1,32.0,4.0,1860.0,115.0,971,3.824720677,6,False,False,False,False,False,False,False,False,False,False,False,False,False,False,False,False,False,False,False,False,False,False,False,False,False,False,True,False,False,False,False,False,False,False,False,False,True,False
10.34,12.0,2.1,32.0,4.0,1860.0,115.0,1070,4.959903246,6,False,False,False,False,False,False,False,False,False,False,False,False,False,False,False,False,False,False,False,False,False,False,False,False,False,False,True,False,False,False,False,False,False,False,False,False,True,False
10.29,8.0,2.1,16.0,4.0,2100.0,118.0,919,4.333755086,6,False,False,False,False,False,False,False,False,False,False,False,False,False,False,False,False,False,False,False,False,False,False,False,False,False,False,True,False,False,False,False,False,False,False,False,False,False,False
10.29,5.0,0.3,16.0,4.0,2100.0,136.9,897,4.130515759,6,False,False,False,False,False,False,False,False,False,False,False,False,False,False,False,False,False,False,False,False,False,False,False,False,False,False,True,False,False,False,False,False,False,False,False,False,True,False
10.16,5.0,0.3,16.0,4.0,1500.0,124.0,735,3.50465609,6,False,False,False,False,False,False,False,False,False,False,False,False,False,False,False,False,False,False,False,False,False,False,False,False,False,False,True,False,False,False,False,False,False,False,False,False,False,False
5.08,8.0,2.0,16.0,4.0,800.0,75.0,990,2.05284086,6,False,False,False,False,False,False,False,False,False,False,False,False,False,False,False,False,False,False,False,False,False,False,False,False,False,False,True,False,False,False,False,False,False,True,False,False,False,False
10.16,3.15,0.3,16.0,4.0,1500.0,123.0,723,3.661508257,6,False,False,False,False,False,False,False,False,False,False,False,False,False,False,False,False,False,False,False,False,False,False,False,False,False,False,True,False,False,False,False,False,False,False,False,False,False,False
10.24,3.15,2.0,16.0,4.0,1800.0,129.0,605,3.80666249,6,False,False,False,False,False,False,False,False,False,False,False,False,False,False,False,False,False,False,False,False,False,False,False,False,False,False,True,False,False,False,False,False,False,False,False,False,False,False
10.29,8.0,2.1,16.0,4.0,2100.0,120.0,1029,4.338858139,6,False,False,False,False,False,False,False,False,False,False,False,False,False,False,False,False,False,False,False,False,False,False,False,False,False,False,True,False,False,False,False,False,False,False,False,False,True,False
10.16,5.0,0.3,16.0,4.0,1800.0,130.3,846,3.60631273,6,False,False,False,False,False,False,False,False,False,False,False,False,False,False,False,False,False,False,False,False,False,False,False,False,False,False,True,False,False,False,False,False,False,False,False,False,True,False
10.16,5.0,0.3,16.0,4.0,1500.0,123.8,716,4.206631038,6,False,False,False,False,False,False,False,False,False,False,False,False,False,False,False,False,False,False,False,False,False,False,False,False,False,False,True,False,False,False,False,False,False,False,False,False,False,False
7.75,3.15,2.0,16.0,4.0,1300.0,108.0,658,3.701548857,6,False,False,False,False,False,False,False,False,False,False,False,False,False,False,False,False,False,False,False,False,False,False,False,False,False,False,True,False,False,False,False,False,False,False,False,False,False,False
7.75,2.0,2.0,16.0,4.0,1300.0,107.6,590,3.663561646,6,False,False,False,False,False,False,False,False,False,False,False,False,False,False,False,False,False,False,False,False,False,False,False,False,False,False,True,False,False,False,False,False,False,False,False,False,False,False
10.29,5.0,0.3,16.0,4.0,2000.0,138.0,724,3.966700567,6,False,False,False,False,False,False,False,False,False,False,False,False,False,False,False,False,False,False,False,False,False,False,False,False,False,False,True,False,False,False,False,False,False,False,False,False,False,False
12.73,16.0,2.0,16.0,4.0,2800.0,158.0,1002,4.791234729,6,False,False,False,False,False,False,False,False,False,False,False,False,False,False,False,False,False,False,False,False,False,False,False,False,False,False,True,False,False,False,False,False,False,False,False,False,True,False
12.73,16.0,2.0,16.0,4.0,2800.0,145.0,706,4.6226171,6,False,False,False,False,False,False,False,False,False,False,False,False,False,False,False,False,False,False,False,False,False,False,False,False,False,False,True,False,False,False,False,False,False,False,False,False,True,False
10.34,5.0,2.0,32.0,4.0,2000.0,149.0,1090,4.051089054,6,False,False,False,False,False,False,False,False,False,False,False,False,False,False,False,False,False,False,False,False,False,False,False,False,False,False,True,False,False,False,False,False,False,False,False,False,True,False
10.36,8.0,1.9,16.0,4.0,2100.0,132.0,1017,3.688379329,6,False,False,False,False,False,False,False,False,False,False,False,False,False,False,False,False,False,False,False,False,False,False,False,False,False,False,True,False,False,False,False,False,False,False,False,False,False,False
17.78,8.0,2.0,16.0,4.0,3200.0,245.0,625,4.49635928,6,False,False,False,False,False,False,False,False,False,False,False,False,False,False,False,False,False,False,False,False,False,False,False,False,False,False,True,False,False,False,False,False,False,False,False,False,True,False
12.73,16.0,2.0,16.0,4.0,2800.0,170.1,763,4.244343779,6,False,False,False,False,False,False,False,False,False,False,False,False,False,False,False,False,False,False,False,False,False,False,False,False,False,False,True,False,False,False,False,False,False,False,False,False,True,False
10.36,20.7,2.0,32.0,4.0,2430.0,200.0,994,5.073797869,6,False,False,False,False,False,False,False,False,False,False,False,False,False,False,False,False,False,False,False,False,False,False,False,False,False,False,True,False,False,False,False,False,False,False,False,False,True,False
11.84,5.0,0.3,16.0,4.0,2600.0,165.0,979,4.520047933,6,False,False,False,False,False,False,False,False,False,False,False,False,False,False,False,False,False,False,False,False,False,False,False,False,False,False,True,False,False,False,False,False,False,False,False,False,False,False
10.36,8.0,1.9,16.0,4.0,2100.0,132.0,1020,3.712840092,6,False,False,False,False,False,False,False,False,False,False,False,False,False,False,False,False,False,False,False,False,False,False,False,False,False,False,True,False,False,False,False,False,False,False,False,False,False,False
10.16,5.0,0.3,16.0,4.0,1500.0,123.0,845,3.989724513,6,False,False,False,False,False,False,False,False,False,False,False,False,False,False,False,False,False,False,False,False,False,False,False,False,False,False,True,False,False,False,False,False,False,False,False,False,False,False
12.7,13.0,2.0,16.0,4.0,2600.0,135.8,851,4.673482826,6,False,False,False,False,False,False,False,False,False,False,False,False,False,False,False,False,False,False,False,False,False,False,False,False,False,False,True,False,False,False,False,False,False,False,True,False,True,False
17.78,3.15,1.3,32.0,4.0,4000.0,276.0,825,4.215381557,6,False,False,False,False,False,False,False,False,False,False,False,False,False,False,False,False,False,False,False,False,False,False,False,False,False,False,True,False,False,False,False,False,False,False,False,False,False,False
17.78,3.15,1.3,32.0,4.0,4000.0,276.0,645,4.062337766,6,False,False,False,False,False,False,False,False,False,False,False,False,False,False,False,False,False,False,False,False,False,False,False,False,False,False,True,False,False,False,False,False,False,False,False,False,False,False
17.78,3.15,1.3,32.0,4.0,4000.0,276.0,1002,4.496470769,6,False,False,False,False,False,False,False,False,False,False,False,False,False,False,False,False,False,False,False,False,False,False,False,False,False,False,True,False,False,False,False,False,False,False,False,False,True,False
11.48,5.0,0.3,32.0,4.0,2100.0,139.0,683,3.768152635,6,False,False,False,False,False,False,False,False,False,False,False,False,False,False,False,False,False,False,False,False,False,False,False,False,False,False,True,False,False,False,False,False,False,False,False,False,False,False
10.16,5.0,0.3,32.0,4.0,1500.0,112.0,586,3.676806873,6,False,False,False,False,False,False,False,False,False,False,False,False,False,False,False,False,False,False,False,False,False,False,False,False,False,False,True,False,False,False,False,False,False,False,False,False,False,False
12.73,16.0,2.0,16.0,4.0,2800.0,145.0,680,4.943141299,6,False,False,False,False,False,False,False,False,False,False,False,False,False,False,False,False,False,False,False,False,False,False,False,False,False,False,True,False,False,False,False,False,False,False,False,False,True,False
12.73,16.0,2.0,16.0,4.0,2800.0,145.0,589,4.957304838,6,False,False,False,False,False,False,False,False,False,False,False,False,False,False,False,False,False,False,False,False,False,False,False,False,False,False,True,False,False,False,False,False,False,False,False,False,False,False
12.73,16.0,2.0,16.0,4.0,2800.0,144.9,955,4.64525591,6,False,False,False,False,False,False,False,False,False,False,False,False,False,False,False,False,False,False,False,False,False,False,False,False,False,False,True,False,False,False,False,False,False,False,False,False,True,False
12.73,16.0,2.0,16.0,4.0,2800.0,145.0,977,4.718677427,6,False,False,False,False,False,False,False,False,False,False,False,False,False,False,False,False,False,False,False,False,False,False,False,False,False,False,True,False,False,False,False,False,False,False,False,False,True,False
10.29,5.0,0.3,16.0,4.0,2100.0,137.0,755,3.770459441,6,False,False,False,False,False,False,False,False,False,False,False,False,False,False,False,False,False,False,False,False,False,False,False,False,False,False,True,False,False,False,False,False,False,False,False,False,True,False
10.29,5.0,0.3,32.0,4.0,2100.0,137.0,618,4.134846506,6,False,False,False,False,False,False,False,False,False,False,False,False,False,False,False,False,False,False,False,False,False,False,False,False,False,False,True,False,False,False,False,False,False,False,False,False,True,False
5.18,5.0,2.0,256.0,4.0,1000.0,91.0,1054,4.145037677,6,False,False,False,False,False,False,False,False,False,False,False,False,False,False,False,False,False,False,False,False,False,False,False,False,False,False,True,False,False,False,False,False,False,True,False,False,False,False
7.98,2.0,2.0,16.0,4.0,1300.0,105.0,865,3.63995178,6,False,False,False,False,False,False,False,False,False,False,False,False,False,False,False,False,False,False,False,False,False,False,False,False,False,False,True,False,False,False,False,False,False,False,False,False,False,False
12.83,8.0,2.0,16.0,4.0,3100.0,162.5,946,4.959622662,6,False,False,False,False,False,False,False,False,False,False,False,False,False,False,False,False,False,False,False,False,False,False,False,False,False,False,True,False,False,False,False,False,False,False,False,False,False,False
12.83,8.0,2.0,16.0,4.0,3100.0,162.5,966,4.51601105,6,False,False,False,False,False,False,False,False,False,False,False,False,False,False,False,False,False,False,False,False,False,False,False,False,False,False,True,False,False,False,False,False,False,False,False,False,True,False
17.78,2.0,2.0,32.0,4.0,3600.0,322.0,816,4.320815904,6,False,False,False,False,False,False,False,False,False,False,False,False,False,False,False,False,False,False,False,False,False,False,False,False,False,False,True,False,False,False,False,False,False,False,False,False,False,False
17.78,2.0,2.0,32.0,4.0,3600.0,310.0,596,4.392348184,6,False,False,False,False,False,False,False,False,False,False,False,False,False,False,False,False,False,False,False,False,False,False,False,False,False,False,True,False,False,False,False,False,False,False,False,False,False,False
12.73,5.0,0.3,32.0,4.0,2100.0,163.0,963,3.686376324,6,False,False,False,False,False,False,False,False,False,False,False,False,False,False,False,False,False,False,False,False,False,False,False,False,False,False,True,False,False,False,False,False,False,False,False,False,False,False
10.36,16.3,2.0,32.0,4.0,2000.0,283.0,779,4.926311212,6,False,False,False,False,False,False,False,False,False,False,False,False,False,False,False,False,False,False,False,False,False,False,False,False,False,False,True,False,False,False,False,False,False,False,False,False,False,False
10.34,5.0,0.3,32.0,4.0,2000.0,145.0,735,4.052827882,7,False,False,False,False,False,False,False,False,False,False,False,False,False,False,False,False,False,False,False,False,False,False,False,False,False,False,True,False,False,False,False,False,False,False,False,False,False,False
12.7,13.0,2.0,16.0,4.0,2600.0,147.0,953,4.642754946,7,False,False,False,False,False,False,False,False,False,False,False,False,False,False,False,False,False,False,False,False,False,False,False,False,False,False,True,False,False,False,False,False,False,False,False,False,True,False
12.7,13.0,2.0,16.0,4.0,2600.0,146.0,1067,4.192831509,7,False,False,False,False,False,False,False,False,False,False,False,False,False,False,False,False,False,False,False,False,False,False,False,False,False,False,True,False,False,False,False,False,False,False,False,False,True,False
10.29,5.0,0.3,32.0,4.0,2100.0,139.0,870,4.150882413,7,False,False,False,False,False,False,False,False,False,False,False,False,False,False,False,False,False,False,False,False,False,False,False,False,False,False,True,False,False,False,False,False,False,False,False,False,False,False
10.16,5.0,0.3,16.0,4.0,1500.0,118.0,1068,3.523119986,7,False,False,False,False,False,False,False,False,False,False,False,False,False,False,False,False,False,False,False,False,False,False,False,False,False,False,True,False,False,False,False,False,False,False,False,False,False,False
13.34,8.0,1.9,32.0,4.0,2600.0,163.0,1075,4.225226615,7,False,False,False,False,False,False,False,False,False,False,False,False,False,False,False,False,False,False,False,False,False,False,False,False,False,False,True,False,False,False,False,False,False,False,False,False,True,False
7.8,8.0,1.9,16.0,4.0,1820.0,179.0,683,4.387262901,7,False,False,False,False,False,False,False,False,False,False,False,False,False,False,False,False,False,False,False,False,False,False,False,False,False,False,True,False,False,False,False,False,False,False,False,False,False,False
10.29,5.0,0.3,32.0,4.0,2100.0,134.2,935,3.642049867,7,False,False,False,False,False,False,False,False,False,False,False,False,False,False,False,False,False,False,False,False,False,False,False,False,False,False,True,False,False,False,False,False,False,False,False,False,True,False
5.18,2.0,1.3,16.0,4.0,800.0,99.8,544,3.2429829,7,False,False,False,False,False,False,False,False,False,False,False,False,False,False,False,False,False,False,False,False,False,False,False,False,False,False,True,False,False,False,False,False,False,True,False,False,False,False
10.16,5.0,0.3,32.0,4.0,1800.0,121.9,1032,3.460723361,7,False,False,False,False,False,False,False,False,False,False,False,False,False,False,False,False,False,False,False,False,False,False,False,False,False,False,True,False,False,False,False,False,False,False,False,False,True,False
12.88,13.0,2.0,32.0,4.0,2800.0,154.0,867,5.200208273,7,False,False,False,False,False,False,False,False,False,False,False,False,False,False,False,False,False,False,False,False,False,False,False,False,False,False,True,False,False,False,False,False,False,False,False,False,True,False
10.16,3.15,1.3,16.0,4.0,1500.0,126.0,1018,3.526654599,7,False,False,False,False,False,False,False,False,False,False,False,False,False,False,False,False,False,False,False,False,False,False,False,False,False,False,True,False,False,False,False,False,False,False,False,False,False,False
10.24,5.0,0.3,16.0,4.0,1800.0,132.5,1004,3.295836866,7,False,False,False,False,False,False,False,False,False,False,False,False,False,False,False,False,False,False,False,False,False,False,False,False,False,False,True,False,False,False,False,False,False,False,False,False,False,False
7.75,3.0,1.3,16.0,4.0,1300.0,118.9,705,3.434632158,7,False,False,False,False,False,False,False,False,False,False,False,False,False,False,False,False,False,False,False,False,False,False,False,False,False,False,True,False,False,False,False,False,False,False,False,False,False,False
7.75,3.0,1.3,16.0,4.0,1300.0,118.2,600,3.074543454,7,False,False,False,False,False,False,False,False,False,False,False,False,False,False,False,False,False,False,False,False,False,False,False,False,False,False,True,False,False,False,False,False,False,False,False,False,False,False
10.16,2.0,1.3,16.0,4.0,1500.0,121.0,807,3.330774917,7,False,False,False,False,False,False,False,False,False,False,False,False,False,False,False,False,False,False,False,False,False,False,False,False,False,False,True,False,False,False,False,False,False,False,False,False,False,False
12.88,13.0,2.0,16.0,4.0,3200.0,168.0,563,4.089164502,7,False,False,False,False,False,False,False,False,False,False,False,False,False,False,False,False,False,False,False,False,False,False,False,False,False,False,True,False,False,False,False,False,False,False,False,False,True,False
5.18,2.0,1.3,16.0,4.0,1200.0,99.5,552,3.450622265,7,False,False,False,False,False,False,False,False,False,False,False,False,False,False,False,False,False,False,False,False,False,False,False,False,False,False,True,False,False,False,False,False,False,True,False,False,False,False
10.16,5.0,1.3,16.0,4.0,1750.0,130.4,724,3.353406718,7,False,False,False,False,False,False,False,False,False,False,False,False,False,False,False,False,False,False,False,False,False,False,False,False,False,False,True,False,False,False,False,False,False,False,False,False,False,False
7.62,2.0,1.3,256.0,0.25,1000.0,118.8,1005,4.088829382,7,False,False,False,False,False,False,False,False,False,False,False,False,False,False,False,False,False,False,False,False,False,False,False,False,False,False,True,False,False,False,False,False,False,True,False,False,False,False
12.12,8.0,1.2,16.0,4.0,2000.0,144.0,1080,4.569232079,7,False,False,False,False,False,False,False,False,False,False,False,False,False,False,False,False,False,False,False,False,False,False,False,False,False,False,True,False,False,False,False,False,False,False,True,False,True,False
10.24,16.0,1.9,32.0,4.0,2330.0,208.0,831,4.445705411,7,False,False,False,False,False,False,False,False,False,False,False,False,False,False,False,False,False,False,False,False,False,False,False,False,False,False,True,False,False,False,False,False,False,False,False,False,True,False
10.16,5.0,0.3,16.0,4.0,1500.0,115.0,674,3.375537635,7,False,False,False,False,False,False,False,False,False,False,False,False,False,False,False,False,False,False,False,False,False,False,False,False,False,False,True,False,False,False,False,False,False,False,False,False,True,False
10.24,8.0,1.9,32.0,4.0,1900.0,107.0,1073,4.03724497,7,False,False,False,False,False,False,False,False,False,False,False,False,False,False,False,False,False,False,False,False,False,False,False,False,False,False,True,False,False,False,False,False,False,False,False,False,True,False
12.7,8.0,2.0,16.0,4.0,2600.0,153.0,1086,4.140114296,7,False,False,False,False,False,False,False,False,False,False,False,False,False,False,False,False,False,False,False,False,False,False,False,False,False,False,True,False,False,False,False,False,False,False,False,False,True,False
7.82,5.0,1.9,16.0,4.0,1500.0,119.1,783,3.571221411,7,False,False,False,False,False,False,False,False,False,False,False,False,False,False,False,False,False,False,False,False,False,False,False,False,False,False,True,False,False,False,False,False,False,False,False,False,False,False
10.24,5.0,0.3,32.0,4.0,1800.0,124.0,822,4.178072778,7,False,False,False,False,False,False,False,False,False,False,False,False,False,False,False,False,False,False,False,False,False,False,False,False,False,False,True,False,False,False,False,False,False,False,False,False,False,False
17.78,3.15,1.3,32.0,4.0,4000.0,302.0,849,4.244774041,7,False,False,False,False,False,False,False,False,False,False,False,False,False,False,False,False,False,False,False,False,False,False,False,False,False,False,True,False,False,False,False,False,False,False,False,False,False,False
17.78,3.15,1.3,32.0,4.0,4000.0,306.0,614,4.547752915,7,False,False,False,False,False,False,False,False,False,False,False,False,False,False,False,False,False,False,False,False,False,False,False,False,False,False,True,False,False,False,False,False,False,False,False,False,True,False
15.32,8.0,1.9,32.0,4.0,3200.0,199.0,745,4.083789048,7,False,False,False,False,False,False,False,False,False,False,False,False,False,False,False,False,False,False,False,False,False,False,False,False,False,False,True,False,False,False,False,False,False,False,False,False,True,False
12.9,8.0,1.9,32.0,4.0,2600.0,182.0,704,4.553666343,7,False,False,False,False,False,False,False,False,False,False,False,False,False,False,False,False,False,False,False,False,False,False,False,False,False,False,True,False,False,False,False,False,False,False,False,False,False,False
10.16,3.15,1.3,16.0,4.0,1500.0,128.5,984,3.824065727,7,False,False,False,False,False,False,False,False,False,False,False,False,False,False,False,False,False,False,False,False,False,False,False,False,False,False,True,False,False,False,False,False,False,False,False,False,False,False
10.34,5.0,0.3,32.0,4.0,2000.0,143.9,763,3.860729711,7,False,False,False,False,False,False,False,False,False,False,False,False,False,False,False,False,False,False,False,False,False,False,False,False,False,False,True,False,False,False,False,False,False,False,False,False,False,False
7.62,2.0,1.3,16.0,4.0,1200.0,100.5,715,3.431403224,7,False,False,False,False,False,False,False,False,False,False,False,False,False,False,False,False,False,False,False,False,False,False,False,False,False,False,True,False,False,False,False,False,False,False,False,False,False,False
7.62,2.0,1.3,16.0,4.0,1200.0,100.5,737,3.371081758,7,False,False,False,False,False,False,False,False,False,False,False,False,False,False,False,False,False,False,False,False,False,False,False,False,False,False,True,False,False,False,False,False,False,False,False,False,False,False
12.7,13.0,2.0,16.0,4.0,2600.0,130.0,574,3.883211924,7,False,False,False,False,False,False,False,False,False,False,False,False,False,False,False,False,False,False,False,False,False,False,False,False,False,False,True,False,False,False,False,False,False,False,False,False,True,False
12.7,13.0,2.0,16.0,4.0,2600.0,130.0,985,4.100326634,7,False,False,False,False,False,False,False,False,False,False,False,False,False,False,False,False,False,False,False,False,False,False,False,False,False,False,True,False,False,False,False,False,False,False,False,False,False,False
12.7,13.0,2.0,16.0,4.0,2600.0,132.0,1032,4.864607093,7,False,False,False,False,False,False,False,False,False,False,False,False,False,False,False,False,False,False,False,False,False,False,False,False,False,False,True,False,False,False,False,False,False,False,False,False,False,False
12.7,13.0,2.0,16.0,4.0,2600.0,130.1,887,4.800819203,7,False,False,False,False,False,False,False,False,False,False,False,False,False,False,False,False,False,False,False,False,False,False,False,False,False,False,True,False,False,False,False,False,False,False,False,False,True,False
5.28,2.0,1.3,16.0,4.0,1200.0,96.0,965,3.741234684,7,False,False,False,False,False,False,False,False,False,False,False,False,False,False,False,False,False,False,False,False,False,False,False,False,False,False,True,False,False,False,False,False,False,False,False,False,False,False
7.75,3.15,1.3,16.0,4.0,1000.0,130.4,913,3.612538221,7,False,False,False,False,False,False,False,False,False,False,False,False,False,False,False,False,False,False,False,False,False,False,False,False,False,False,True,False,False,False,False,False,False,True,False,False,False,False
7.62,3.15,1.3,16.0,4.0,1000.0,130.4,866,3.335413641,7,False,False,False,False,False,False,False,False,False,False,False,False,False,False,False,False,False,False,False,False,False,False,False,False,False,False,True,False,False,False,False,False,False,True,False,False,False,False
7.62,2.0,1.3,16.0,4.0,1000.0,89.2,542,2.855895328,7,False,False,False,False,False,False,False,False,False,False,False,False,False,False,False,False,False,False,False,False,False,False,False,False,False,False,True,False,False,False,False,False,False,True,False,False,False,False
5.28,1.3,1.3,16.0,4.0,1000.0,130.4,620,3.283539338,7,False,False,False,False,False,False,False,False,False,False,False,False,False,False,False,False,False,False,False,False,False,False,False,False,False,False,True,False,False,False,False,False,False,True,False,False,False,False
8.31,3.15,1.3,16.0,4.0,1300.0,112.0,611,3.569250967,7,False,False,False,False,False,False,False,False,False,False,False,False,False,False,False,False,False,False,False,False,False,False,False,False,False,False,True,False,False,False,False,False,False,False,False,False,False,False
7.75,5.0,0.3,16.0,4.0,1300.0,120.6,777,3.193352868,7,False,False,False,False,False,False,False,False,False,False,False,False,False,False,False,False,False,False,False,False,False,False,False,False,False,False,True,False,False,False,False,False,False,False,False,False,False,False
10.29,5.0,1.3,32.0,4.0,2000.0,139.1,1024,3.90479696,7,False,False,False,False,False,False,False,False,False,False,False,False,False,False,False,False,False,False,False,False,False,False,False,False,False,False,True,False,False,False,False,False,False,False,False,False,True,False
10.16,5.0,0.3,16.0,4.0,1700.0,148.5,950,4.305685401,7,False,False,False,False,False,False,False,False,False,False,False,False,False,False,False,False,False,False,False,False,False,False,False,False,False,False,True,False,False,False,False,False,False,False,False,False,False,False
10.24,8.0,2.0,32.0,4.0,1650.0,121.0,963,4.14234076,7,False,False,False,False,False,False,False,False,False,False,False,False,False,False,False,False,False,False,False,False,False,False,False,False,False,False,True,False,False,False,False,False,False,False,False,False,False,False
10.16,5.0,1.2,32.0,4.0,2100.0,125.0,713,3.978933711,7,False,False,False,False,False,False,False,False,False,False,False,False,False,False,False,False,False,False,False,False,False,False,False,False,False,False,True,False,False,False,False,False,False,False,True,False,True,False
11.81,8.0,1.9,32.0,4.0,2100.0,134.0,785,3.981922133,7,False,False,False,False,False,False,False,False,False,False,False,False,False,False,False,False,False,False,False,False,False,False,False,False,False,False,True,False,False,False,False,False,False,False,False,False,True,False
15.29,22.6,8.0,128.0,4.0,3130.0,146.0,262,4.873669439,1,False,False,False,False,False,False,False,False,False,False,False,False,False,False,False,False,False,False,False,False,False,False,False,True,False,False,False,False,False,False,False,False,False,False,False,False,True,False
15.21,12.0,16.0,64.0,4.0,2900.0,165.0,417,4.816645932,2,False,False,False,False,False,False,False,False,False,False,False,False,False,False,False,False,False,False,False,False,False,False,False,True,False,False,False,False,False,False,False,False,False,False,False,False,True,False
12.88,12.0,13.0,32.0,4.0,4000.0,175.0,607,4.631325143,2,False,False,False,False,False,False,False,False,False,False,False,False,False,False,False,False,False,False,False,False,False,False,False,True,False,False,False,False,False,False,False,False,False,False,False,False,True,False
12.83,12.0,8.0,64.0,4.0,2700.0,140.0,470,4.273745191,2,False,False,False,False,False,False,False,False,False,False,False,False,False,False,False,False,False,False,False,False,False,False,False,True,False,False,False,False,False,False,False,False,False,False,False,False,True,False
15.24,12.0,16.0,64.0,4.0,3200.0,167.4,518,5.100110301,2,False,False,False,False,False,False,False,False,False,False,False,False,False,False,False,False,False,False,False,False,False,False,False,True,False,False,False,False,False,False,False,False,False,False,False,False,True,False
15.24,12.0,16.3,64.0,4.0,3130.0,181.0,412,4.831986983,2,False,False,False,False,False,False,False,False,False,False,False,False,False,False,False,False,False,False,False,False,False,False,False,True,False,False,False,False,False,False,False,False,False,False,False,False,True,False
15.24,12.0,16.0,64.0,4.0,3200.0,165.4,532,5.128833059,2,False,False,False,False,False,False,False,False,False,False,False,False,False,False,False,False,False,False,False,False,False,False,False,True,False,False,False,False,False,False,False,False,False,False,False,False,True,False
12.83,16.0,20.0,64.0,4.0,3020.0,140.0,666,5.001930853,2,False,False,False,False,False,False,False,False,False,False,False,False,False,False,False,False,False,False,False,False,False,False,False,True,False,False,False,False,False,False,False,False,False,False,False,False,True,False
12.75,12.0,8.0,16.0,4.0,3100.0,165.0,665,4.213312081,2,False,False,False,False,False,False,False,False,False,False,False,False,False,False,False,False,False,False,False,False,False,False,False,True,False,False,False,False,False,False,False,False,False,False,False,False,True,False
12.83,12.0,5.0,32.0,4.0,5000.0,165.0,709,4.469350463,2,False,False,False,False,False,False,False,False,False,False,False,False,False,False,False,False,False,False,False,False,False,False,False,True,False,False,False,False,False,False,False,False,False,False,False,False,True,False
12.83,13.0,8.0,128.0,4.0,3020.0,140.0,623,4.882423063,3,False,False,False,False,False,False,False,False,False,False,False,False,False,False,False,False,False,False,False,False,False,False,False,True,False,False,False,False,False,False,False,False,False,False,False,False,True,False
12.88,16.0,13.0,64.0,4.0,3100.0,185.0,864,5.147145579,3,False,False,False,False,False,False,False,False,False,False,False,False,False,False,False,False,False,False,False,False,False,False,False,True,False,False,False,False,False,False,False,False,False,False,False,False,True,False
12.83,16.0,8.0,32.0,4.0,3000.0,160.0,991,4.487062098,4,False,False,False,False,False,False,False,False,False,False,False,False,False,False,False,False,False,False,False,False,False,False,False,True,False,False,False,False,False,False,False,False,False,False,False,False,True,False
12.83,13.0,13.0,64.0,4.0,2600.0,151.0,866,4.782897874,4,False,False,False,False,False,False,False,False,False,False,False,False,False,False,False,False,False,False,False,False,False,False,False,True,False,False,False,False,False,False,False,False,False,False,False,False,True,False
12.88,13.0,2.1,32.0,4.0,3000.0,168.0,703,4.678420648,5,False,False,False,False,False,False,False,False,False,False,False,False,False,False,False,False,False,False,False,False,False,False,False,True,False,False,False,False,False,False,False,False,False,False,False,False,True,False
12.75,8.0,2.1,16.0,4.0,2030.0,154.0,1043,4.162781724,5,False,False,False,False,False,False,False,False,False,False,False,False,False,False,False,False,False,False,False,False,False,False,False,True,False,False,False,False,False,False,False,False,False,False,False,False,True,False
12.7,8.0,1.2,32.0,4.0,2040.0,141.0,1076,3.865350597,6,False,False,False,False,False,False,False,False,False,False,False,False,False,False,False,False,False,False,False,False,False,False,False,True,False,False,False,False,False,False,False,False,False,False,False,False,True,False
12.7,12.0,8.0,64.0,4.0,4900.0,335.0,426,5.320225619,2,False,False,False,False,False,False,False,False,False,False,False,False,False,False,False,False,False,False,False,False,False,False,False,True,False,False,False,False,False,False,False,False,False,False,False,False,True,False
10.16,8.0,1.0,16.0,4.0,4800.0,290.0,654,5.21384821,6,False,False,False,False,False,False,False,False,False,False,False,False,False,False,False,False,False,False,False,False,False,False,False,True,False,False,False,False,False,False,False,False,False,False,False,False,True,False
6.68,5.0,2.0,32.0,4.0,4800.0,270.0,997,4.456089963,6,False,False,False,False,False,False,False,False,False,False,False,False,False,False,False,False,False,False,False,False,False,False,False,True,False,False,False,False,False,False,False,False,False,False,False,False,True,False
15.37,8.0,8.0,64.0,4.0,3330.0,180.0,328,5.468439816,1,False,False,False,False,False,False,False,False,False,False,False,False,False,False,False,False,False,False,False,False,False,False,False,False,False,False,False,True,False,False,False,False,False,False,False,False,True,False
15.37,8.0,8.0,64.0,4.0,3000.0,180.0,252,4.772801027,1,False,False,False,False,False,False,False,False,False,False,False,False,False,False,False,False,False,False,False,False,False,False,False,False,False,False,False,True,False,False,False,False,False,False,False,False,True,False
15.24,8.0,8.0,64.0,4.0,2870.0,162.0,235,4.914271226,1,False,False,False,False,False,False,False,False,False,False,False,False,False,False,False,False,False,False,False,False,False,False,False,False,False,False,False,True,False,False,False,False,False,False,False,False,True,False
12.88,8.0,8.0,32.0,4.0,3300.0,156.0,195,4.319885238,1,False,False,False,False,False,False,False,False,False,False,False,False,False,False,False,False,False,False,False,False,False,False,False,False,False,False,False,True,False,False,False,False,False,False,False,False,True,False
15.24,19.0,13.0,64.0,4.0,3300.0,193.0,662,5.340418543,2,False,False,False,False,False,False,False,False,False,False,False,False,False,False,False,False,False,False,False,False,False,False,False,False,False,False,False,True,False,False,False,False,False,False,False,False,True,False
15.24,23.0,8.0,64.0,4.0,3580.0,205.0,556,4.823421791,2,False,False,False,False,False,False,False,False,False,False,False,False,False,False,False,False,False,False,False,False,False,False,False,False,False,False,False,True,False,False,False,False,False,False,False,False,True,False
12.9,19.0,13.0,64.0,4.0,3540.0,236.0,520,5.208720833,2,False,False,False,False,False,False,False,False,False,False,False,False,False,False,False,False,False,False,False,False,False,False,False,False,False,False,False,True,False,False,False,False,False,False,False,False,True,False
12.88,19.0,5.0,64.0,4.0,3180.0,198.0,717,4.473807868,2,False,False,False,False,False,False,False,False,False,False,False,False,False,False,False,False,False,False,False,False,False,False,False,False,False,False,False,True,False,False,False,False,False,False,False,False,True,False
12.7,19.0,5.0,64.0,4.0,2870.0,168.0,703,4.502694394,2,False,False,False,False,False,False,False,False,False,False,False,False,False,False,False,False,False,False,False,False,False,False,False,False,False,False,False,True,False,False,False,False,False,False,False,False,True,False
15.24,23.0,8.0,32.0,4.0,3580.0,221.0,454,4.915665057,2,False,False,False,False,False,False,False,False,False,False,False,False,False,False,False,False,False,False,False,False,False,False,False,False,False,False,False,True,False,False,False,False,False,False,False,False,True,False
12.75,23.0,8.0,32.0,4.0,3300.0,171.0,436,4.637056375,2,False,False,False,False,False,False,False,False,False,False,False,False,False,False,False,False,False,False,False,False,False,False,False,False,False,False,False,True,False,False,False,False,False,False,False,False,True,False
12.83,13.0,8.0,32.0,4.0,3300.0,178.0,694,4.678327707,2,False,False,False,False,False,False,False,False,False,False,False,False,False,False,False,False,False,False,False,False,False,False,False,False,False,False,False,True,False,False,False,False,False,False,False,False,True,False
12.75,19.0,13.0,64.0,4.0,2700.0,155.0,636,4.511408806,3,False,False,False,False,False,False,False,False,False,False,False,False,False,False,False,False,False,False,False,False,False,False,False,False,False,False,False,True,False,False,False,False,False,False,False,False,True,False
12.83,23.0,8.0,32.0,4.0,3430.0,189.0,728,4.728183962,3,False,False,False,False,False,False,False,False,False,False,False,False,False,False,False,False,False,False,False,False,False,False,False,False,False,False,False,True,False,False,False,False,False,False,False,False,True,False
10.31,19.0,8.0,32.0,4.0,2700.0,140.0,747,4.598145571,3,False,False,False,False,False,False,False,False,False,False,False,False,False,False,False,False,False,False,False,False,False,False,False,False,False,False,False,True,False,False,False,False,False,False,False,False,True,False
12.83,13.0,5.0,16.0,4.0,2620.0,180.0,786,4.108904714,3,False,False,False,False,False,False,False,False,False,False,False,False,False,False,False,False,False,False,False,False,False,False,False,False,False,False,False,True,False,False,False,False,False,False,False,False,True,False
12.75,19.0,13.0,32.0,4.0,2900.0,161.0,661,4.553982149,3,False,False,False,False,False,False,False,False,False,False,False,False,False,False,False,False,False,False,False,False,False,False,False,False,False,False,False,True,False,False,False,False,False,False,False,False,True,False
13.87,19.0,13.0,64.0,4.0,3230.0,195.0,675,4.938494616,3,False,False,False,False,False,False,False,False,False,False,False,False,False,False,False,False,False,False,False,False,False,False,False,False,False,False,False,True,False,False,False,False,False,False,False,False,True,False
15.24,23.0,16.0,32.0,4.0,2700.0,188.0,705,4.931159093,3,False,False,False,False,False,False,False,False,False,False,False,False,False,False,False,False,False,False,False,False,False,False,False,False,False,False,False,True,False,False,False,False,False,False,False,False,True,False
12.7,23.0,8.0,32.0,4.0,2300.0,143.0,615,4.592793915,3,False,False,False,False,False,False,False,False,False,False,False,False,False,False,False,False,False,False,False,False,False,False,False,False,False,False,False,True,False,False,False,False,False,False,False,False,True,False
10.31,23.0,5.0,32.0,4.0,2700.0,135.0,922,4.66192852,4,False,False,False,False,False,False,False,False,False,False,False,False,False,False,False,False,False,False,False,False,False,False,False,False,False,False,False,True,False,False,False,False,False,False,False,False,True,False
12.75,23.0,13.0,32.0,4.0,2900.0,161.0,603,4.869916227,4,False,False,False,False,False,False,False,False,False,False,False,False,False,False,False,False,False,False,False,False,False,False,False,False,False,False,False,True,False,False,False,False,False,False,False,False,True,False
12.7,13.0,5.0,16.0,4.0,2300.0,147.0,853,4.02731405,4,False,False,False,False,False,False,False,False,False,False,False,False,False,False,False,False,False,False,False,False,False,False,False,False,False,False,False,True,False,False,False,False,False,False,False,False,True,False
15.24,21.5,16.0,16.0,4.0,2700.0,202.0,1091,4.864066907,4,False,False,False,False,False,False,False,False,False,False,False,False,False,False,False,False,False,False,False,False,False,False,False,False,False,False,False,True,False,False,False,False,False,False,False,False,True,False
12.7,23.0,13.0,32.0,4.0,2700.0,164.4,1066,5.1075805,4,False,False,False,False,False,False,False,False,False,False,False,False,False,False,False,False,False,False,False,False,False,False,False,False,False,False,False,True,False,False,False,False,False,False,False,False,True,False
12.7,23.0,13.0,32.0,4.0,2620.0,153.0,818,4.768139014,4,False,False,False,False,False,False,False,False,False,False,False,False,False,False,False,False,False,False,False,False,False,False,False,False,False,False,False,True,False,False,False,False,False,False,False,False,True,False
12.7,13.0,8.0,16.0,4.0,2300.0,137.4,555,4.543294782,4,False,False,False,False,False,False,False,False,False,False,False,False,False,False,False,False,False,False,False,False,False,False,False,False,False,False,False,True,False,False,False,False,False,False,False,False,True,False
12.7,13.0,8.0,16.0,4.0,2300.0,137.4,621,4.325720798,4,False,False,False,False,False,False,False,False,False,False,False,False,False,False,False,False,False,False,False,False,False,False,False,False,False,False,False,True,False,False,False,False,False,False,False,False,True,False
12.83,23.0,5.1,32.0,4.0,3430.0,180.0,793,4.935193099,5,False,False,False,False,False,False,False,False,False,False,False,False,False,False,False,False,False,False,False,False,False,False,False,False,False,False,False,True,False,False,False,False,False,False,False,False,True,False
12.83,23.0,5.1,32.0,4.0,3430.0,180.0,1016,4.848430041,5,False,False,False,False,False,False,False,False,False,False,False,False,False,False,False,False,False,False,False,False,False,False,False,False,False,False,False,True,False,False,False,False,False,False,False,False,True,False
12.75,23.0,5.1,32.0,4.0,2900.0,154.0,694,4.703657133,5,False,False,False,False,False,False,False,False,False,False,False,False,False,False,False,False,False,False,False,False,False,False,False,False,False,False,False,True,False,False,False,False,False,False,False,False,True,False
12.75,23.0,5.1,32.0,4.0,2900.0,154.0,973,4.877484781,5,False,False,False,False,False,False,False,False,False,False,False,False,False,False,False,False,False,False,False,False,False,False,False,False,False,False,False,True,False,False,False,False,False,False,False,False,True,False
10.31,23.0,5.1,32.0,4.0,2700.0,138.0,700,4.377390906,5,False,False,False,False,False,False,False,False,False,False,False,False,False,False,False,False,False,False,False,False,False,False,False,False,False,False,False,True,False,False,False,False,False,False,False,False,True,False
12.7,21.2,13.0,16.0,4.0,2600.0,142.6,647,4.448984103,5,False,False,False,False,False,False,False,False,False,False,False,False,False,False,False,False,False,False,False,False,False,False,False,False,False,False,False,True,False,False,False,False,False,False,False,False,True,False
12.7,21.2,13.0,16.0,4.0,2600.0,142.5,693,4.733387484,5,False,False,False,False,False,False,False,False,False,False,False,False,False,False,False,False,False,False,False,False,False,False,False,False,False,False,False,True,False,False,False,False,False,False,False,False,True,False
15.24,13.0,13.0,16.0,4.0,2930.0,187.0,894,4.913022465,5,False,False,False,False,False,False,False,False,False,False,False,False,False,False,False,False,False,False,False,False,False,False,False,False,False,False,False,True,False,False,False,False,False,False,False,False,True,False
15.24,13.0,13.0,16.0,4.0,2930.0,187.0,848,4.428433007,5,False,False,False,False,False,False,False,False,False,False,False,False,False,False,False,False,False,False,False,False,False,False,False,False,False,False,False,True,False,False,False,False,False,False,False,False,True,False
12.75,20.7,5.1,32.0,4.0,2930.0,144.0,545,4.539030383,5,False,False,False,False,False,False,False,False,False,False,False,False,False,False,False,False,False,False,False,False,False,False,False,False,False,False,False,True,False,False,False,False,False,False,False,False,True,False
12.75,20.7,5.1,32.0,4.0,2930.0,144.0,795,4.29837325,5,False,False,False,False,False,False,False,False,False,False,False,False,False,False,False,False,False,False,False,False,False,False,False,False,False,False,False,True,False,False,False,False,False,False,False,False,True,False
12.83,13.0,5.0,16.0,4.0,2600.0,147.0,842,4.307303088,5,False,False,False,False,False,False,False,False,False,False,False,False,False,False,False,False,False,False,False,False,False,False,False,False,False,False,False,True,False,False,False,False,False,False,False,False,True,False
12.83,13.0,5.0,16.0,4.0,2600.0,147.0,806,4.585477553,5,False,False,False,False,False,False,False,False,False,False,False,False,False,False,False,False,False,False,False,False,False,False,False,False,False,False,False,True,False,False,False,False,False,False,False,False,True,False
12.7,13.0,5.0,32.0,4.0,2400.0,135.0,765,4.416790315,5,False,False,False,False,False,False,False,False,False,False,False,False,False,False,False,False,False,False,False,False,False,False,False,False,False,False,False,True,False,False,False,False,False,False,False,False,True,False
12.7,13.0,5.0,32.0,4.0,2400.0,136.0,797,4.299052551,5,False,False,False,False,False,False,False,False,False,False,False,False,False,False,False,False,False,False,False,False,False,False,False,False,False,False,False,True,False,False,False,False,False,False,False,False,True,False
10.34,5.0,2.0,32.0,4.0,2300.0,135.0,817,3.788045826,5,False,False,False,False,False,False,False,False,False,False,False,False,False,False,False,False,False,False,False,False,False,False,False,False,False,False,False,True,False,False,False,False,False,False,False,False,True,False
10.34,5.0,2.0,32.0,4.0,2300.0,135.0,1010,4.065430552,5,False,False,False,False,False,False,False,False,False,False,False,False,False,False,False,False,False,False,False,False,False,False,False,False,False,False,False,True,False,False,False,False,False,False,False,False,True,False
12.7,5.0,2.0,32.0,4.0,2300.0,144.0,682,4.186923744,5,False,False,False,False,False,False,False,False,False,False,False,False,False,False,False,False,False,False,False,False,False,False,False,False,False,False,False,True,False,False,False,False,False,False,False,False,False,False
12.7,5.0,2.0,32.0,4.0,2300.0,144.0,713,4.127134385,5,False,False,False,False,False,False,False,False,False,False,False,False,False,False,False,False,False,False,False,False,False,False,False,False,False,False,False,True,False,False,False,False,False,False,False,False,False,False
10.29,5.0,0.3,16.0,4.0,2330.0,143.8,954,3.390136434,6,False,False,False,False,False,False,False,False,False,False,False,False,False,False,False,False,False,False,False,False,False,False,False,False,False,False,False,True,False,False,False,False,False,False,False,False,False,False
10.29,5.0,0.3,16.0,4.0,2330.0,143.8,879,4.21597205,6,False,False,False,False,False,False,False,False,False,False,False,False,False,False,False,False,False,False,False,False,False,False,False,False,False,False,False,True,False,False,False,False,False,False,False,False,True,False
12.75,20.7,2.2,16.0,4.0,3100.0,152.0,982,4.966544073,6,False,False,False,False,False,False,False,False,False,False,False,False,False,False,False,False,False,False,False,False,False,False,False,False,False,False,False,True,False,False,False,False,False,False,False,False,True,False
12.75,20.7,2.2,32.0,4.0,3200.0,170.6,1094,4.724640686,6,False,False,False,False,False,False,False,False,False,False,False,False,False,False,False,False,False,False,False,False,False,False,False,False,False,False,False,True,False,False,False,False,False,False,False,False,True,False
12.75,20.7,2.2,16.0,4.0,3100.0,152.0,686,4.422208424,6,False,False,False,False,False,False,False,False,False,False,False,False,False,False,False,False,False,False,False,False,False,False,False,False,False,False,False,True,False,False,False,False,False,False,False,False,True,False
10.31,20.7,2.2,16.0,4.0,2600.0,129.0,1047,4.415582293,6,False,False,False,False,False,False,False,False,False,False,False,False,False,False,False,False,False,False,False,False,False,False,False,False,False,False,False,True,False,False,False,False,False,False,False,False,True,False
10.36,8.0,0.3,32.0,4.0,2300.0,149.0,1046,3.73289634,6,False,False,False,False,False,False,False,False,False,False,False,False,False,False,False,False,False,False,False,False,False,False,False,False,False,False,False,True,False,False,False,False,False,False,False,False,True,False
12.83,8.0,5.0,32.0,4.0,2500.0,149.7,615,4.138680376,6,False,False,False,False,False,False,False,False,False,False,False,False,False,False,False,False,False,False,False,False,False,False,False,False,False,False,False,True,False,False,False,False,False,False,False,False,False,False
12.83,8.0,5.0,32.0,4.0,2500.0,149.7,808,4.118549251,6,False,False,False,False,False,False,False,False,False,False,False,False,False,False,False,False,False,False,False,False,False,False,False,False,False,False,False,True,False,False,False,False,False,False,False,False,True,False
12.7,20.7,0.3,16.0,4.0,3000.0,163.0,568,4.539350845,6,False,False,False,False,False,False,False,False,False,False,False,False,False,False,False,False,False,False,False,False,False,False,False,False,False,False,False,True,False,False,False,False,False,False,False,False,True,False
12.78,8.0,1.1,32.0,4.0,2500.0,148.0,845,4.377265318,6,False,False,False,False,False,False,False,False,False,False,False,False,False,False,False,False,False,False,False,False,False,False,False,False,False,False,False,True,False,False,False,False,False,False,False,False,True,False
10.36,8.0,0.3,32.0,4.0,2300.0,148.0,724,4.068171688,6,False,False,False,False,False,False,False,False,False,False,False,False,False,False,False,False,False,False,False,False,False,False,False,False,False,False,False,True,False,False,False,False,False,False,False,False,True,False
10.36,8.0,0.3,32.0,4.0,2300.0,148.0,962,3.683615624,6,False,False,False,False,False,False,False,False,False,False,False,False,False,False,False,False,False,False,False,False,False,False,False,False,False,False,False,True,False,False,False,False,False,False,False,False,False,False
12.75,20.7,2.2,16.0,4.0,3200.0,163.0,1032,4.770854102,6,False,False,False,False,False,False,False,False,False,False,False,False,False,False,False,False,False,False,False,False,False,False,False,False,False,False,False,True,False,False,False,False,False,False,False,False,True,False
10.16,3.15,2.0,16.0,4.0,1750.0,122.0,666,4.01566204,6,False,False,False,False,False,False,False,False,False,False,False,False,False,False,False,False,False,False,False,False,False,False,False,False,False,False,False,True,False,False,False,False,False,False,False,False,False,False
10.16,3.15,2.0,16.0,4.0,1700.0,120.0,756,3.789403292,6,False,False,False,False,False,False,False,False,False,False,False,False,False,False,False,False,False,False,False,False,False,False,False,False,False,False,False,True,False,False,False,False,False,False,False,False,False,False
15.24,13.0,1.1,32.0,4.0,3000.0,171.8,1014,4.814052528,6,False,False,False,False,False,False,False,False,False,False,False,False,False,False,False,False,False,False,False,False,False,False,False,False,False,False,False,True,False,False,False,False,False,False,False,False,False,False
15.24,13.0,1.1,32.0,4.0,3000.0,171.7,647,4.114637265,6,False,False,False,False,False,False,False,False,False,False,False,False,False,False,False,False,False,False,False,False,False,False,False,False,False,False,False,True,False,False,False,False,False,False,False,False,True,False
12.7,20.7,2.0,32.0,4.0,3000.0,162.0,794,4.527100531,6,False,False,False,False,False,False,False,False,False,False,False,False,False,False,False,False,False,False,False,False,False,False,False,False,False,False,False,True,False,False,False,False,False,False,False,False,True,False
10.24,20.7,2.0,16.0,4.0,2300.0,137.0,1054,4.36500763,6,False,False,False,False,False,False,False,False,False,False,False,False,False,False,False,False,False,False,False,False,False,False,False,False,False,False,False,True,False,False,False,False,False,False,False,False,True,False
12.7,20.7,2.0,16.0,4.0,3000.0,170.0,1060,4.422808628,7,False,False,False,False,False,False,False,False,False,False,False,False,False,False,False,False,False,False,False,False,False,False,False,False,False,False,False,True,False,False,False,False,False,False,False,False,True,False
15.34,8.0,2.0,16.0,4.0,3050.0,212.0,1081,4.121959729,7,False,False,False,False,False,False,False,False,False,False,False,False,False,False,False,False,False,False,False,False,False,False,False,False,False,False,False,True,False,False,False,False,False,False,False,False,True,False
12.7,8.0,0.3,16.0,4.0,2390.0,153.0,763,4.273605886,7,False,False,False,False,False,False,False,False,False,False,False,False,False,False,False,False,False,False,False,False,False,False,False,False,False,False,False,True,False,False,False,False,False,False,False,False,False,False
10.16,5.0,0.3,16.0,4.0,1750.0,115.0,934,3.918402612,7,False,False,False,False,False,False,False,False,False,False,False,False,False,False,False,False,False,False,False,False,False,False,False,False,False,False,False,True,False,False,False,False,False,False,False,False,False,False
11.56,13.1,0.3,32.0,4.0,2300.0,138.0,601,4.392842927,7,False,False,False,False,False,False,False,False,False,False,False,False,False,False,False,False,False,False,False,False,False,False,False,False,False,False,False,True,False,False,False,False,False,False,False,False,True,False
10.24,8.0,0.3,32.0,4.0,1750.0,137.0,673,3.697343533,7,False,False,False,False,False,False,False,False,False,False,False,False,False,False,False,False,False,False,False,False,False,False,False,False,False,False,False,True,False,False,False,False,False,False,False,False,False,False
10.31,8.0,0.3,32.0,4.0,2370.0,155.0,588,4.325720798,7,False,False,False,False,False,False,False,False,False,False,False,False,False,False,False,False,False,False,False,False,False,False,False,False,False,False,False,True,False,False,False,False,False,False,False,False,True,False
12.7,13.1,2.2,16.0,4.0,2330.0,146.0,930,4.566117459,7,False,False,False,False,False,False,False,False,False,False,False,False,False,False,False,False,False,False,False,False,False,False,False,False,False,False,False,True,False,False,False,False,False,False,False,False,True,False
12.7,13.0,2.0,16.0,4.0,2370.0,151.0,558,4.213312081,7,False,False,False,False,False,False,False,False,False,False,False,False,False,False,False,False,False,False,False,False,False,False,False,False,False,False,False,True,False,False,False,False,False,False,False,False,True,False
10.29,5.0,2.0,16.0,4.0,1700.0,107.0,811,3.548754946,6,False,False,False,False,False,False,False,False,False,False,False,False,False,False,False,False,False,False,False,False,False,False,False,False,False,False,False,False,True,False,False,False,False,False,False,False,False,False
12.7,8.0,1.3,16.0,4.0,1800.0,177.0,592,4.110709916,6,False,False,False,False,False,False,False,False,False,False,False,False,False,False,False,False,False,False,False,False,False,False,False,False,False,False,False,False,True,False,False,False,False,False,False,False,False,False
7.75,2.0,1.3,16.0,4.0,1750.0,112.0,998,3.057297629,6,False,False,False,False,False,False,False,False,False,False,False,False,False,False,False,False,False,False,False,False,False,False,False,False,False,False,False,False,True,False,False,False,False,False,False,False,False,False
10.16,2.0,1.3,16.0,4.0,1750.0,122.0,593,3.335413641,6,False,False,False,False,False,False,False,False,False,False,False,False,False,False,False,False,False,False,False,False,False,False,False,False,False,False,False,False,True,False,False,False,False,False,False,False,False,False
10.16,2.0,1.3,16.0,4.0,1750.0,155.0,1055,3.667400422,6,False,False,False,False,False,False,False,False,False,False,False,False,False,False,False,False,False,False,False,False,False,False,False,False,False,False,False,False,True,False,False,False,False,False,False,False,False,False
12.7,8.0,1.3,16.0,4.0,1800.0,190.0,692,4.061304708,6,False,False,False,False,False,False,False,False,False,False,False,False,False,False,False,False,False,False,False,False,False,False,False,False,False,False,False,False,True,False,False,False,False,False,False,False,False,False
10.29,3.15,1.3,16.0,4.0,1450.0,156.0,711,3.374853406,6,False,False,False,False,False,False,False,False,False,False,False,False,False,False,False,False,False,False,False,False,False,False,False,False,False,False,False,False,True,False,False,False,False,False,False,False,False,False
10.29,5.0,1.3,16.0,4.0,2100.0,158.0,1053,3.587400285,7,False,False,False,False,False,False,False,False,False,False,False,False,False,False,False,False,False,False,False,False,False,False,False,False,False,False,False,False,True,False,False,False,False,False,False,False,False,False
10.16,3.15,1.3,512.0,0.25,2100.0,158.0,1025,3.02140002,7,False,False,False,False,False,False,False,False,False,False,False,False,False,False,False,False,False,False,False,False,False,False,False,False,False,False,False,False,True,False,False,False,False,False,False,False,False,False
7.75,1.3,0.3,512.0,0.25,2100.0,158.0,794,2.660259537,7,False,False,False,False,False,False,False,False,False,False,False,False,False,False,False,False,False,False,False,False,False,False,False,False,False,False,False,False,True,False,False,False,False,False,False,False,False,False
10.29,8.0,2.0,16.0,4.0,2100.0,155.0,802,4.009512627,7,False,False,False,False,False,False,False,False,False,False,False,False,False,False,False,False,False,False,False,False,False,False,False,False,False,False,False,False,True,False,False,False,False,False,False,False,False,False
10.29,8.0,1.3,16.0,4.0,2100.0,190.0,814,3.785552341,7,False,False,False,False,False,False,False,False,False,False,False,False,False,False,False,False,False,False,False,False,False,False,False,False,False,False,False,False,True,False,False,False,False,False,False,False,False,False
10.29,5.0,1.3,16.0,4.0,1730.0,123.3,1086,3.842029634,7,False,False,False,False,False,False,False,False,False,False,False,False,False,False,False,False,False,False,False,False,False,False,False,False,False,False,False,False,True,False,False,False,False,False,False,False,False,False
10.29,3.15,1.3,16.0,4.0,2100.0,108.0,1083,3.461351304,7,False,False,False,False,False,False,False,False,False,False,False,False,False,False,False,False,False,False,False,False,False,False,False,False,False,False,False,False,True,False,False,False,False,False,False,False,False,False
10.16,5.0,1.3,16.0,4.0,2100.0,100.0,1020,3.370050653,7,False,False,False,False,False,False,False,False,False,False,False,False,False,False,False,False,False,False,False,False,False,False,False,False,False,False,False,False,True,False,False,False,False,False,False,False,False,False
7.75,3.15,1.3,16.0,4.0,2100.0,125.0,1028,3.294354286,7,False,False,False,False,False,False,False,False,False,False,False,False,False,False,False,False,False,False,False,False,False,False,False,False,False,False,False,False,True,False,False,False,False,False,False,False,False,False
12.7,8.0,2.0,32.0,4.0,2100.0,175.0,894,4.28661645,7,False,False,False,False,False,False,False,False,False,False,False,False,False,False,False,False,False,False,False,False,False,False,False,False,False,False,False,False,True,False,False,False,False,False,False,False,False,False
12.7,5.0,0.3,16.0,4.0,2000.0,161.0,967,3.568969157,7,False,False,False,False,False,False,False,False,False,False,False,False,False,False,False,False,False,False,False,False,False,False,False,False,False,False,False,False,True,False,False,False,False,False,False,False,False,False
12.7,8.0,3.0,16.0,4.0,2100.0,176.0,1088,4.100160948,7,False,False,False,False,False,False,False,False,False,False,False,False,False,False,False,False,False,False,False,False,False,False,False,False,False,False,False,False,True,False,False,False,False,False,False,False,False,False
12.7,5.0,1.3,16.0,4.0,2100.0,186.0,667,4.023206534,7,False,False,False,False,False,False,False,False,False,False,False,False,False,False,False,False,False,False,False,False,False,False,False,False,False,False,False,False,True,False,False,False,False,False,False,False,False,False
10.29,5.0,1.3,16.0,4.0,2100.0,143.0,878,3.673511977,7,False,False,False,False,False,False,False,False,False,False,False,False,False,False,False,False,False,False,False,False,False,False,False,False,False,False,False,False,True,False,False,False,False,False,False,False,False,False
10.29,3.15,1.3,16.0,4.0,2100.0,130.0,1054,3.547603867,7,False,False,False,False,False,False,False,False,False,False,False,False,False,False,False,False,False,False,False,False,False,False,False,False,False,False,False,False,True,False,False,False,False,False,False,False,False,False
10.16,3.15,1.3,16.0,4.0,1300.0,90.0,858,3.237893831,7,False,False,False,False,False,False,False,False,False,False,False,False,False,False,False,False,False,False,False,False,False,False,False,False,False,False,False,False,True,False,False,False,False,False,False,False,False,False
7.75,3.15,1.3,16.0,4.0,1500.0,135.0,615,3.161246712,7,False,False,False,False,False,False,False,False,False,False,False,False,False,False,False,False,False,False,False,False,False,False,False,False,False,False,False,False,True,False,False,False,False,False,False,False,False,False
12.7,5.0,1.3,16.0,4.0,2100.0,185.0,747,3.888344878,7,False,False,False,False,False,False,False,False,False,False,False,False,False,False,False,False,False,False,False,False,False,False,False,False,False,False,False,False,True,False,False,False,False,False,False,False,False,False
12.78,8.0,5.0,16.0,4.0,2550.0,196.3,912,4.134366237,7,False,False,False,False,False,False,False,False,False,False,False,False,False,False,False,False,False,False,False,False,False,False,False,False,False,False,False,False,True,False,False,False,False,False,False,False,False,False
12.78,8.0,5.0,16.0,4.0,2550.0,196.3,730,3.986388087,7,False,False,False,False,False,False,False,False,False,False,False,False,False,False,False,False,False,False,False,False,False,False,False,False,False,False,False,False,True,False,False,False,False,False,False,False,False,False
10.29,8.0,1.3,16.0,4.0,2100.0,158.0,994,4.306090069,7,False,False,False,False,False,False,False,False,False,False,False,False,False,False,False,False,False,False,False,False,False,False,False,False,False,False,False,False,True,False,False,False,False,False,False,False,False,False
7.75,3.15,0.3,16.0,4.0,1750.0,100.0,587,3.555919327,7,False,False,False,False,False,False,False,False,False,False,False,False,False,False,False,False,False,False,False,False,False,False,False,True,False,False,False,False,False,False,False,False,False,False,False,False,False,False
12.7,13.0,8.0,16.0,4.0,2200.0,153.0,779,4.620058798,4,False,False,False,False,False,False,False,False,False,False,False,False,False,False,False,False,False,False,False,False,False,False,False,True,False,False,False,False,False,False,False,False,False,False,False,False,True,False
15.24,13.0,8.0,16.0,4.0,2500.0,207.0,724,4.654626795,4,False,False,False,False,False,False,False,False,False,False,False,False,False,False,False,False,False,False,False,False,False,False,False,True,False,False,False,False,False,False,False,False,False,False,False,False,True,False
12.83,8.0,5.0,32.0,4.0,2500.0,170.0,1044,4.447111881,5,False,False,False,False,False,False,False,False,False,False,False,False,False,False,False,False,False,False,False,False,False,False,False,True,False,False,False,False,False,False,False,False,False,False,False,False,False,False
12.7,8.0,5.0,32.0,4.0,2500.0,161.0,790,4.178685711,5,False,False,False,False,False,False,False,False,False,False,False,False,False,False,False,False,False,False,False,False,False,False,False,True,False,False,False,False,False,False,False,False,False,False,False,False,False,False
12.83,8.0,5.0,32.0,4.0,2500.0,172.0,590,4.099000374,5,False,False,False,False,False,False,False,False,False,False,False,False,False,False,False,False,False,False,False,False,False,False,False,True,False,False,False,False,False,False,False,False,False,False,False,False,False,False
12.7,8.0,1.3,16.0,4.0,2100.0,159.0,873,3.949896658,6,False,False,False,False,False,False,False,False,False,False,False,False,False,False,False,False,False,False,False,False,False,False,False,True,False,False,False,False,False,False,False,False,False,False,False,False,False,False
10.29,8.0,1.3,32.0,4.0,2500.0,130.0,943,4.12049952,5,False,False,False,False,False,False,False,False,False,False,False,False,False,False,False,False,False,False,False,False,False,False,False,True,False,False,False,False,False,False,False,False,False,False,False,False,True,False
5.18,1.3,2.0,128.0,0.25,2100.0,98.0,713,3.335057579,6,False,False,False,False,False,False,False,False,False,False,False,False,False,False,False,False,False,False,False,False,False,False,False,True,False,False,False,False,False,False,False,False,False,True,False,False,False,False
10.29,5.0,0.3,16.0,4.0,1650.0,142.0,958,3.744314161,6,False,False,False,False,False,False,False,False,False,False,False,False,False,False,False,False,False,False,False,False,False,False,False,True,False,False,False,False,False,False,False,False,False,False,False,False,False,False
12.7,8.0,2.0,32.0,4.0,2500.0,112.0,1087,4.251490751,5,False,False,False,False,False,False,False,False,False,False,False,False,False,False,False,False,False,False,False,False,False,False,False,True,False,False,False,False,False,False,False,False,False,False,False,False,False,False
12.7,8.0,5.0,32.0,4.0,2500.0,135.0,547,4.009694033,5,False,False,False,False,False,False,False,False,False,False,False,False,False,False,False,False,False,False,False,False,False,False,False,True,False,False,False,False,False,False,False,False,False,False,False,False,False,False
10.16,8.0,1.3,16.0,4.0,2500.0,128.0,782,3.903385812,5,False,False,False,False,False,False,False,False,False,False,False,False,False,False,False,False,False,False,False,False,False,False,False,True,False,False,False,False,False,False,False,False,False,False,False,False,False,False
10.16,5.0,1.3,512.0,0.25,2500.0,112.0,543,3.073618812,5,False,False,False,False,False,False,False,False,False,False,False,False,False,False,False,False,False,False,False,False,False,False,False,True,False,False,False,False,False,False,False,False,False,False,False,False,False,False
5.13,2.0,2.0,128.0,0.25,2100.0,110.0,927,3.780318514,6,False,False,False,False,False,False,False,False,False,False,False,False,False,False,False,False,False,False,False,False,False,False,False,True,False,False,False,False,False,False,False,False,False,True,False,False,False,False
7.75,2.0,0.3,16.0,4.0,1200.0,105.0,1088,3.408172995,6,False,False,False,False,False,False,False,False,False,False,False,False,False,False,False,False,False,False,False,False,False,False,False,True,False,False,False,False,False,False,False,False,False,False,False,False,False,False
12.7,8.0,2.0,16.0,4.0,2000.0,140.0,621,4.154812309,6,False,False,False,False,False,False,False,False,False,False,False,False,False,False,False,False,False,False,False,False,False,False,False,True,False,False,False,False,False,False,False,False,False,False,False,False,True,False
17.78,3.15,0.3,16.0,4.0,2500.0,250.0,683,4.284827171,6,False,False,False,False,False,False,False,False,False,False,False,False,False,False,False,False,False,False,False,False,False,False,False,True,False,False,False,False,False,False,False,False,False,False,False,False,False,False
15.42,13.0,16.0,256.0,4.0,4000.0,190.25,407,5.408740048,1,False,False,False,False,False,False,False,False,False,False,False,False,False,False,False,False,False,False,False,False,False,False,False,False,False,False,False,False,False,True,False,False,False,False,False,False,True,False
16.59,13.0,16.0,128.0,4.0,3940.0,189.5,351,4.749010756,1,False,False,False,False,False,False,False,False,False,False,False,False,False,False,False,False,False,False,False,False,False,False,False,False,False,False,False,False,False,True,False,False,False,False,False,False,True,False
16.23,13.0,16.0,256.0,4.0,4000.0,188.0,237,5.196616812,1,False,False,False,False,False,False,False,False,False,False,False,False,False,False,False,False,False,False,False,False,False,False,False,False,False,False,False,False,False,True,False,False,False,False,False,False,True,False
16.59,13.0,16.0,64.0,4.0,4000.0,189.5,415,5.001123534,1,False,False,False,False,False,False,False,False,False,False,False,False,False,False,False,False,False,False,False,False,False,False,False,False,False,False,False,False,False,True,False,False,False,False,False,False,True,False
16.28,13.0,12.0,256.0,4.0,4000.0,180.0,305,4.941499555,1,False,False,False,False,False,False,False,False,False,False,False,False,False,False,False,False,False,False,False,False,False,False,False,False,False,False,False,False,False,True,False,False,False,False,False,False,True,False
16.23,13.0,16.0,128.0,4.0,3700.0,185.0,430,5.07467369,1,False,False,False,False,False,False,False,False,False,False,False,False,False,False,False,False,False,False,False,False,False,False,False,False,False,False,False,False,False,True,False,False,False,False,False,False,True,False
15.9,13.0,16.0,64.0,4.0,3260.0,149.3,375,4.808845454,1,False,False,False,False,False,False,False,False,False,False,False,False,False,False,False,False,False,False,False,False,False,False,False,False,False,False,False,False,False,True,False,False,False,False,False,False,True,False
16.23,13.0,12.0,128.0,4.0,3500.0,199.0,603,4.830231896,2,False,False,False,False,False,False,False,False,False,False,False,False,False,False,False,False,False,False,False,False,False,False,False,False,False,False,False,False,False,True,False,False,False,False,False,False,True,False
15.29,13.0,8.0,128.0,4.0,4030.0,165.0,411,4.761062206,2,False,False,False,False,False,False,False,False,False,False,False,False,False,False,False,False,False,False,False,False,False,False,False,False,False,False,False,False,False,True,False,False,False,False,False,False,True,False
15.8,13.0,20.0,64.0,4.0,4030.0,163.5,607,4.973417906,2,False,False,False,False,False,False,False,False,False,False,False,False,False,False,False,False,False,False,False,False,False,False,False,False,False,False,False,False,False,True,False,False,False,False,False,False,True,False
15.9,13.0,16.0,32.0,4.0,3260.0,156.2,623,4.645928178,2,False,False,False,False,False,False,False,False,False,False,False,False,False,False,False,False,False,False,False,False,False,False,False,False,False,False,False,False,False,True,False,False,False,False,False,False,True,False
15.29,13.0,8.0,64.0,4.0,4030.0,163.5,621,4.311335894,2,False,False,False,False,False,False,False,False,False,False,False,False,False,False,False,False,False,False,False,False,False,False,False,False,False,False,False,False,False,True,False,False,False,False,False,False,True,False
15.8,13.0,8.0,16.0,4.0,4030.0,163.5,261,4.203647297,1,False,False,False,False,False,False,False,False,False,False,False,False,False,False,False,False,False,False,False,False,False,False,False,False,False,False,False,False,False,True,False,False,False,False,False,False,True,False
15.8,13.0,8.0,64.0,4.0,4030.0,163.5,198,4.526667958,1,False,False,False,False,False,False,False,False,False,False,False,False,False,False,False,False,False,False,False,False,False,False,False,False,False,False,False,False,False,True,False,False,False,False,False,False,True,False
15.8,13.0,8.0,32.0,4.0,4030.0,163.5,538,4.747624154,2,False,False,False,False,False,False,False,False,False,False,False,False,False,False,False,False,False,False,False,False,False,False,False,False,False,False,False,False,False,True,False,False,False,False,False,False,True,False
15.8,13.0,5.0,16.0,4.0,3260.0,143.0,558,4.191017449,2,False,False,False,False,False,False,False,False,False,False,False,False,False,False,False,False,False,False,False,False,False,False,False,False,False,False,False,False,False,True,False,False,False,False,False,False,True,False
15.32,13.0,12.0,64.0,4.0,3315.0,164.0,477,4.794467357,2,False,False,False,False,False,False,False,False,False,False,False,False,False,False,False,False,False,False,False,False,False,False,False,False,False,False,False,False,False,True,False,False,False,False,False,False,True,False
15.32,13.0,24.0,128.0,4.0,3315.0,164.0,648,4.888542987,2,False,False,False,False,False,False,False,False,False,False,False,False,False,False,False,False,False,False,False,False,False,False,False,False,False,False,False,False,False,True,False,False,False,False,False,False,True,False
15.24,8.0,5.0,16.0,4.0,3360.0,150.0,589,4.085135623,2,False,False,False,False,False,False,False,False,False,False,False,False,False,False,False,False,False,False,False,False,False,False,False,False,False,False,False,False,False,True,False,False,False,False,False,False,True,False
15.32,13.0,25.0,128.0,4.0,3315.0,164.0,448,5.159974417,2,False,False,False,False,False,False,False,False,False,False,False,False,False,False,False,False,False,False,False,False,False,False,False,False,False,False,False,False,False,True,False,False,False,False,False,False,True,False
15.32,13.0,16.0,128.0,4.0,3315.0,162.0,385,4.971062519,2,False,False,False,False,False,False,False,False,False,False,False,False,False,False,False,False,False,False,False,False,False,False,False,False,False,False,False,False,False,True,False,False,False,False,False,False,True,False
16.28,13.0,12.0,128.0,4.0,3400.0,156.2,589,4.639764831,2,False,False,False,False,False,False,False,False,False,False,False,False,False,False,False,False,False,False,False,False,False,False,False,False,False,False,False,False,False,True,False,False,False,False,False,False,True,False
16.28,13.0,25.0,64.0,4.0,3400.0,156.0,408,4.958007777,2,False,False,False,False,False,False,False,False,False,False,False,False,False,False,False,False,False,False,False,False,False,False,False,False,False,False,False,False,False,True,False,False,False,False,False,False,True,False
15.8,13.0,8.0,64.0,4.0,3260.0,152.0,449,4.309321524,2,False,False,False,False,False,False,False,False,False,False,False,False,False,False,False,False,False,False,False,False,False,False,False,False,False,False,False,False,False,True,False,False,False,False,False,False,True,False
15.32,13.0,12.0,64.0,4.0,3260.0,150.0,376,4.74701691,2,False,False,False,False,False,False,False,False,False,False,False,False,False,False,False,False,False,False,False,False,False,False,False,False,False,False,False,False,False,True,False,False,False,False,False,False,True,False
15.9,13.0,16.0,128.0,4.0,3260.0,149.3,591,4.933898228,2,False,False,False,False,False,False,False,False,False,False,False,False,False,False,False,False,False,False,False,False,False,False,False,False,False,False,False,False,False,True,False,False,False,False,False,False,True,False
16.74,13.0,16.0,128.0,4.0,4000.0,199.0,583,4.830790667,2,False,False,False,False,False,False,False,False,False,False,False,False,False,False,False,False,False,False,False,False,False,False,False,False,False,False,False,False,False,True,False,False,False,False,False,False,True,False
16.74,13.0,16.0,128.0,4.0,4000.0,199.0,465,4.997279839,2,False,False,False,False,False,False,False,False,False,False,False,False,False,False,False,False,False,False,False,False,False,False,False,False,False,False,False,False,False,True,False,False,False,False,False,False,True,False
15.9,13.0,24.0,64.0,4.0,3260.0,149.3,667,4.880298792,2,False,False,False,False,False,False,False,False,False,False,False,False,False,False,False,False,False,False,False,False,False,False,False,False,False,False,False,False,False,True,False,False,False,False,False,False,True,False
15.8,13.0,8.0,64.0,4.0,3260.0,150.0,658,4.868610794,2,False,False,False,False,False,False,False,False,False,False,False,False,False,False,False,False,False,False,False,False,False,False,False,False,False,False,False,False,False,True,False,False,False,False,False,False,True,False
15.8,13.0,5.0,32.0,4.0,3260.0,146.5,453,4.666077121,2,False,False,False,False,False,False,False,False,False,False,False,False,False,False,False,False,False,False,False,False,False,False,False,False,False,False,False,False,False,True,False,False,False,False,False,False,True,False
15.95,13.0,24.0,128.0,4.0,3425.0,159.0,537,4.772801027,2,False,False,False,False,False,False,False,False,False,False,False,False,False,False,False,False,False,False,False,False,False,False,False,False,False,False,False,False,False,True,False,False,False,False,False,False,True,False
15.24,13.0,5.0,16.0,4.0,3360.0,150.0,523,4.450852826,2,False,False,False,False,False,False,False,False,False,False,False,False,False,False,False,False,False,False,False,False,False,False,False,False,False,False,False,False,False,True,False,False,False,False,False,False,True,False
15.32,13.0,16.0,32.0,4.0,3260.0,150.0,679,4.660131744,2,False,False,False,False,False,False,False,False,False,False,False,False,False,False,False,False,False,False,False,False,False,False,False,False,False,False,False,False,False,True,False,False,False,False,False,False,True,False
15.32,13.0,24.0,64.0,4.0,3260.0,150.0,430,4.873975203,2,False,False,False,False,False,False,False,False,False,False,False,False,False,False,False,False,False,False,False,False,False,False,False,False,False,False,False,False,False,True,False,False,False,False,False,False,True,False
15.95,13.0,12.0,128.0,4.0,3200.0,156.2,582,5.273255936,2,False,False,False,False,False,False,False,False,False,False,False,False,False,False,False,False,False,False,False,False,False,False,False,False,False,False,False,False,False,True,False,False,False,False,False,False,True,False
15.95,13.0,12.0,64.0,4.0,3200.0,156.2,475,5.217215765,2,False,False,False,False,False,False,False,False,False,False,False,False,False,False,False,False,False,False,False,False,False,False,False,False,False,False,False,False,False,True,False,False,False,False,False,False,True,False
12.88,16.0,24.0,32.0,4.0,3000.0,139.0,597,5.05675523,3,False,False,False,False,False,False,False,False,False,False,False,False,False,False,False,False,False,False,False,False,False,False,False,False,False,False,False,False,False,True,False,False,False,False,False,False,True,False
16.33,13.0,12.0,64.0,4.0,3900.0,181.5,540,5.007229501,3,False,False,False,False,False,False,False,False,False,False,False,False,False,False,False,False,False,False,False,False,False,False,False,False,False,False,False,False,False,True,False,False,False,False,False,False,True,False
16.33,13.0,12.0,128.0,4.0,3900.0,181.5,475,4.969604945,2,False,False,False,False,False,False,False,False,False,False,False,False,False,False,False,False,False,False,False,False,False,False,False,False,False,False,False,False,False,True,False,False,False,False,False,False,True,False
15.27,13.0,12.0,64.0,4.0,3250.0,159.0,863,5.058599721,3,False,False,False,False,False,False,False,False,False,False,False,False,False,False,False,False,False,False,False,False,False,False,False,False,False,False,False,False,False,True,False,False,False,False,False,False,True,False
15.21,16.0,24.0,64.0,4.0,3225.0,160.0,610,4.871449852,3,False,False,False,False,False,False,False,False,False,False,False,False,False,False,False,False,False,False,False,False,False,False,False,False,False,False,False,False,False,True,False,False,False,False,False,False,True,False
12.83,13.0,5.0,16.0,4.0,3000.0,157.0,799,4.396299294,3,False,False,False,False,False,False,False,False,False,False,False,False,False,False,False,False,False,False,False,False,False,False,False,False,False,False,False,False,False,True,False,False,False,False,False,False,True,False
12.83,13.0,16.0,32.0,4.0,3000.0,162.8,843,4.589751933,3,False,False,False,False,False,False,False,False,False,False,False,False,False,False,False,False,False,False,False,False,False,False,False,False,False,False,False,False,False,True,False,False,False,False,False,False,True,False
14.86,16.0,14.0,64.0,4.0,4015.0,183.2,662,5.05299211,3,False,False,False,False,False,False,False,False,False,False,False,False,False,False,False,False,False,False,False,False,False,False,False,False,False,False,False,False,False,True,False,False,False,False,False,False,True,False
12.83,16.0,14.0,64.0,4.0,3320.0,154.0,582,4.679256729,3,False,False,False,False,False,False,False,False,False,False,False,False,False,False,False,False,False,False,False,False,False,False,False,False,False,False,False,False,False,True,False,False,False,False,False,False,True,False
12.83,13.0,20.0,64.0,4.0,3000.0,154.0,797,4.656528478,3,False,False,False,False,False,False,False,False,False,False,False,False,False,False,False,False,False,False,False,False,False,False,False,False,False,False,False,False,False,True,False,False,False,False,False,False,True,False
10.29,5.0,2.0,16.0,4.0,1900.0,157.8,843,4.131800899,3,False,False,False,False,False,False,False,False,False,False,False,False,False,False,False,False,False,False,False,False,False,False,False,False,False,False,False,False,False,True,False,False,False,False,False,False,True,False
12.75,13.0,5.0,16.0,4.0,2730.0,142.0,608,4.100160948,3,False,False,False,False,False,False,False,False,False,False,False,False,False,False,False,False,False,False,False,False,False,False,False,False,False,False,False,False,False,True,False,False,False,False,False,False,True,False
12.83,13.0,16.0,32.0,4.0,3000.0,155.0,786,4.60386934,3,False,False,False,False,False,False,False,False,False,False,False,False,False,False,False,False,False,False,False,False,False,False,False,False,False,False,False,False,False,True,False,False,False,False,False,False,True,False
12.83,16.0,14.0,64.0,4.0,3160.0,158.6,601,4.717426868,3,False,False,False,False,False,False,False,False,False,False,False,False,False,False,False,False,False,False,False,False,False,False,False,False,False,False,False,False,False,True,False,False,False,False,False,False,True,False
12.83,13.0,16.0,32.0,4.0,3000.0,154.0,569,4.407816206,4,False,False,False,False,False,False,False,False,False,False,False,False,False,False,False,False,False,False,False,False,False,False,False,False,False,False,False,False,False,True,False,False,False,False,False,False,True,False
13.87,14.5,16.0,128.0,4.0,4080.0,178.0,840,4.683704064,4,False,False,False,False,False,False,False,False,False,False,False,False,False,False,False,False,False,False,False,False,False,False,False,False,False,False,False,False,False,True,False,False,False,False,False,False,True,False
14.94,16.0,8.0,64.0,4.0,4000.0,199.0,606,4.688867745,4,False,False,False,False,False,False,False,False,False,False,False,False,False,False,False,False,False,False,False,False,False,False,False,False,False,False,False,False,False,True,False,False,False,False,False,False,True,False
12.83,16.0,8.0,64.0,4.0,3050.0,154.0,661,5.166898028,4,False,False,False,False,False,False,False,False,False,False,False,False,False,False,False,False,False,False,False,False,False,False,False,False,False,False,False,False,False,True,False,False,False,False,False,False,True,False
12.83,13.0,20.0,32.0,4.0,3000.0,154.0,617,4.647942278,4,False,False,False,False,False,False,False,False,False,False,False,False,False,False,False,False,False,False,False,False,False,False,False,False,False,False,False,False,False,True,False,False,False,False,False,False,True,False
12.88,16.0,16.0,64.0,4.0,4000.0,183.5,791,5.543731087,4,False,False,False,False,False,False,False,False,False,False,False,False,False,False,False,False,False,False,False,False,False,False,False,False,False,False,False,False,False,True,False,False,False,False,False,False,True,False
12.75,13.0,16.0,64.0,4.0,3000.0,151.0,834,5.17733547,4,False,False,False,False,False,False,False,False,False,False,False,False,False,False,False,False,False,False,False,False,False,False,False,False,False,False,False,False,False,True,False,False,False,False,False,False,True,False
12.83,13.0,8.0,32.0,4.0,3000.0,168.0,678,4.599353301,4,False,False,False,False,False,False,False,False,False,False,False,False,False,False,False,False,False,False,False,False,False,False,False,False,False,False,False,False,False,True,False,False,False,False,False,False,True,False
12.7,13.0,8.0,16.0,4.0,2550.0,138.0,664,4.585273554,4,False,False,False,False,False,False,False,False,False,False,False,False,False,False,False,False,False,False,False,False,False,False,False,False,False,False,False,False,False,True,False,False,False,False,False,False,True,False
12.88,16.0,8.0,64.0,4.0,3000.0,172.5,817,4.873822333,4,False,False,False,False,False,False,False,False,False,False,False,False,False,False,False,False,False,False,False,False,False,False,False,False,False,False,False,False,False,True,False,False,False,False,False,False,True,False
12.75,13.0,8.0,64.0,4.0,2400.0,140.5,1068,4.902901594,4,False,False,False,False,False,False,False,False,False,False,False,False,False,False,False,False,False,False,False,False,False,False,False,False,False,False,False,False,False,True,False,False,False,False,False,False,True,False
13.79,16.0,8.0,128.0,4.0,3600.0,167.8,618,4.879767019,4,False,False,False,False,False,False,False,False,False,False,False,False,False,False,False,False,False,False,False,False,False,False,False,False,False,False,False,False,False,True,False,False,False,False,False,False,True,False
13.79,16.0,8.0,128.0,4.0,3600.0,167.8,675,4.901341126,4,False,False,False,False,False,False,False,False,False,False,False,False,False,False,False,False,False,False,False,False,False,False,False,False,False,False,False,False,False,True,False,False,False,False,False,False,True,False
12.7,8.0,5.0,16.0,4.0,2350.0,157.0,735,4.340683671,5,False,False,False,False,False,False,False,False,False,False,False,False,False,False,False,False,False,False,False,False,False,False,False,False,False,False,False,False,False,True,False,False,False,False,False,False,True,False
10.34,8.0,2.0,32.0,4.0,2100.0,137.0,873,4.243051882,5,False,False,False,False,False,False,False,False,False,False,False,False,False,False,False,False,False,False,False,False,False,False,False,False,False,False,False,False,False,True,False,False,False,False,False,False,False,False
12.7,13.0,5.0,16.0,4.0,2300.0,153.0,754,4.362461479,5,False,False,False,False,False,False,False,False,False,False,False,False,False,False,False,False,False,False,False,False,False,False,False,False,False,False,False,False,False,True,False,False,False,False,False,False,True,False
12.83,13.0,5.0,32.0,4.0,4150.0,194.0,753,4.704834509,5,False,False,False,False,False,False,False,False,False,False,False,False,False,False,False,False,False,False,False,False,False,False,False,False,False,False,False,False,False,True,False,False,False,False,False,False,True,False
12.75,13.0,8.0,16.0,4.0,2450.0,151.0,857,4.789656066,5,False,False,False,False,False,False,False,False,False,False,False,False,False,False,False,False,False,False,False,False,False,False,False,False,False,False,False,False,False,True,False,False,False,False,False,False,True,False
12.83,13.0,5.0,16.0,4.0,2300.0,153.0,780,4.680370419,5,False,False,False,False,False,False,False,False,False,False,False,False,False,False,False,False,False,False,False,False,False,False,False,False,False,False,False,False,False,True,False,False,False,False,False,False,True,False
12.83,13.0,5.0,16.0,4.0,2300.0,156.0,910,4.749357106,6,False,False,False,False,False,False,False,False,False,False,False,False,False,False,False,False,False,False,False,False,False,False,False,False,False,False,False,False,False,True,False,False,False,False,False,False,True,False
12.7,13.0,0.3,16.0,4.0,2000.0,150.0,585,3.949896658,6,False,False,False,False,False,False,False,False,False,False,False,False,False,False,False,False,False,False,False,False,False,False,False,False,False,False,False,False,False,True,False,False,False,False,False,False,False,False
10.34,8.0,5.0,32.0,4.0,2100.0,156.0,847,4.11887456,6,False,False,False,False,False,False,False,False,False,False,False,False,False,False,False,False,False,False,False,False,False,False,False,False,False,False,False,False,False,True,False,False,False,False,False,False,False,False
10.29,5.0,2.0,16.0,4.0,1900.0,130.0,1092,3.554204551,7,False,False,False,False,False,False,False,False,False,False,False,False,False,False,False,False,False,False,False,False,False,False,False,False,False,False,False,False,False,True,False,False,False,False,False,False,False,False
12.7,5.0,2.0,32.0,4.0,2000.0,134.0,372,3.75114978,2,False,False,False,False,False,False,False,False,False,False,False,False,False,False,False,False,False,False,False,False,False,False,False,True,False,False,False,False,False,False,False,False,False,False,False,False,True,False
12.88,16.0,8.0,32.0,4.0,3100.0,153.0,479,4.53999146,2,False,False,False,False,False,False,False,False,False,False,False,False,False,False,False,False,False,False,False,False,False,False,False,True,False,False,False,False,False,False,False,False,False,False,False,False,True,False
12.83,13.0,8.0,16.0,4.0,2900.0,145.0,369,4.211683055,2,False,False,False,False,False,False,False,False,False,False,False,False,False,False,False,False,False,False,False,False,False,False,False,True,False,False,False,False,False,False,False,False,False,False,False,False,True,False
13.56,8.0,5.0,16.0,4.0,3100.0,155.0,593,3.921775297,2,False,False,False,False,False,False,False,False,False,False,False,False,False,False,False,False,False,False,False,False,False,False,False,True,False,False,False,False,False,False,False,False,False,False,False,False,True,False
12.7,5.0,2.0,32.0,4.0,2200.0,169.0,686,4.089666973,3,False,False,False,False,False,False,False,False,False,False,False,False,False,False,False,False,False,False,False,False,False,False,False,True,False,False,False,False,False,False,False,False,False,False,False,False,True,False
12.83,16.0,8.0,32.0,4.0,3000.0,166.0,612,4.616209033,3,False,False,False,False,False,False,False,False,False,False,False,False,False,False,False,False,False,False,False,False,False,False,False,True,False,False,False,False,False,False,False,False,False,False,False,False,True,False
12.7,13.0,5.0,16.0,4.0,2400.0,151.0,792,4.196600263,3,False,False,False,False,False,False,False,False,False,False,False,False,False,False,False,False,False,False,False,False,False,False,False,True,False,False,False,False,False,False,False,False,False,False,False,False,True,False
12.7,5.0,2.0,32.0,4.0,2000.0,167.9,622,3.969914484,4,False,False,False,False,False,False,False,False,False,False,False,False,False,False,False,False,False,False,False,False,False,False,False,True,False,False,False,False,False,False,False,False,False,False,False,False,True,False
12.83,16.0,8.0,32.0,4.0,3000.0,155.0,1047,4.625854777,4,False,False,False,False,False,False,False,False,False,False,False,False,False,False,False,False,False,False,False,False,False,False,False,True,False,False,False,False,False,False,False,False,False,False,False,False,True,False
12.83,13.0,5.0,16.0,4.0,2960.0,150.0,569,4.432719749,4,False,False,False,False,False,False,False,False,False,False,False,False,False,False,False,False,False,False,False,False,False,False,False,True,False,False,False,False,False,False,False,False,False,False,False,False,True,False
12.7,8.0,5.0,32.0,4.0,2540.0,128.0,959,4.196299285,4,False,False,False,False,False,False,False,False,False,False,False,False,False,False,False,False,False,False,False,False,False,False,False,True,False,False,False,False,False,False,False,False,False,False,False,False,True,False
7.75,2.0,5.0,16.0,4.0,1400.0,110.0,1063,3.39618484,4,False,False,False,False,False,False,False,False,False,False,False,False,False,False,False,False,False,False,False,False,False,False,False,True,False,False,False,False,False,False,False,False,False,False,False,False,False,False
10.29,5.0,2.0,32.0,4.0,1780.0,146.0,720,3.644404964,5,False,False,False,False,False,False,False,False,False,False,False,False,False,False,False,False,False,False,False,False,False,False,False,True,False,False,False,False,False,False,False,False,False,False,False,False,True,False
12.83,13.0,5.0,16.0,4.0,3000.0,159.0,872,4.55240212,5,False,False,False,False,False,False,False,False,False,False,False,False,False,False,False,False,False,False,False,False,False,False,False,True,False,False,False,False,False,False,False,False,False,False,False,False,True,False
12.7,8.0,2.0,32.0,4.0,2500.0,155.0,948,3.964425684,5,False,False,False,False,False,False,False,False,False,False,False,False,False,False,False,False,False,False,False,False,False,False,False,True,False,False,False,False,False,False,False,False,False,False,False,False,True,False
10.16,2.0,2.0,16.0,4.0,1400.0,112.0,1048,3.348499593,5,False,False,False,False,False,False,False,False,False,False,False,False,False,False,False,False,False,False,False,False,False,False,False,True,False,False,False,False,False,False,False,False,False,False,False,False,False,False
12.7,5.0,0.3,16.0,4.0,3000.0,162.0,697,3.58240721,6,False,False,False,False,False,False,False,False,False,False,False,False,False,False,False,False,False,False,False,False,False,False,False,True,False,False,False,False,False,False,False,False,False,False,False,False,True,False
10.29,5.0,0.3,16.0,4.0,1880.0,152.0,745,3.476304854,6,False,False,False,False,False,False,False,False,False,False,False,False,False,False,False,False,False,False,False,False,False,False,False,True,False,False,False,False,False,False,False,False,False,False,False,False,False,False
10.16,3.15,2.0,16.0,4.0,1400.0,117.0,966,3.534270336,6,False,False,False,False,False,False,False,False,False,False,False,False,False,False,False,False,False,False,False,False,False,False,False,True,False,False,False,False,False,False,False,False,False,False,False,False,False,False
7.75,2.0,0.3,16.0,4.0,2000.0,118.0,861,2.851284369,7,False,False,False,False,False,False,False,False,False,False,False,False,False,False,False,False,False,False,False,False,False,False,False,True,False,False,False,False,False,False,False,False,False,False,False,False,False,False
10.16,5.0,0.3,16.0,4.0,1500.0,136.0,625,3.660737148,7,False,False,False,False,False,False,False,False,False,False,False,False,False,False,False,False,False,False,False,False,False,False,False,True,False,False,False,False,False,False,False,False,False,False,False,False,False,False
15.24,16.0,16.0,64.0,4.0,3000.0,164.0,486,4.890875306,2,False,False,False,False,False,False,False,False,False,False,False,False,False,False,False,False,False,False,False,False,False,False,False,True,False,False,False,False,False,False,False,False,False,False,False,False,True,False
15.24,13.0,16.0,32.0,4.0,3000.0,153.0,546,4.437343075,2,False,False,False,False,False,False,False,False,False,False,False,False,False,False,False,False,False,False,False,False,False,False,False,True,False,False,False,False,False,False,False,False,False,False,False,False,True,False
12.88,16.0,5.0,64.0,4.0,3000.0,162.0,769,4.768223972,3,False,False,False,False,False,False,False,False,False,False,False,False,False,False,False,False,False,False,False,False,False,False,False,True,False,False,False,False,False,False,False,False,False,False,False,False,True,False
12.88,13.0,16.0,16.0,4.0,2900.0,160.0,560,4.456438132,3,False,False,False,False,False,False,False,False,False,False,False,False,False,False,False,False,False,False,False,False,False,False,False,True,False,False,False,False,False,False,False,False,False,False,False,False,True,False
12.7,5.0,2.0,16.0,4.0,1800.0,156.0,1065,3.795489189,5,False,False,False,False,False,False,False,False,False,False,False,False,False,False,False,False,False,False,False,False,False,False,False,True,False,False,False,False,False,False,False,False,False,False,False,False,False,False
12.7,5.0,1.3,16.0,4.0,1800.0,174.0,566,3.785325352,6,False,False,False,False,False,False,False,False,False,False,False,False,False,False,False,False,False,False,False,False,False,False,False,True,False,False,False,False,False,False,False,False,False,False,False,False,False,False
10.29,5.0,2.0,16.0,4.0,2100.0,141.0,674,3.687378328,6,False,False,False,False,False,False,False,False,False,False,False,False,False,False,False,False,False,False,False,False,False,False,False,True,False,False,False,False,False,False,False,False,False,False,False,False,True,False
7.75,2.0,1.3,16.0,4.0,2100.0,105.0,955,2.868466923,6,False,False,False,False,False,False,False,False,False,False,False,False,False,False,False,False,False,False,False,False,False,False,False,True,False,False,False,False,False,False,False,False,False,False,False,False,False,False
12.7,8.0,2.0,32.0,4.0,2100.0,175.0,658,4.334803991,6,False,False,False,False,False,False,False,False,False,False,False,False,False,False,False,False,False,False,False,False,False,False,False,True,False,False,False,False,False,False,False,False,False,False,False,False,True,False
12.7,16.0,8.0,16.0,4.0,2350.0,143.0,717,4.931447776,6,False,False,False,False,False,False,False,False,False,False,False,False,False,False,False,False,False,False,False,False,False,False,False,True,False,False,False,False,False,False,False,False,False,False,False,False,True,False
10.34,8.0,5.0,32.0,4.0,2000.0,124.0,605,3.987315989,6,False,False,False,False,False,False,False,False,False,False,False,False,False,False,False,False,False,False,False,False,False,False,False,True,False,False,False,False,False,False,False,False,False,False,False,False,False,False
10.34,8.0,5.0,16.0,4.0,2000.0,119.0,850,4.306359756,6,False,False,False,False,False,False,False,False,False,False,False,False,False,False,False,False,False,False,False,False,False,False,False,True,False,False,False,False,False,False,False,False,False,False,False,False,True,False
12.7,16.0,8.0,16.0,4.0,2350.0,154.0,974,4.876646654,6,False,False,False,False,False,False,False,False,False,False,False,False,False,False,False,False,False,False,False,False,False,False,False,True,False,False,False,False,False,False,False,False,False,False,False,False,False,False
16.23,12.0,20.0,256.0,4.0,4000.0,205.0,517,5.42252417,1,False,False,False,False,False,False,False,False,False,False,False,False,False,False,False,False,False,False,False,False,False,False,False,False,False,False,False,False,False,False,False,True,False,False,False,False,True,False
15.9,12.0,8.0,64.0,4.0,4000.0,180.0,256,4.482550472,1,False,False,False,False,False,False,False,False,False,False,False,False,False,False,False,False,False,False,False,False,False,False,False,False,False,False,False,False,False,False,False,True,False,False,False,False,True,False
15.32,12.0,13.0,128.0,4.0,4000.0,186.0,328,4.695559186,1,False,False,False,False,False,False,False,False,False,False,False,False,False,False,False,False,False,False,False,False,False,False,False,False,False,False,False,False,False,False,False,True,False,False,False,False,True,False
16.23,12.0,20.0,64.0,4.0,3800.0,189.0,362,4.989002994,1,False,False,False,False,False,False,False,False,False,False,False,False,False,False,False,False,False,False,False,False,False,False,False,False,False,False,False,False,False,False,False,True,False,False,False,False,True,False
16.23,12.0,20.0,256.0,4.0,3300.0,173.0,195,5.39983551,1,False,False,False,False,False,False,False,False,False,False,False,False,False,False,False,False,False,False,False,False,False,False,False,False,False,False,False,False,False,False,False,True,False,False,False,False,True,False
15.16,12.0,20.0,64.0,4.0,3070.0,155.0,353,5.040647068,1,False,False,False,False,False,False,False,False,False,False,False,False,False,False,False,False,False,False,False,False,False,False,False,False,False,False,False,False,False,False,False,True,False,False,False,False,True,False
16.23,12.0,20.0,64.0,4.0,3300.0,173.0,465,4.756516938,1,False,False,False,False,False,False,False,False,False,False,False,False,False,False,False,False,False,False,False,False,False,False,False,False,False,False,False,False,False,False,False,True,False,False,False,False,True,False
12.7,8.0,5.0,32.0,4.0,3000.0,137.0,506,4.018902367,1,False,False,False,False,False,False,False,False,False,False,False,False,False,False,False,False,False,False,False,False,False,False,False,False,False,False,False,False,False,False,False,True,False,False,False,False,True,False
15.32,12.0,13.0,64.0,4.0,4000.0,186.0,414,4.768223972,1,False,False,False,False,False,False,False,False,False,False,False,False,False,False,False,False,False,False,False,False,False,False,False,False,False,False,False,False,False,False,False,True,False,False,False,False,True,False
14.83,13.0,8.0,64.0,4.0,3000.0,150.0,446,4.661550519,2,False,False,False,False,False,False,False,False,False,False,False,False,False,False,False,False,False,False,False,False,False,False,False,False,False,False,False,False,False,False,False,True,False,False,False,False,True,False
16.23,13.0,14.5,256.0,4.0,3200.0,218.0,727,5.56819182,2,False,False,False,False,False,False,False,False,False,False,False,False,False,False,False,False,False,False,False,False,False,False,False,False,False,False,False,False,False,False,False,True,False,False,False,False,True,False
15.27,13.0,20.0,256.0,4.0,4000.0,190.0,668,5.370079733,2,False,False,False,False,False,False,False,False,False,False,False,False,False,False,False,False,False,False,False,False,False,False,False,False,False,False,False,False,False,False,False,True,False,False,False,False,True,False
15.9,13.0,14.5,64.0,4.0,4000.0,182.0,469,4.676467068,2,False,False,False,False,False,False,False,False,False,False,False,False,False,False,False,False,False,False,False,False,False,False,False,False,False,False,False,False,False,False,False,True,False,False,False,False,True,False
15.77,13.0,20.0,128.0,4.0,3000.0,177.0,440,5.204446151,2,False,False,False,False,False,False,False,False,False,False,False,False,False,False,False,False,False,False,False,False,False,False,False,False,False,False,False,False,False,False,False,True,False,False,False,False,True,False
15.9,13.0,24.0,64.0,4.0,3350.0,169.0,427,4.958288814,2,False,False,False,False,False,False,False,False,False,False,False,False,False,False,False,False,False,False,False,False,False,False,False,False,False,False,False,False,False,False,False,True,False,False,False,False,True,False
15.7,13.0,20.0,256.0,4.0,4000.0,182.0,390,4.906459262,2,False,False,False,False,False,False,False,False,False,False,False,False,False,False,False,False,False,False,False,False,False,False,False,False,False,False,False,False,False,False,False,True,False,False,False,False,True,False
15.21,13.0,20.0,128.0,4.0,3000.0,166.0,471,4.885072071,2,False,False,False,False,False,False,False,False,False,False,False,False,False,False,False,False,False,False,False,False,False,False,False,False,False,False,False,False,False,False,False,True,False,False,False,False,True,False
14.83,13.0,5.0,64.0,4.0,4000.0,178.0,535,4.624972813,2,False,False,False,False,False,False,False,False,False,False,False,False,False,False,False,False,False,False,False,False,False,False,False,False,False,False,False,False,False,False,False,True,False,False,False,False,True,False
15.47,13.0,8.0,128.0,4.0,5500.0,221.0,682,4.618678536,2,False,False,False,False,False,False,False,False,False,False,False,False,False,False,False,False,False,False,False,False,False,False,False,False,False,False,False,False,False,False,False,True,False,False,False,False,True,False
13.84,13.0,5.0,64.0,4.0,3000.0,146.0,525,4.537426534,2,False,False,False,False,False,False,False,False,False,False,False,False,False,False,False,False,False,False,False,False,False,False,False,False,False,False,False,False,False,False,False,True,False,False,False,False,True,False
13.84,13.0,5.0,32.0,4.0,3000.0,145.0,641,4.100657924,2,False,False,False,False,False,False,False,False,False,False,False,False,False,False,False,False,False,False,False,False,False,False,False,False,False,False,False,False,False,False,False,True,False,False,False,False,True,False
15.77,13.0,20.0,128.0,4.0,3000.0,177.0,682,4.950672953,2,False,False,False,False,False,False,False,False,False,False,False,False,False,False,False,False,False,False,False,False,False,False,False,False,False,False,False,False,False,False,False,True,False,False,False,False,True,False
15.77,13.0,20.0,64.0,4.0,3400.0,175.0,372,5.042004754,2,False,False,False,False,False,False,False,False,False,False,False,False,False,False,False,False,False,False,False,False,False,False,False,False,False,False,False,False,False,False,False,True,False,False,False,False,True,False
14.94,13.0,20.0,128.0,4.0,3120.0,164.0,620,4.82775358,2,False,False,False,False,False,False,False,False,False,False,False,False,False,False,False,False,False,False,False,False,False,False,False,False,False,False,False,False,False,False,False,True,False,False,False,False,True,False
15.21,13.0,16.0,64.0,4.0,3080.0,170.0,465,4.754021133,2,False,False,False,False,False,False,False,False,False,False,False,False,False,False,False,False,False,False,False,False,False,False,False,False,False,False,False,False,False,False,False,True,False,False,False,False,True,False
15.21,13.0,5.0,256.0,4.0,3400.0,191.0,590,5.186547466,2,False,False,False,False,False,False,False,False,False,False,False,False,False,False,False,False,False,False,False,False,False,False,False,False,False,False,False,False,False,False,False,True,False,False,False,False,True,False
15.21,13.0,13.0,64.0,4.0,4000.0,181.0,543,4.496470769,2,False,False,False,False,False,False,False,False,False,False,False,False,False,False,False,False,False,False,False,False,False,False,False,False,False,False,False,False,False,False,False,True,False,False,False,False,True,False
15.21,13.0,20.0,64.0,4.0,4000.0,181.0,386,4.795294555,2,False,False,False,False,False,False,False,False,False,False,False,False,False,False,False,False,False,False,False,False,False,False,False,False,False,False,False,False,False,False,False,True,False,False,False,False,True,False
15.21,13.0,20.0,128.0,4.0,4000.0,190.0,630,5.076360611,2,False,False,False,False,False,False,False,False,False,False,False,False,False,False,False,False,False,False,False,False,False,False,False,False,False,False,False,False,False,False,False,True,False,False,False,False,True,False
15.21,12.0,5.0,64.0,4.0,4000.0,180.0,442,4.424367475,2,False,False,False,False,False,False,False,False,False,False,False,False,False,False,False,False,False,False,False,False,False,False,False,False,False,False,False,False,False,False,False,True,False,False,False,False,True,False
12.88,12.0,5.0,32.0,4.0,3300.0,157.0,679,4.558078578,3,False,False,False,False,False,False,False,False,False,False,False,False,False,False,False,False,False,False,False,False,False,False,False,False,False,False,False,False,False,False,False,True,False,False,False,False,True,False
12.7,13.0,5.0,32.0,4.0,3000.0,137.0,769,4.38414938,3,False,False,False,False,False,False,False,False,False,False,False,False,False,False,False,False,False,False,False,False,False,False,False,False,False,False,False,False,False,False,False,True,False,False,False,False,True,False
12.83,13.0,16.0,64.0,4.0,3080.0,153.0,575,4.689695141,3,False,False,False,False,False,False,False,False,False,False,False,False,False,False,False,False,False,False,False,False,False,False,False,False,False,False,False,False,False,False,False,True,False,False,False,False,True,False
12.83,13.0,5.0,16.0,4.0,3080.0,150.0,782,4.284275979,3,False,False,False,False,False,False,False,False,False,False,False,False,False,False,False,False,False,False,False,False,False,False,False,False,False,False,False,False,False,False,False,True,False,False,False,False,True,False
12.83,13.0,16.0,64.0,4.0,3500.0,163.0,581,4.770769367,3,False,False,False,False,False,False,False,False,False,False,False,False,False,False,False,False,False,False,False,False,False,False,False,False,False,False,False,False,False,False,False,True,False,False,False,False,True,False
15.21,12.0,5.0,128.0,4.0,3400.0,185.0,677,5.156465742,3,False,False,False,False,False,False,False,False,False,False,False,False,False,False,False,False,False,False,False,False,False,False,False,False,False,False,False,False,False,False,False,True,False,False,False,False,True,False
12.83,13.0,5.0,64.0,4.0,3080.0,165.0,683,4.562993107,3,False,False,False,False,False,False,False,False,False,False,False,False,False,False,False,False,False,False,False,False,False,False,False,False,False,False,False,False,False,False,False,True,False,False,False,False,True,False
16.36,12.0,5.0,32.0,4.0,5300.0,211.0,761,4.653674595,3,False,False,False,False,False,False,False,False,False,False,False,False,False,False,False,False,False,False,False,False,False,False,False,False,False,False,False,False,False,False,False,True,False,False,False,False,True,False
12.7,13.0,5.0,64.0,4.0,4100.0,150.0,881,4.479039909,3,False,False,False,False,False,False,False,False,False,False,False,False,False,False,False,False,False,False,False,False,False,False,False,False,False,False,False,False,False,False,False,True,False,False,False,False,True,False
13.08,13.0,8.0,64.0,4.0,3350.0,168.0,616,4.549023025,3,False,False,False,False,False,False,False,False,False,False,False,False,False,False,False,False,False,False,False,False,False,False,False,False,False,False,False,False,False,False,False,True,False,False,False,False,True,False
18.01,13.0,5.0,64.0,4.0,6600.0,328.0,825,5.002401489,3,False,False,False,False,False,False,False,False,False,False,False,False,False,False,False,False,False,False,False,False,False,False,False,False,False,False,False,False,False,False,False,True,False,False,False,False,False,False
13.08,12.0,8.0,64.0,4.0,2860.0,135.0,565,4.297557478,3,False,False,False,False,False,False,False,False,False,False,False,False,False,False,False,False,False,False,False,False,False,False,False,False,False,False,False,False,False,False,False,True,False,False,False,False,True,False
12.83,13.0,5.0,64.0,4.0,4100.0,165.0,626,4.348211286,3,False,False,False,False,False,False,False,False,False,False,False,False,False,False,False,False,False,False,False,False,False,False,False,False,False,False,False,False,False,False,False,True,False,False,False,False,True,False
12.83,13.0,5.0,64.0,4.0,4100.0,165.0,705,4.366405254,3,False,False,False,False,False,False,False,False,False,False,False,False,False,False,False,False,False,False,False,False,False,False,False,False,False,False,False,False,False,False,False,True,False,False,False,False,True,False
12.7,13.0,5.0,16.0,4.0,3120.0,131.5,939,4.390986376,4,False,False,False,False,False,False,False,False,False,False,False,False,False,False,False,False,False,False,False,False,False,False,False,False,False,False,False,False,False,False,False,True,False,False,False,False,True,False
12.7,13.0,5.0,16.0,4.0,4100.0,156.0,713,4.445705411,4,False,False,False,False,False,False,False,False,False,False,False,False,False,False,False,False,False,False,False,False,False,False,False,False,False,False,False,False,False,False,False,True,False,False,False,False,True,False
12.7,13.0,5.0,32.0,4.0,4100.0,156.0,734,4.476313564,4,False,False,False,False,False,False,False,False,False,False,False,False,False,False,False,False,False,False,False,False,False,False,False,False,False,False,False,False,False,False,False,True,False,False,False,False,True,False
15.34,16.0,5.0,256.0,4.0,4400.0,209.0,543,5.199932465,4,False,False,False,False,False,False,False,False,False,False,False,False,False,False,False,False,False,False,False,False,False,False,False,False,False,False,False,False,False,False,False,True,False,False,False,False,True,False
12.88,22.5,8.0,64.0,4.0,4070.0,166.0,726,4.887940214,4,False,False,False,False,False,False,False,False,False,False,False,False,False,False,False,False,False,False,False,False,False,False,False,False,False,False,False,False,False,False,False,True,False,False,False,False,True,False
12.88,13.0,4.0,128.0,4.0,4100.0,168.0,891,5.000988917,4,False,False,False,False,False,False,False,False,False,False,False,False,False,False,False,False,False,False,False,False,False,False,False,False,False,False,False,False,False,False,False,True,False,False,False,False,True,False
13.08,12.0,4.0,128.0,4.0,4100.0,145.0,612,4.62399194,4,False,False,False,False,False,False,False,False,False,False,False,False,False,False,False,False,False,False,False,False,False,False,False,False,False,False,False,False,False,False,False,True,False,False,False,False,True,False
12.83,13.0,5.0,16.0,4.0,4100.0,175.0,1042,4.329021349,4,False,False,False,False,False,False,False,False,False,False,False,False,False,False,False,False,False,False,False,False,False,False,False,False,False,False,False,False,False,False,False,True,False,False,False,False,True,False
12.83,13.0,5.0,128.0,4.0,4050.0,174.0,629,4.43627805,4,False,False,False,False,False,False,False,False,False,False,False,False,False,False,False,False,False,False,False,False,False,False,False,False,False,False,False,False,False,False,False,True,False,False,False,False,True,False
12.7,13.0,5.0,32.0,4.0,4100.0,144.0,1030,4.516885271,4,False,False,False,False,False,False,False,False,False,False,False,False,False,False,False,False,False,False,False,False,False,False,False,False,False,False,False,False,False,False,False,True,False,False,False,False,True,False
12.7,13.0,5.0,32.0,4.0,4100.0,144.0,881,4.454463569,4,False,False,False,False,False,False,False,False,False,False,False,False,False,False,False,False,False,False,False,False,False,False,False,False,False,False,False,False,False,False,False,True,False,False,False,False,True,False
12.7,13.0,5.0,16.0,4.0,4100.0,144.0,700,4.206184044,4,False,False,False,False,False,False,False,False,False,False,False,False,False,False,False,False,False,False,False,False,False,False,False,False,False,False,False,False,False,False,False,True,False,False,False,False,True,False
12.7,13.0,5.0,32.0,4.0,4100.0,144.0,670,4.079400115,4,False,False,False,False,False,False,False,False,False,False,False,False,False,False,False,False,False,False,False,False,False,False,False,False,False,False,False,False,False,False,False,True,False,False,False,False,True,False
13.08,16.0,4.0,128.0,4.0,3000.0,129.0,709,4.836519974,4,False,False,False,False,False,False,False,False,False,False,False,False,False,False,False,False,False,False,False,False,False,False,False,False,False,False,False,False,False,False,False,True,False,False,False,False,True,False
16.36,16.0,5.0,16.0,4.0,4850.0,145.0,799,4.18235544,4,False,False,False,False,False,False,False,False,False,False,False,False,False,False,False,False,False,False,False,False,False,False,False,False,False,False,False,False,False,False,False,True,False,False,False,False,True,False
12.7,13.0,5.0,64.0,4.0,3260.0,133.0,698,4.613039144,4,False,False,False,False,False,False,False,False,False,False,False,False,False,False,False,False,False,False,False,False,False,False,False,False,False,False,False,False,False,False,False,True,False,False,False,False,True,False
12.83,16.0,5.0,16.0,4.0,4050.0,164.0,884,4.630935394,4,False,False,False,False,False,False,False,False,False,False,False,False,False,False,False,False,False,False,False,False,False,False,False,False,False,False,False,False,False,False,False,True,False,False,False,False,True,False
12.7,13.0,5.0,16.0,4.0,4100.0,144.0,1045,4.292101927,4,False,False,False,False,False,False,False,False,False,False,False,False,False,False,False,False,False,False,False,False,False,False,False,False,False,False,False,False,False,False,False,True,False,False,False,False,True,False
12.83,13.0,5.0,16.0,4.0,3100.0,185.0,980,4.231784971,5,False,False,False,False,False,False,False,False,False,False,False,False,False,False,False,False,False,False,False,False,False,False,False,False,False,False,False,False,False,False,False,True,False,False,False,False,True,False
18.01,8.0,5.0,16.0,4.0,6190.0,322.0,1001,4.649761069,5,False,False,False,False,False,False,False,False,False,False,False,False,False,False,False,False,False,False,False,False,False,False,False,False,False,False,False,False,False,False,False,True,False,False,False,False,False,False
12.83,13.0,5.0,16.0,4.0,4000.0,164.0,812,4.55345575,5,False,False,False,False,False,False,False,False,False,False,False,False,False,False,False,False,False,False,False,False,False,False,False,False,False,False,False,False,False,False,False,True,False,False,False,False,True,False
12.7,13.0,5.0,16.0,4.0,3080.0,132.0,966,4.416428061,5,False,False,False,False,False,False,False,False,False,False,False,False,False,False,False,False,False,False,False,False,False,False,False,False,False,False,False,False,False,False,False,True,False,False,False,False,True,False
12.83,13.0,5.0,16.0,4.0,3060.0,160.0,1021,4.571199666,5,False,False,False,False,False,False,False,False,False,False,False,False,False,False,False,False,False,False,False,False,False,False,False,False,False,False,False,False,False,False,False,True,False,False,False,False,True,False
10.34,8.0,2.0,16.0,4.0,2200.0,133.0,1057,3.647275904,5,False,False,False,False,False,False,False,False,False,False,False,False,False,False,False,False,False,False,False,False,False,False,False,False,False,False,False,False,False,False,False,True,False,False,False,False,True,False
10.34,8.0,2.0,16.0,4.0,2200.0,133.0,665,3.958906591,5,False,False,False,False,False,False,False,False,False,False,False,False,False,False,False,False,False,False,False,False,False,False,False,False,False,False,False,False,False,False,False,True,False,False,False,False,True,False
12.7,13.0,5.0,16.0,4.0,3120.0,130.0,1081,4.610555658,5,False,False,False,False,False,False,False,False,False,False,False,False,False,False,False,False,False,False,False,False,False,False,False,False,False,False,False,False,False,False,False,True,False,False,False,False,True,False
12.88,13.0,4.0,64.0,4.0,3000.0,161.0,635,4.767459089,5,False,False,False,False,False,False,False,False,False,False,False,False,False,False,False,False,False,False,False,False,False,False,False,False,False,False,False,False,False,False,False,True,False,False,False,False,True,False
12.88,13.0,4.0,16.0,4.0,3000.0,161.0,902,4.165424144,5,False,False,False,False,False,False,False,False,False,False,False,False,False,False,False,False,False,False,False,False,False,False,False,False,False,False,False,False,False,False,False,True,False,False,False,False,True,False
10.34,8.0,2.0,32.0,4.0,2200.0,132.0,626,4.180828022,5,False,False,False,False,False,False,False,False,False,False,False,False,False,False,False,False,False,False,False,False,False,False,False,False,False,False,False,False,False,False,False,True,False,False,False,False,True,False
10.34,8.0,2.0,32.0,4.0,2200.0,133.0,772,4.053348942,5,False,False,False,False,False,False,False,False,False,False,False,False,False,False,False,False,False,False,False,False,False,False,False,False,False,False,False,False,False,False,False,True,False,False,False,False,True,False
12.7,13.0,8.0,16.0,4.0,3080.0,149.0,591,4.433313679,6,False,False,False,False,False,False,False,False,False,False,False,False,False,False,False,False,False,False,False,False,False,False,False,False,False,False,False,False,False,False,False,True,False,False,False,False,True,False
12.83,13.0,5.0,32.0,4.0,3100.0,185.0,842,4.226395693,6,False,False,False,False,False,False,False,False,False,False,False,False,False,False,False,False,False,False,False,False,False,False,False,False,False,False,False,False,False,False,False,True,False,False,False,False,True,False
12.7,13.0,8.0,16.0,4.0,3080.0,149.0,623,4.711779921,6,False,False,False,False,False,False,False,False,False,False,False,False,False,False,False,False,False,False,False,False,False,False,False,False,False,False,False,False,False,False,False,True,False,False,False,False,True,False
12.83,13.0,5.0,32.0,4.0,3100.0,199.0,1017,4.291007236,6,False,False,False,False,False,False,False,False,False,False,False,False,False,False,False,False,False,False,False,False,False,False,False,False,False,False,False,False,False,False,False,True,False,False,False,False,False,False
12.7,13.0,2.0,16.0,4.0,3050.0,145.0,916,4.151197374,7,False,False,False,False,False,False,False,False,False,False,False,False,False,False,False,False,False,False,False,False,False,False,False,False,False,False,False,False,False,False,False,True,False,False,False,False,False,False
10.34,8.0,1.6,32.0,4.0,2000.0,158.0,913,4.096176217,6,False,False,False,False,False,False,False,False,False,False,False,False,False,False,False,False,False,False,False,False,False,False,False,False,False,False,False,False,False,False,False,True,False,False,False,False,False,False
10.34,8.0,1.3,16.0,4.0,2000.0,158.0,793,3.994524227,7,False,False,False,False,False,False,False,False,False,False,False,False,False,False,False,False,False,False,False,False,False,False,False,False,False,False,False,False,False,False,False,True,False,False,False,False,False,False
10.24,8.0,2.0,16.0,4.0,2000.0,145.0,565,4.463145686,7,False,False,False,False,False,False,False,False,False,False,False,False,False,False,False,False,False,False,False,False,False,False,False,False,False,False,False,False,False,False,False,True,False,False,False,False,False,False
12.7,13.0,5.0,32.0,4.0,2400.0,160.0,576,4.165889729,5,False,False,False,False,False,False,False,False,False,False,False,False,False,False,False,False,False,False,False,False,False,False,False,False,False,False,False,False,False,False,True,False,False,False,False,False,True,False
12.83,8.0,5.0,16.0,4.0,3200.0,160.0,800,4.282068168,5,False,False,False,False,False,False,False,False,False,False,False,False,False,False,False,False,False,False,False,False,False,False,False,False,False,False,False,False,False,False,True,False,False,False,False,False,True,False
12.7,8.0,2.0,32.0,4.0,2100.0,160.0,878,3.879706404,5,False,False,False,False,False,False,False,False,False,False,False,False,False,False,False,False,False,False,False,False,False,False,False,False,False,False,False,False,False,False,True,False,False,False,False,False,False,False
10.29,5.0,0.3,32.0,4.0,1800.0,160.0,1036,3.823847315,5,False,False,False,False,False,False,False,False,False,False,False,False,False,False,False,False,False,False,False,False,False,False,False,False,False,False,False,False,False,False,True,False,False,False,False,False,False,False
12.7,5.0,0.3,16.0,4.0,2500.0,160.0,679,3.837083919,5,False,False,False,False,False,False,False,False,False,False,False,False,False,False,False,False,False,False,False,False,False,False,False,False,False,False,False,False,False,False,True,False,False,False,False,False,False,False
12.7,8.0,2.0,32.0,4.0,2200.0,160.0,838,3.707210411,5,False,False,False,False,False,False,False,False,False,False,False,False,False,False,False,False,False,False,False,False,False,False,False,False,False,False,False,False,False,False,True,False,False,False,True,False,False,False
12.7,8.0,5.0,32.0,4.0,2500.0,160.0,1045,4.1846422,5,False,False,False,False,False,False,False,False,False,False,False,False,False,False,False,False,False,False,False,False,False,False,False,False,False,False,False,False,False,False,True,False,False,False,False,False,False,False
12.83,13.0,2.0,32.0,4.0,2600.0,120.0,1008,3.91621421,6,False,False,False,False,False,False,False,False,False,False,False,False,False,False,False,False,False,False,False,False,False,False,False,False,False,False,False,False,False,False,True,False,False,False,False,False,False,False
12.7,8.0,2.0,32.0,4.0,2100.0,120.0,782,3.993602992,6,False,False,False,False,False,False,False,False,False,False,False,False,False,False,False,False,False,False,False,False,False,False,False,False,False,False,False,False,False,False,True,False,False,False,False,False,False,False
12.7,8.0,5.0,32.0,4.0,2500.0,120.0,956,3.977810746,6,False,False,False,False,False,False,False,False,False,False,False,False,False,False,False,False,False,False,False,False,False,False,False,False,False,False,False,False,False,False,True,False,False,False,False,False,False,False
12.7,13.0,2.0,32.0,4.0,2100.0,120.0,982,4.090838423,6,False,False,False,False,False,False,False,False,False,False,False,False,False,False,False,False,False,False,False,False,False,False,False,False,False,False,False,False,False,False,True,False,False,False,False,False,False,False
10.29,5.0,0.3,32.0,4.0,1700.0,120.0,882,3.566429294,6,False,False,False,False,False,False,False,False,False,False,False,False,False,False,False,False,False,False,False,False,False,False,False,False,False,False,False,False,False,False,True,False,False,False,False,False,False,False
12.67,8.0,2.0,32.0,4.0,2500.0,120.0,992,4.059062748,6,False,False,False,False,False,False,False,False,False,False,False,False,False,False,False,False,False,False,False,False,False,False,False,False,False,False,False,False,False,False,True,False,False,False,False,False,False,False
12.7,13.0,5.0,16.0,4.0,2100.0,120.0,562,4.204692619,6,False,False,False,False,False,False,False,False,False,False,False,False,False,False,False,False,False,False,False,False,False,False,False,False,False,False,False,False,False,False,True,False,False,False,False,False,False,False
12.7,13.0,5.0,32.0,4.0,2300.0,120.0,670,4.636281181,6,False,False,False,False,False,False,False,False,False,False,False,False,False,False,False,False,False,False,False,False,False,False,False,False,False,False,False,False,False,False,True,False,False,False,False,False,False,False
12.7,8.0,2.0,16.0,4.0,1920.0,120.0,741,3.984157603,6,False,False,False,False,False,False,False,False,False,False,False,False,False,False,False,False,False,False,False,False,False,False,False,False,False,False,False,False,False,False,True,False,False,False,False,False,False,False
10.34,8.0,2.0,32.0,4.0,1800.0,100.0,669,3.605497845,6,False,False,False,False,False,False,False,False,False,False,False,False,False,False,False,False,False,False,False,False,False,False,False,False,False,False,False,False,False,False,True,False,False,False,True,False,False,False
10.16,3.15,0.3,16.0,4.0,1400.0,120.0,573,3.521052343,6,False,False,False,False,False,False,False,False,False,False,False,False,False,False,False,False,False,False,False,False,False,False,False,False,False,False,False,False,False,False,True,False,False,False,False,False,False,False
12.7,8.0,2.0,32.0,4.0,2250.0,120.0,1059,3.927108643,6,False,False,False,False,False,False,False,False,False,False,False,False,False,False,False,False,False,False,False,False,False,False,False,False,False,False,False,False,False,False,True,False,False,False,False,False,False,False
10.16,5.0,0.3,16.0,4.0,1400.0,120.0,603,3.583518938,6,False,False,False,False,False,False,False,False,False,False,False,False,False,False,False,False,False,False,False,False,False,False,False,False,False,False,False,False,False,False,True,False,False,False,False,False,False,False
15.24,8.0,2.0,16.0,4.0,3000.0,120.0,865,4.225519013,6,False,False,False,False,False,False,False,False,False,False,False,False,False,False,False,False,False,False,False,False,False,False,False,False,False,False,False,False,False,False,True,False,False,False,False,False,False,False
10.16,5.0,0.3,16.0,4.0,1400.0,120.0,939,3.464797963,6,False,False,False,False,False,False,False,False,False,False,False,False,False,False,False,False,False,False,False,False,False,False,False,False,False,False,False,False,False,False,True,False,False,False,False,False,False,False
12.7,8.0,2.0,16.0,4.0,2250.0,120.0,575,3.653770277,6,False,False,False,False,False,False,False,False,False,False,False,False,False,False,False,False,False,False,False,False,False,False,False,False,False,False,False,False,False,False,True,False,False,False,False,False,False,False
12.7,8.0,2.0,32.0,4.0,2000.0,120.0,672,3.95756982,6,False,False,False,False,False,False,False,False,False,False,False,False,False,False,False,False,False,False,False,False,False,False,False,False,False,False,False,False,False,False,True,False,False,False,False,False,False,False
10.29,8.0,0.3,16.0,4.0,1800.0,120.0,819,4.087487775,6,False,False,False,False,False,False,False,False,False,False,False,False,False,False,False,False,False,False,False,False,False,False,False,False,False,False,False,False,False,False,True,False,False,False,False,False,False,False
12.88,13.0,5.0,16.0,4.0,4000.0,148.85,949,4.556295018,7,False,False,False,False,False,False,False,False,False,False,False,False,False,False,False,False,False,False,False,False,False,False,False,False,False,False,False,False,False,False,True,False,False,False,False,False,False,False
12.7,5.0,0.3,16.0,4.0,2000.0,148.85,842,3.867443962,7,False,False,False,False,False,False,False,False,False,False,False,False,False,False,False,False,False,False,False,False,False,False,False,False,False,False,False,False,False,False,True,False,False,False,False,False,False,False
10.24,8.0,1.0,32.0,4.0,1810.0,140.0,565,4.224348909,7,False,False,False,False,False,False,False,False,False,False,False,False,False,False,False,False,False,False,False,False,False,False,False,False,False,False,False,False,False,False,True,False,False,False,False,False,True,False
17.78,5.0,0.3,16.0,4.0,4100.0,320.0,686,4.207673248,7,False,False,False,False,False,False,False,False,False,False,False,False,False,False,False,False,False,False,False,False,False,False,False,False,False,False,False,False,False,False,True,False,False,False,False,False,False,False
10.16,5.0,0.3,16.0,4.0,1450.0,116.0,551,3.535145354,7,False,False,False,False,False,False,False,False,False,False,False,False,False,False,False,False,False,False,False,False,False,False,False,False,False,False,False,False,False,False,True,False,False,False,False,False,False,False
10.29,8.0,1.0,16.0,4.0,2100.0,143.5,659,3.995260604,7,False,False,False,False,False,False,False,False,False,False,False,False,False,False,False,False,False,False,False,False,False,False,False,False,False,False,False,False,False,False,True,False,False,False,False,False,False,False
10.16,5.0,0.3,16.0,4.0,1400.0,120.0,593,3.34462703,7,False,False,False,False,False,False,False,False,False,False,False,False,False,False,False,False,False,False,False,False,False,False,False,False,False,False,False,False,False,False,True,False,False,False,False,False,False,False
12.83,13.0,2.0,32.0,4.0,2600.0,180.0,1057,4.20514028,7,False,False,False,False,False,False,False,False,False,False,False,False,False,False,False,False,False,False,False,False,False,False,False,False,False,False,False,False,False,False,True,False,False,False,False,False,False,False
10.34,8.0,2.0,16.0,4.0,1800.0,138.0,863,3.798406279,7,False,False,False,False,False,False,False,False,False,False,False,False,False,False,False,False,False,False,False,False,False,False,False,False,False,False,False,False,False,False,True,False,False,False,False,False,False,False
10.29,5.0,0.3,16.0,4.0,1900.0,148.85,771,3.632838063,7,False,False,False,False,False,False,False,False,False,False,False,False,False,False,False,False,False,False,False,False,False,False,False,False,False,False,False,False,False,False,True,False,False,False,False,False,False,False
10.16,3.15,0.3,16.0,4.0,1500.0,148.85,935,3.80999028,7,False,False,False,False,False,False,False,False,False,False,False,False,False,False,False,False,False,False,False,False,False,False,False,False,False,False,False,False,False,False,True,False,False,False,False,False,False,False
10.29,8.0,2.0,16.0,4.0,2400.0,151.3,1042,3.690128674,7,False,False,False,False,False,False,False,False,False,False,False,False,False,False,False,False,False,False,False,False,False,False,False,False,False,False,False,False,False,False,True,False,False,False,False,False,False,False
17.78,2.0,0.65,32.0,4.0,4000.0,338.0,1039,4.274998062,7,False,False,False,False,False,False,False,False,False,False,False,False,False,False,False,False,False,False,False,False,False,False,False,False,False,False,False,False,False,False,True,False,False,False,False,False,False,False
12.7,13.0,5.0,16.0,4.0,2500.0,158.0,1089,4.579442037,7,False,False,False,False,False,False,False,False,False,False,False,False,False,False,False,False,False,False,False,False,False,False,False,False,False,False,False,False,False,False,True,False,False,False,False,False,False,False
10.16,5.0,0.3,16.0,4.0,1400.0,120.0,842,3.357941873,7,False,False,False,False,False,False,False,False,False,False,False,False,False,False,False,False,False,False,False,False,False,False,False,False,False,False,False,False,False,False,True,False,False,False,False,False,False,False
10.34,8.0,2.0,16.0,4.0,2000.0,167.0,596,4.041295341,7,False,False,False,False,False,False,False,False,False,False,False,False,False,False,False,False,False,False,False,False,False,False,False,False,False,False,False,False,False,False,True,False,False,False,False,False,False,False
10.29,5.0,0.3,16.0,4.0,2000.0,147.7,1007,3.937105786,7,False,False,False,False,False,False,False,False,False,False,False,False,False,False,False,False,False,False,False,False,False,False,False,False,False,False,False,False,False,False,True,False,False,False,False,False,False,False
10.34,8.0,1.3,32.0,4.0,1900.0,140.0,852,4.220389669,7,False,False,False,False,False,False,False,False,False,False,False,False,False,False,False,False,False,False,False,False,False,False,False,False,False,False,False,False,False,False,True,False,False,False,False,False,False,False
10.24,5.0,0.3,16.0,4.0,2000.0,150.0,739,3.782597458,7,False,False,False,False,False,False,False,False,False,False,False,False,False,False,False,False,False,False,False,False,False,False,False,False,False,False,False,False,False,False,True,False,False,False,False,False,False,False
7.75,5.0,0.65,16.0,4.0,1500.0,132.0,1088,3.516607233,7,False,False,False,False,False,False,False,False,False,False,False,False,False,False,False,False,False,False,False,False,False,False,False,False,False,False,False,False,False,False,True,False,False,False,False,False,False,False
12.7,8.0,1.2,16.0,4.0,2100.0,171.1,974,4.028738805,7,False,False,False,False,False,False,False,False,False,False,False,False,False,False,False,False,False,False,False,False,False,False,False,False,False,False,False,False,False,False,True,False,False,False,False,False,False,False
10.29,8.0,1.0,16.0,4.0,2100.0,143.5,571,3.779405481,7,False,False,False,False,False,False,False,False,False,False,False,False,False,False,False,False,False,False,False,False,False,False,False,False,False,False,False,False,False,False,True,False,False,False,False,False,False,False
10.29,5.0,0.3,16.0,4.0,2400.0,151.3,824,3.543853682,7,False,False,False,False,False,False,False,False,False,False,False,False,False,False,False,False,False,False,False,False,False,False,False,False,False,False,False,False,False,False,True,False,False,False,False,False,False,False
12.7,13.1,2.0,16.0,4.0,2000.0,106.0,707,4.041295341,7,False,False,False,False,False,False,False,False,False,False,False,False,False,False,False,False,False,False,False,False,False,False,False,True,False,False,False,False,False,False,False,False,False,False,False,False,False,False
12.83,12.0,13.0,64.0,4.0,3300.0,170.0,857,4.621141955,3,False,False,False,False,False,False,False,False,False,False,False,False,False,False,False,False,False,False,False,False,False,False,False,True,False,False,False,False,False,False,False,False,False,False,False,False,True,False
12.7,8.0,2.1,32.0,4.0,2500.0,145.0,662,4.226103552,6,False,False,False,False,False,False,False,False,False,False,False,False,False,False,False,False,False,False,False,False,False,False,False,True,False,False,False,False,False,False,False,False,False,False,False,False,True,False
10.34,8.0,2.0,32.0,4.0,2000.0,128.0,854,4.064400686,4,False,False,False,False,False,False,False,False,False,False,False,False,False,False,False,False,False,False,False,False,False,False,False,True,False,False,False,False,False,False,False,False,False,False,False,False,True,False
12.75,13.0,5.0,16.0,4.0,3000.0,172.0,1003,4.438761348,4,False,False,False,False,False,False,False,False,False,False,False,False,False,False,False,False,False,False,False,False,False,False,False,True,False,False,False,False,False,False,False,False,False,False,False,False,True,False
12.83,13.0,5.0,32.0,4.0,4000.0,172.0,977,4.178532513,4,False,False,False,False,False,False,False,False,False,False,False,False,False,False,False,False,False,False,False,False,False,False,False,True,False,False,False,False,False,False,False,False,False,False,False,False,True,False
15.24,13.0,8.0,16.0,4.0,4000.0,153.0,1012,4.222297927,4,False,False,False,False,False,False,False,False,False,False,False,False,False,False,False,False,False,False,False,False,False,False,False,True,False,False,False,False,False,False,False,False,False,False,False,False,True,False
12.75,21.0,8.0,32.0,4.0,3000.0,159.0,573,5.191678256,5,False,False,False,False,False,False,False,False,False,False,False,False,False,False,False,False,False,False,False,False,False,False,False,True,False,False,False,False,False,False,False,False,False,False,False,False,True,False
10.34,8.0,2.0,32.0,4.0,2000.0,128.0,1077,3.789177175,5,False,False,False,False,False,False,False,False,False,False,False,False,False,False,False,False,False,False,False,False,False,False,False,True,False,False,False,False,False,False,False,False,False,False,False,False,True,False
12.7,8.0,5.0,16.0,4.0,2230.0,143.0,874,3.875773873,5,False,False,False,False,False,False,False,False,False,False,False,False,False,False,False,False,False,False,False,False,False,False,False,True,False,False,False,False,False,False,False,False,False,False,False,False,True,False
12.83,13.0,5.0,16.0,4.0,2500.0,154.0,559,4.332179662,5,False,False,False,False,False,False,False,False,False,False,False,False,False,False,False,False,False,False,False,False,False,False,False,True,False,False,False,False,False,False,False,False,False,False,False,False,True,False
12.83,13.0,5.0,16.0,4.0,2500.0,155.0,777,4.345232974,5,False,False,False,False,False,False,False,False,False,False,False,False,False,False,False,False,False,False,False,False,False,False,False,True,False,False,False,False,False,False,False,False,False,False,False,False,True,False
10.19,5.0,8.0,32.0,4.0,500.0,165.0,383,4.798596523,1,False,False,False,False,False,False,False,False,False,False,False,False,False,False,False,False,False,False,False,False,False,False,False,False,False,False,False,False,False,False,False,False,True,False,False,False,True,False
15.24,16.0,8.0,256.0,4.0,3800.0,193.0,705,4.955122584,2,False,False,False,False,False,False,False,False,False,False,False,False,False,False,False,False,False,False,False,False,False,False,False,False,False,False,False,False,False,False,False,False,True,False,False,False,True,False
15.9,14.5,8.0,128.0,4.0,3800.0,181.0,466,4.515464273,2,False,False,False,False,False,False,False,False,False,False,False,False,False,False,False,False,False,False,False,False,False,False,False,False,False,False,False,False,False,False,False,False,True,False,False,False,True,False
15.21,14.5,8.0,128.0,4.0,3450.0,172.0,589,5.217920429,2,False,False,False,False,False,False,False,False,False,False,False,False,False,False,False,False,False,False,False,False,False,False,False,False,False,False,False,False,False,False,False,False,True,False,False,False,True,False
15.77,14.5,20.0,128.0,4.0,4000.0,172.0,444,5.01847118,2,False,False,False,False,False,False,False,False,False,False,False,False,False,False,False,False,False,False,False,False,False,False,False,False,False,False,False,False,False,False,False,False,True,False,False,False,True,False
15.24,24.0,8.0,128.0,4.0,3800.0,185.0,492,5.161064773,2,False,False,False,False,False,False,False,False,False,False,False,False,False,False,False,False,False,False,False,False,False,False,False,False,False,False,False,False,False,False,False,False,True,False,False,False,True,False
12.88,14.5,8.0,64.0,4.0,3450.0,153.0,662,4.778198696,2,False,False,False,False,False,False,False,False,False,False,False,False,False,False,False,False,False,False,False,False,False,False,False,False,False,False,False,False,False,False,False,False,True,False,False,False,True,False
15.27,13.0,8.0,64.0,4.0,4000.0,170.0,404,4.655483,2,False,False,False,False,False,False,False,False,False,False,False,False,False,False,False,False,False,False,False,False,False,False,False,False,False,False,False,False,False,False,False,False,True,False,False,False,True,False
15.27,14.5,16.0,64.0,4.0,5000.0,190.0,371,4.77119297,2,False,False,False,False,False,False,False,False,False,False,False,False,False,False,False,False,False,False,False,False,False,False,False,False,False,False,False,False,False,False,False,False,True,False,False,False,True,False
13.84,14.5,5.0,32.0,4.0,3200.0,172.0,465,4.370459998,2,False,False,False,False,False,False,False,False,False,False,False,False,False,False,False,False,False,False,False,False,False,False,False,False,False,False,False,False,False,False,False,False,True,False,False,False,True,False
12.88,14.5,8.0,32.0,4.0,3100.0,140.0,373,4.481419379,2,False,False,False,False,False,False,False,False,False,False,False,False,False,False,False,False,False,False,False,False,False,False,False,False,False,False,False,False,False,False,False,False,True,False,False,False,True,False
12.83,13.0,8.0,32.0,4.0,4000.0,164.0,796,4.594008121,3,False,False,False,False,False,False,False,False,False,False,False,False,False,False,False,False,False,False,False,False,False,False,False,False,False,False,False,False,False,False,False,False,True,False,False,False,True,False
12.75,13.0,5.0,32.0,4.0,5000.0,160.0,627,4.654150808,3,False,False,False,False,False,False,False,False,False,False,False,False,False,False,False,False,False,False,False,False,False,False,False,False,False,False,False,False,False,False,False,False,True,False,False,False,True,False
14.55,13.0,5.0,128.0,4.0,3100.0,170.0,840,4.480173696,3,False,False,False,False,False,False,False,False,False,False,False,False,False,False,False,False,False,False,False,False,False,False,False,False,False,False,False,False,False,False,False,False,True,False,False,False,True,False
12.75,13.0,8.0,64.0,4.0,3200.0,155.0,889,4.354912342,3,False,False,False,False,False,False,False,False,False,False,False,False,False,False,False,False,False,False,False,False,False,False,False,False,False,False,False,False,False,False,False,False,True,False,False,False,True,False
12.83,13.0,16.0,64.0,4.0,3200.0,168.0,641,4.979626107,3,False,False,False,False,False,False,False,False,False,False,False,False,False,False,False,False,False,False,False,False,False,False,False,False,False,False,False,False,False,False,False,False,True,False,False,False,True,False
12.7,8.0,2.0,32.0,4.0,4000.0,152.0,929,4.083957469,4,False,False,False,False,False,False,False,False,False,False,False,False,False,False,False,False,False,False,False,False,False,False,False,False,False,False,False,False,False,False,False,False,True,False,False,False,True,False
12.75,13.0,5.0,32.0,4.0,2540.0,136.0,670,4.575123265,3,False,False,False,False,False,False,False,False,False,False,False,False,False,False,False,False,False,False,False,False,False,False,False,False,False,False,False,False,False,False,False,False,True,False,False,False,True,False
12.83,13.0,16.0,64.0,4.0,5000.0,180.0,665,4.618086411,3,False,False,False,False,False,False,False,False,False,False,False,False,False,False,False,False,False,False,False,False,False,False,False,False,False,False,False,False,False,False,False,False,True,False,False,False,True,False
12.83,13.0,16.0,64.0,4.0,3630.0,168.0,727,4.871679693,3,False,False,False,False,False,False,False,False,False,False,False,False,False,False,False,False,False,False,False,False,False,False,False,False,False,False,False,False,False,False,False,False,True,False,False,False,True,False
12.83,13.0,16.0,64.0,4.0,3000.0,164.0,879,4.670208582,3,False,False,False,False,False,False,False,False,False,False,False,False,False,False,False,False,False,False,False,False,False,False,False,False,False,False,False,False,False,False,False,False,True,False,False,False,True,False
12.83,13.0,5.0,32.0,4.0,3000.0,164.0,819,4.603969465,3,False,False,False,False,False,False,False,False,False,False,False,False,False,False,False,False,False,False,False,False,False,False,False,False,False,False,False,False,False,False,False,False,True,False,False,False,True,False
12.83,13.0,16.0,64.0,4.0,3200.0,173.0,792,4.768223972,3,False,False,False,False,False,False,False,False,False,False,False,False,False,False,False,False,False,False,False,False,False,False,False,False,False,False,False,False,False,False,False,False,True,False,False,False,True,False
12.83,13.0,8.0,128.0,4.0,3400.0,170.0,685,4.433194921,3,False,False,False,False,False,False,False,False,False,False,False,False,False,False,False,False,False,False,False,False,False,False,False,False,False,False,False,False,False,False,False,False,True,False,False,False,True,False
15.24,13.0,5.0,32.0,4.0,3100.0,180.0,894,4.411828126,3,False,False,False,False,False,False,False,False,False,False,False,False,False,False,False,False,False,False,False,False,False,False,False,False,False,False,False,False,False,False,False,False,True,False,False,False,True,False
12.75,13.0,16.0,64.0,4.0,2950.0,155.0,707,4.557973751,3,False,False,False,False,False,False,False,False,False,False,False,False,False,False,False,False,False,False,False,False,False,False,False,False,False,False,False,False,False,False,False,False,True,False,False,False,True,False
12.7,8.0,8.0,16.0,4.0,2400.0,130.0,595,4.080752609,3,False,False,False,False,False,False,False,False,False,False,False,False,False,False,False,False,False,False,False,False,False,False,False,False,False,False,False,False,False,False,False,False,True,False,False,False,True,False
12.83,8.0,5.0,16.0,4.0,3000.0,171.0,819,4.396792087,3,False,False,False,False,False,False,False,False,False,False,False,False,False,False,False,False,False,False,False,False,False,False,False,False,False,False,False,False,False,False,False,False,True,False,False,False,True,False
12.7,13.0,5.0,16.0,4.0,2800.0,141.0,812,4.26112938,3,False,False,False,False,False,False,False,False,False,False,False,False,False,False,False,False,False,False,False,False,False,False,False,False,False,False,False,False,False,False,False,False,True,False,False,False,True,False
12.7,8.0,5.0,16.0,4.0,2500.0,136.0,887,4.339771322,3,False,False,False,False,False,False,False,False,False,False,False,False,False,False,False,False,False,False,False,False,False,False,False,False,False,False,False,False,False,False,False,False,True,False,False,False,True,False
12.83,13.0,8.0,32.0,4.0,5000.0,189.0,570,4.336767728,3,False,False,False,False,False,False,False,False,False,False,False,False,False,False,False,False,False,False,False,False,False,False,False,False,False,False,False,False,False,False,False,False,True,False,False,False,True,False
12.83,13.0,8.0,32.0,4.0,3100.0,164.0,716,4.585681509,3,False,False,False,False,False,False,False,False,False,False,False,False,False,False,False,False,False,False,False,False,False,False,False,False,False,False,False,False,False,False,False,False,True,False,False,False,True,False
12.83,13.0,8.0,32.0,4.0,3140.0,185.0,717,4.767289035,3,False,False,False,False,False,False,False,False,False,False,False,False,False,False,False,False,False,False,False,False,False,False,False,False,False,False,False,False,False,False,False,False,True,False,False,False,True,False
12.75,13.0,13.0,32.0,4.0,2730.0,141.0,577,4.365516083,3,False,False,False,False,False,False,False,False,False,False,False,False,False,False,False,False,False,False,False,False,False,False,False,False,False,False,False,False,False,False,False,False,True,False,False,False,True,False
15.24,13.0,5.0,64.0,4.0,4100.0,196.0,591,4.291417886,4,False,False,False,False,False,False,False,False,False,False,False,False,False,False,False,False,False,False,False,False,False,False,False,False,False,False,False,False,False,False,False,False,True,False,False,False,True,False
12.83,13.0,5.0,16.0,4.0,3140.0,162.0,924,4.377014093,4,False,False,False,False,False,False,False,False,False,False,False,False,False,False,False,False,False,False,False,False,False,False,False,False,False,False,False,False,False,False,False,False,True,False,False,False,True,False
12.83,16.0,8.0,32.0,4.0,3000.0,160.0,633,4.351180755,4,False,False,False,False,False,False,False,False,False,False,False,False,False,False,False,False,False,False,False,False,False,False,False,False,False,False,False,False,False,False,False,False,True,False,False,False,True,False
12.75,23.0,13.0,64.0,4.0,3000.0,158.0,835,4.932024894,4,False,False,False,False,False,False,False,False,False,False,False,False,False,False,False,False,False,False,False,False,False,False,False,False,False,False,False,False,False,False,False,False,True,False,False,False,True,False
12.75,16.0,8.0,32.0,4.0,2705.0,153.0,1075,4.791234729,4,False,False,False,False,False,False,False,False,False,False,False,False,False,False,False,False,False,False,False,False,False,False,False,False,False,False,False,False,False,False,False,False,True,False,False,False,True,False
12.83,13.0,5.0,16.0,4.0,3000.0,158.8,832,4.240751047,4,False,False,False,False,False,False,False,False,False,False,False,False,False,False,False,False,False,False,False,False,False,False,False,False,False,False,False,False,False,False,False,False,True,False,False,False,True,False
15.24,13.0,5.0,32.0,4.0,3400.0,174.9,877,4.2698373,4,False,False,False,False,False,False,False,False,False,False,False,False,False,False,False,False,False,False,False,False,False,False,False,False,False,False,False,False,False,False,False,False,True,False,False,False,True,False
12.83,13.0,13.0,32.0,4.0,5000.0,190.0,793,4.640247713,4,False,False,False,False,False,False,False,False,False,False,False,False,False,False,False,False,False,False,False,False,False,False,False,False,False,False,False,False,False,False,False,False,True,False,False,False,True,False
15.24,16.0,8.0,64.0,4.0,4000.0,185.0,609,4.773223771,4,False,False,False,False,False,False,False,False,False,False,False,False,False,False,False,False,False,False,False,False,False,False,False,False,False,False,False,False,False,False,False,False,True,False,False,False,True,False
12.83,20.0,8.0,64.0,4.0,3250.0,175.0,903,4.453882072,4,False,False,False,False,False,False,False,False,False,False,False,False,False,False,False,False,False,False,False,False,False,False,False,False,False,False,False,False,False,False,False,False,True,False,False,False,True,False
12.83,16.0,8.0,64.0,4.0,3000.0,162.0,1040,4.768139014,4,False,False,False,False,False,False,False,False,False,False,False,False,False,False,False,False,False,False,False,False,False,False,False,False,False,False,False,False,False,False,False,False,True,False,False,False,True,False
10.16,5.0,2.0,32.0,4.0,1400.0,110.0,601,3.727619282,4,False,False,False,False,False,False,False,False,False,False,False,False,False,False,False,False,False,False,False,False,False,False,False,False,False,False,False,False,False,False,False,False,True,False,False,False,True,False
15.24,13.0,5.0,16.0,4.0,3400.0,160.0,583,4.53774751,4,False,False,False,False,False,False,False,False,False,False,False,False,False,False,False,False,False,False,False,False,False,False,False,False,False,False,False,False,False,False,False,False,True,False,False,False,True,False
12.7,16.0,8.0,64.0,4.0,2800.0,138.0,649,4.419563238,4,False,False,False,False,False,False,False,False,False,False,False,False,False,False,False,False,False,False,False,False,False,False,False,False,False,False,False,False,False,False,False,False,True,False,False,False,True,False
12.7,8.0,2.0,32.0,4.0,2150.0,160.0,1064,4.095843438,4,False,False,False,False,False,False,False,False,False,False,False,False,False,False,False,False,False,False,False,False,False,False,False,False,False,False,False,False,False,False,False,False,True,False,False,False,False,False
12.83,13.0,5.0,16.0,4.0,3000.0,164.0,800,4.137723286,4,False,False,False,False,False,False,False,False,False,False,False,False,False,False,False,False,False,False,False,False,False,False,False,False,False,False,False,False,False,False,False,False,True,False,False,False,True,False
12.7,8.0,5.0,16.0,4.0,4000.0,160.0,822,4.005695481,4,False,False,False,False,False,False,False,False,False,False,False,False,False,False,False,False,False,False,False,False,False,False,False,False,False,False,False,False,False,False,False,False,True,False,False,False,True,False
12.75,13.0,5.0,16.0,4.0,2540.0,130.0,918,4.377642036,4,False,False,False,False,False,False,False,False,False,False,False,False,False,False,False,False,False,False,False,False,False,False,False,False,False,False,False,False,False,False,False,False,True,False,False,False,True,False
12.75,13.0,5.0,16.0,4.0,2500.0,160.0,949,4.448165437,4,False,False,False,False,False,False,False,False,False,False,False,False,False,False,False,False,False,False,False,False,False,False,False,False,False,False,False,False,False,False,False,False,True,False,False,False,True,False
12.7,13.0,5.0,16.0,4.0,2500.0,135.0,917,4.003142599,4,False,False,False,False,False,False,False,False,False,False,False,False,False,False,False,False,False,False,False,False,False,False,False,False,False,False,False,False,False,False,False,False,True,False,False,False,True,False
12.83,13.0,8.0,16.0,4.0,2540.0,135.0,692,4.229603628,4,False,False,False,False,False,False,False,False,False,False,False,False,False,False,False,False,False,False,False,False,False,False,False,False,False,False,False,False,False,False,False,False,True,False,False,False,True,False
12.7,13.0,8.0,16.0,4.0,2500.0,160.0,747,4.236278058,4,False,False,False,False,False,False,False,False,False,False,False,False,False,False,False,False,False,False,False,False,False,False,False,False,False,False,False,False,False,False,False,False,True,False,False,False,True,False
12.75,13.0,8.0,64.0,4.0,2200.0,135.0,773,4.436988193,4,False,False,False,False,False,False,False,False,False,False,False,False,False,False,False,False,False,False,False,False,False,False,False,False,False,False,False,False,False,False,False,False,True,False,False,False,True,False
12.83,8.0,2.0,16.0,4.0,3080.0,170.1,752,3.943715452,4,False,False,False,False,False,False,False,False,False,False,False,False,False,False,False,False,False,False,False,False,False,False,False,False,False,False,False,False,False,False,False,False,True,False,False,False,True,False
12.7,5.0,2.0,32.0,4.0,2300.0,164.4,596,3.740760076,4,False,False,False,False,False,False,False,False,False,False,False,False,False,False,False,False,False,False,False,False,False,False,False,False,False,False,False,False,False,False,False,False,True,False,False,False,True,False
12.83,13.0,5.0,16.0,4.0,3000.0,160.0,786,4.342635907,5,False,False,False,False,False,False,False,False,False,False,False,False,False,False,False,False,False,False,False,False,False,False,False,False,False,False,False,False,False,False,False,False,True,False,False,False,True,False
12.83,8.0,8.0,32.0,4.0,3000.0,169.8,1081,4.708809221,5,False,False,False,False,False,False,False,False,False,False,False,False,False,False,False,False,False,False,False,False,False,False,False,False,False,False,False,False,False,False,False,False,True,False,False,False,True,False
12.7,13.0,13.0,32.0,4.0,2500.0,131.0,834,4.72986263,5,False,False,False,False,False,False,False,False,False,False,False,False,False,False,False,False,False,False,False,False,False,False,False,False,False,False,False,False,False,False,False,False,True,False,False,False,True,False
12.75,13.0,8.0,32.0,4.0,2800.0,140.0,751,4.730568595,5,False,False,False,False,False,False,False,False,False,False,False,False,False,False,False,False,False,False,False,False,False,False,False,False,False,False,False,False,False,False,False,False,True,False,False,False,True,False
12.83,8.0,2.0,16.0,4.0,3000.0,170.1,609,3.847591145,5,False,False,False,False,False,False,False,False,False,False,False,False,False,False,False,False,False,False,False,False,False,False,False,False,False,False,False,False,False,False,False,False,True,False,False,False,True,False
12.83,8.0,8.0,32.0,4.0,3000.0,149.5,887,4.745627539,5,False,False,False,False,False,False,False,False,False,False,False,False,False,False,False,False,False,False,False,False,False,False,False,False,False,False,False,False,False,False,False,False,True,False,False,False,True,False
12.75,13.0,8.0,16.0,4.0,2200.0,140.0,860,4.797772052,5,False,False,False,False,False,False,False,False,False,False,False,False,False,False,False,False,False,False,False,False,False,False,False,False,False,False,False,False,False,False,False,False,True,False,False,False,True,False
12.83,8.0,8.0,128.0,4.0,3000.0,168.0,594,4.893726876,5,False,False,False,False,False,False,False,False,False,False,False,False,False,False,False,False,False,False,False,False,False,False,False,False,False,False,False,False,False,False,False,False,True,False,False,False,True,False
12.88,8.0,1.0,16.0,4.0,3400.0,194.8,644,4.415582293,5,False,False,False,False,False,False,False,False,False,False,False,False,False,False,False,False,False,False,False,False,False,False,False,False,False,False,False,False,False,False,False,False,True,False,False,False,True,False
12.7,5.0,2.0,32.0,4.0,2200.0,149.5,738,4.131640347,5,False,False,False,False,False,False,False,False,False,False,False,False,False,False,False,False,False,False,False,False,False,False,False,False,False,False,False,False,False,False,False,False,True,False,False,False,True,False
12.7,13.0,5.0,16.0,4.0,2200.0,122.0,784,4.19328451,5,False,False,False,False,False,False,False,False,False,False,False,False,False,False,False,False,False,False,False,False,False,False,False,False,False,False,False,False,False,False,False,False,True,False,False,False,True,False
12.83,8.0,8.0,32.0,4.0,3000.0,172.9,818,4.284275979,5,False,False,False,False,False,False,False,False,False,False,False,False,False,False,False,False,False,False,False,False,False,False,False,False,False,False,False,False,False,False,False,False,True,False,False,False,True,False
10.16,5.0,0.3,32.0,4.0,1500.0,131.0,877,3.833196225,5,False,False,False,False,False,False,False,False,False,False,False,False,False,False,False,False,False,False,False,False,False,False,False,False,False,False,False,False,False,False,False,False,True,False,False,False,True,False
10.29,5.0,2.0,16.0,4.0,1800.0,137.5,741,4.032646448,5,False,False,False,False,False,False,False,False,False,False,False,False,False,False,False,False,False,False,False,False,False,False,False,False,False,False,False,False,False,False,False,False,True,False,False,False,True,False
12.7,8.0,2.0,16.0,4.0,2480.0,145.0,718,4.170070273,5,False,False,False,False,False,False,False,False,False,False,False,False,False,False,False,False,False,False,False,False,False,False,False,False,False,False,False,False,False,False,False,False,True,False,False,False,True,False
10.16,5.0,2.0,16.0,4.0,1650.0,149.5,953,3.837945802,5,False,False,False,False,False,False,False,False,False,False,False,False,False,False,False,False,False,False,False,False,False,False,False,False,False,False,False,False,False,False,False,False,True,False,False,False,True,False
10.29,5.0,2.0,32.0,4.0,2000.0,149.0,1035,3.635478677,5,False,False,False,False,False,False,False,False,False,False,False,False,False,False,False,False,False,False,False,False,False,False,False,False,False,False,False,False,False,False,False,False,True,False,False,False,True,False
10.29,5.0,0.3,32.0,4.0,2100.0,133.5,1045,3.575430762,5,False,False,False,False,False,False,False,False,False,False,False,False,False,False,False,False,False,False,False,False,False,False,False,False,False,False,False,False,False,False,False,False,True,False,False,False,True,False
10.29,8.0,2.0,32.0,4.0,1800.0,166.0,828,4.175156205,5,False,False,False,False,False,False,False,False,False,False,False,False,False,False,False,False,False,False,False,False,False,False,False,False,False,False,False,False,False,False,False,False,True,False,False,False,False,False
10.29,8.0,5.0,32.0,4.0,2200.0,154.0,711,4.05386973,5,False,False,False,False,False,False,False,False,False,False,False,False,False,False,False,False,False,False,False,False,False,False,False,False,False,False,False,False,False,False,False,False,True,False,False,False,True,False
12.75,16.0,8.0,64.0,4.0,2900.0,192.0,970,4.844659416,5,False,False,False,False,False,False,False,False,False,False,False,False,False,False,False,False,False,False,False,False,False,False,False,False,False,False,False,False,False,False,False,False,True,False,False,False,True,False
12.83,13.0,5.0,16.0,4.0,3000.0,139.3,981,4.302306792,5,False,False,False,False,False,False,False,False,False,False,False,False,False,False,False,False,False,False,False,False,False,False,False,False,False,False,False,False,False,False,False,False,True,False,False,False,True,False
12.83,16.0,8.0,16.0,4.0,2900.0,165.0,875,4.473237515,5,False,False,False,False,False,False,False,False,False,False,False,False,False,False,False,False,False,False,False,False,False,False,False,False,False,False,False,False,False,False,False,False,True,False,False,False,True,False
12.7,16.0,8.0,16.0,4.0,2900.0,147.0,797,4.649091373,5,False,False,False,False,False,False,False,False,False,False,False,False,False,False,False,False,False,False,False,False,False,False,False,False,False,False,False,False,False,False,False,False,True,False,False,False,True,False
12.83,16.0,8.0,16.0,4.0,3100.0,149.5,552,4.765416535,5,False,False,False,False,False,False,False,False,False,False,False,False,False,False,False,False,False,False,False,False,False,False,False,False,False,False,False,False,False,False,False,False,True,False,False,False,True,False
12.7,13.0,5.0,32.0,4.0,2000.0,150.0,983,4.34536265,5,False,False,False,False,False,False,False,False,False,False,False,False,False,False,False,False,False,False,False,False,False,False,False,False,False,False,False,False,False,False,False,False,True,False,False,False,False,False
12.7,8.0,2.0,32.0,4.0,2000.0,149.5,1041,3.950281718,5,False,False,False,False,False,False,False,False,False,False,False,False,False,False,False,False,False,False,False,False,False,False,False,False,False,False,False,False,False,False,False,False,True,False,False,False,False,False
10.29,5.0,2.0,16.0,4.0,1850.0,135.0,853,3.840956557,5,False,False,False,False,False,False,False,False,False,False,False,False,False,False,False,False,False,False,False,False,False,False,False,False,False,False,False,False,False,False,False,False,True,False,False,False,False,False
10.16,2.0,0.3,16.0,4.0,1200.0,120.0,734,3.183870216,5,False,False,False,False,False,False,False,False,False,False,False,False,False,False,False,False,False,False,False,False,False,False,False,False,False,False,False,False,False,False,False,False,True,False,False,False,False,False
12.7,13.0,5.0,32.0,4.0,2400.0,165.0,628,4.580570069,5,False,False,False,False,False,False,False,False,False,False,False,False,False,False,False,False,False,False,False,False,False,False,False,False,False,False,False,False,False,False,False,False,True,False,False,False,True,False
12.7,13.0,5.0,16.0,4.0,2400.0,154.0,793,4.381151252,5,False,False,False,False,False,False,False,False,False,False,False,False,False,False,False,False,False,False,False,False,False,False,False,False,False,False,False,False,False,False,False,False,True,False,False,False,True,False
12.7,13.0,5.0,16.0,4.0,2400.0,130.0,721,4.500809171,6,False,False,False,False,False,False,False,False,False,False,False,False,False,False,False,False,False,False,False,False,False,False,False,False,False,False,False,False,False,False,False,False,True,False,False,False,True,False
10.29,5.0,2.0,32.0,4.0,2000.0,136.1,913,3.864721732,6,False,False,False,False,False,False,False,False,False,False,False,False,False,False,False,False,False,False,False,False,False,False,False,False,False,False,False,False,False,False,False,False,True,False,False,False,True,False
12.83,13.0,5.0,16.0,4.0,2500.0,120.0,542,4.543188394,6,False,False,False,False,False,False,False,False,False,False,False,False,False,False,False,False,False,False,False,False,False,False,False,False,False,False,False,False,False,False,False,False,True,False,False,False,False,False
12.88,8.0,1.6,16.0,4.0,3400.0,189.9,573,3.896096855,6,False,False,False,False,False,False,False,False,False,False,False,False,False,False,False,False,False,False,False,False,False,False,False,False,False,False,False,False,False,False,False,False,True,False,False,False,True,False
12.7,8.0,2.0,16.0,4.0,2300.0,135.55,968,4.341985585,6,False,False,False,False,False,False,False,False,False,False,False,False,False,False,False,False,False,False,False,False,False,False,False,False,False,False,False,False,False,False,False,False,True,False,False,False,True,False
12.7,8.0,5.0,32.0,4.0,2300.0,135.55,593,4.078384543,6,False,False,False,False,False,False,False,False,False,False,False,False,False,False,False,False,False,False,False,False,False,False,False,False,False,False,False,False,False,False,False,False,True,False,False,False,False,False
10.29,5.0,2.0,16.0,4.0,1850.0,135.0,961,3.780318514,6,False,False,False,False,False,False,False,False,False,False,False,False,False,False,False,False,False,False,False,False,False,False,False,False,False,False,False,False,False,False,False,False,True,False,False,False,False,False
10.34,13.0,5.0,16.0,4.0,2000.0,117.9,741,3.929469919,6,False,False,False,False,False,False,False,False,False,False,False,False,False,False,False,False,False,False,False,False,False,False,False,False,False,False,False,False,False,False,False,False,True,False,False,False,True,False
12.83,13.0,5.0,32.0,4.0,3000.0,135.55,856,4.329548428,6,False,False,False,False,False,False,False,False,False,False,False,False,False,False,False,False,False,False,False,False,False,False,False,False,False,False,False,False,False,False,False,False,True,False,False,False,True,False
12.83,13.0,5.0,32.0,4.0,3100.0,160.0,918,4.500920165,6,False,False,False,False,False,False,False,False,False,False,False,False,False,False,False,False,False,False,False,False,False,False,False,False,False,False,False,False,False,False,False,False,True,False,False,False,True,False
12.7,13.0,5.0,16.0,4.0,2300.0,143.0,996,4.055776969,6,False,False,False,False,False,False,False,False,False,False,False,False,False,False,False,False,False,False,False,False,False,False,False,False,False,False,False,False,False,False,False,False,True,False,False,False,True,False
12.7,5.0,0.3,16.0,4.0,2000.0,166.0,882,3.900152833,6,False,False,False,False,False,False,False,False,False,False,False,False,False,False,False,False,False,False,False,False,False,False,False,False,False,False,False,False,False,False,False,False,True,False,False,False,False,False
10.16,3.15,5.0,512.0,0.25,1400.0,120.0,1006,3.173878459,6,False,False,False,False,False,False,False,False,False,False,False,False,False,False,False,False,False,False,False,False,False,False,False,False,False,False,False,False,False,False,False,False,True,False,False,False,False,False
10.29,5.0,0.3,16.0,4.0,2000.0,145.0,808,3.442019376,7,False,False,False,False,False,False,False,False,False,False,False,False,False,False,False,False,False,False,False,False,False,False,False,False,False,False,False,False,False,False,False,False,True,False,False,False,False,False
12.7,8.0,5.0,16.0,4.0,2300.0,130.0,716,4.41255584,6,False,False,False,False,False,False,False,False,False,False,False,False,False,False,False,False,False,False,False,False,False,False,False,False,False,False,False,False,False,False,False,False,True,False,False,False,True,False
16.36,13.0,13.0,32.0,4.0,4250.0,215.0,932,4.795625243,6,False,False,False,False,False,False,False,False,False,False,False,False,False,False,False,False,False,False,False,False,False,False,False,False,False,False,False,False,False,False,False,False,True,False,False,False,True,False
10.16,3.15,5.0,16.0,4.0,1400.0,125.0,1007,3.764450641,6,False,False,False,False,False,False,False,False,False,False,False,False,False,False,False,False,False,False,False,False,False,False,False,False,False,False,False,False,False,False,False,False,True,True,False,False,False,False
12.83,13.0,2.0,16.0,4.0,3100.0,150.0,592,4.207226719,6,False,False,False,False,False,False,False,False,False,False,False,False,False,False,False,False,False,False,False,False,False,False,False,False,False,False,False,False,False,False,False,False,True,False,False,False,True,False
12.7,13.0,5.0,16.0,4.0,2300.0,126.0,567,4.169297415,7,False,False,False,False,False,False,False,False,False,False,False,False,False,False,False,False,False,False,False,False,False,False,False,False,False,False,False,False,False,False,False,False,True,False,False,False,True,False
10.34,13.0,5.0,16.0,4.0,2000.0,120.0,966,4.05958057,7,False,False,False,False,False,False,False,False,False,False,False,False,False,False,False,False,False,False,False,False,False,False,False,False,False,False,False,False,False,False,False,False,True,False,False,False,False,False
12.7,8.0,1.0,16.0,4.0,2300.0,130.0,916,3.75419892,7,False,False,False,False,False,False,False,False,False,False,False,False,False,False,False,False,False,False,False,False,False,False,False,False,False,False,False,False,False,False,False,False,True,False,False,False,True,False
10.29,8.0,1.0,32.0,4.0,2070.0,127.6,849,3.785779279,7,False,False,False,False,False,False,False,False,False,False,False,False,False,False,False,False,False,False,False,False,False,False,False,False,False,False,False,False,False,False,False,False,True,False,False,False,True,False
10.29,5.0,0.3,16.0,4.0,2000.0,140.0,632,4.308245532,7,False,False,False,False,False,False,False,False,False,False,False,False,False,False,False,False,False,False,False,False,False,False,False,False,False,False,False,False,False,False,False,False,True,False,False,False,False,False
10.16,5.0,1.0,16.0,4.0,1650.0,127.6,785,3.945070859,7,False,False,False,False,False,False,False,False,False,False,False,False,False,False,False,False,False,False,False,False,False,False,False,False,False,False,False,False,False,False,False,False,True,False,False,False,False,False
10.16,5.0,0.3,16.0,4.0,2500.0,153.4,682,4.352082758,7,False,False,False,False,False,False,False,False,False,False,False,False,False,False,False,False,False,False,False,False,False,False,False,False,False,False,False,False,False,False,False,False,True,False,False,False,True,False
12.7,13.0,1.0,32.0,4.0,2500.0,154.0,952,4.586089298,7,False,False,False,False,False,False,False,False,False,False,False,False,False,False,False,False,False,False,False,False,False,False,False,False,False,False,False,False,False,False,False,False,True,False,False,False,True,False
10.29,8.0,0.3,16.0,4.0,2000.0,146.0,939,3.617920365,7,False,False,False,False,False,False,False,False,False,False,False,False,False,False,False,False,False,False,False,False,False,False,False,False,False,False,False,False,False,False,False,False,True,False,False,False,False,False
12.7,8.0,1.3,16.0,4.0,2500.0,163.0,829,4.008241863,7,False,False,False,False,False,False,False,False,False,False,False,False,False,False,False,False,False,False,False,False,False,False,False,False,False,False,False,False,False,False,False,False,True,False,False,False,False,False
10.16,5.0,0.3,16.0,4.0,1600.0,140.0,885,3.674273302,7,False,False,False,False,False,False,False,False,False,False,False,False,False,False,False,False,False,False,False,False,False,False,False,False,False,False,False,False,False,False,False,False,True,False,False,False,False,False
12.88,13.0,1.0,16.0,4.0,3200.0,189.0,866,4.318820559,7,False,False,False,False,False,False,False,False,False,False,False,False,False,False,False,False,False,False,False,False,False,False,False,False,False,False,False,False,False,False,False,False,True,False,False,False,True,False
10.16,3.15,1.0,16.0,4.0,1600.0,140.0,782,3.745023465,7,False,False,False,False,False,False,False,False,False,False,False,False,False,False,False,False,False,False,False,False,False,False,False,False,False,False,False,False,False,False,False,False,True,False,False,False,False,False
7.75,3.15,1.0,16.0,4.0,1500.0,140.0,1003,3.767459554,7,False,False,False,False,False,False,False,False,False,False,False,False,False,False,False,False,False,False,False,False,False,False,False,False,False,False,False,False,False,False,False,False,True,False,False,False,False,False
12.7,13.0,2.0,16.0,4.0,1780.0,110.0,1065,4.430578675,7,False,False,False,False,False,False,False,False,False,False,False,False,False,False,False,False,False,False,False,False,False,False,False,False,False,False,False,False,False,False,False,False,True,False,False,False,True,False
15.32,12.2,8.0,64.0,6.0,3700.0,193.0,487,4.870146421,1,False,False,False,False,False,False,False,True,False,False,False,False,False,False,False,False,False,False,False,False,False,False,False,False,False,False,False,False,False,False,False,False,False,False,False,False,True,False
12.88,12.2,8.0,64.0,6.0,2800.0,162.0,203,5.15381169,1,False,False,False,False,False,False,False,True,False,False,False,False,False,False,False,False,False,False,False,False,False,False,False,False,False,False,False,False,False,False,False,False,False,False,False,False,True,False
15.24,12.2,8.0,64.0,4.0,3700.0,167.0,318,4.877941646,1,False,False,False,False,False,False,False,True,False,False,False,False,False,False,False,False,False,False,False,False,False,False,False,False,False,False,False,False,False,False,False,False,False,False,False,False,True,False
12.85,12.2,8.0,64.0,4.0,3000.0,147.0,508,4.470609693,1,False,False,False,False,False,False,False,True,False,False,False,False,False,False,False,False,False,False,False,False,False,False,False,False,False,False,False,False,False,False,False,False,False,False,False,False,True,False
16.84,13.0,16.0,64.0,6.0,4300.0,203.0,329,5.087164143,0,False,False,False,False,False,False,False,False,False,True,False,False,False,False,False,False,False,False,False,False,False,False,False,False,False,False,False,False,False,False,False,False,False,False,False,False,True,True
15.37,13.0,8.0,128.0,4.0,3750.0,188.0,195,4.842768758,0,False,False,False,False,False,False,False,False,False,True,False,False,False,False,False,False,False,False,False,False,False,False,False,False,False,False,False,False,False,False,False,False,False,False,False,False,True,False
16.69,13.0,8.0,256.0,8.0,4000.0,190.0,119,5.134267855,0,False,False,False,False,False,False,False,False,False,True,False,False,False,False,False,False,False,False,False,False,False,False,False,False,False,False,False,False,False,False,False,False,False,False,False,False,True,True
16.69,13.0,8.0,128.0,8.0,4000.0,186.0,92,4.946416722,0,False,False,False,False,False,False,False,False,False,True,False,False,False,False,False,False,False,False,False,False,False,False,False,False,False,False,False,False,False,False,False,False,False,False,False,False,True,True
16.59,13.0,32.0,128.0,6.0,4000.0,185.0,254,5.202191854,0,False,False,False,False,False,False,False,False,False,True,False,False,False,False,False,False,False,False,False,False,False,False,False,False,False,False,False,False,False,False,False,False,False,False,False,False,True,True
15.37,13.0,16.0,128.0,8.0,4000.0,190.0,276,5.201035244,0,False,False,False,False,False,False,False,False,False,True,False,False,False,False,False,False,False,False,False,False,False,False,False,False,False,False,False,False,False,False,False,False,False,False,False,False,True,True
16.74,13.0,16.0,64.0,4.0,4000.0,196.8,201,4.837709459,1,False,False,False,False,False,False,False,False,False,True,False,False,False,False,False,False,False,False,False,False,False,False,False,False,False,False,False,False,False,False,False,False,False,False,False,False,True,False
16.74,13.0,16.0,128.0,8.0,4000.0,202.0,470,4.770515119,1,False,False,False,False,False,False,False,False,False,True,False,False,False,False,False,False,False,False,False,False,False,False,False,False,False,False,False,False,False,False,False,False,False,False,False,False,True,False
15.9,13.0,32.0,128.0,8.0,4000.0,182.0,281,5.125272647,1,False,False,False,False,False,False,False,False,False,True,False,False,False,False,False,False,False,False,False,False,False,False,False,False,False,False,False,False,False,False,False,False,False,False,False,False,True,False
15.9,13.0,32.0,128.0,6.0,3750.0,174.0,239,5.101085197,1,False,False,False,False,False,False,False,False,False,True,False,False,False,False,False,False,False,False,False,False,False,False,False,False,False,False,False,False,False,False,False,False,False,False,False,False,True,False
15.77,13.0,32.0,128.0,4.0,3400.0,164.0,182,3.847804433,1,False,False,False,False,False,False,False,False,False,True,False,False,False,False,False,False,False,False,False,False,False,False,False,False,False,False,False,False,False,False,False,False,False,False,False,False,True,False
16.69,10.5,16.0,128.0,8.0,4000.0,178.0,221,4.856473503,0,False,False,False,False,False,False,False,False,False,False,True,False,False,False,False,False,False,False,False,False,False,False,False,False,False,False,False,False,False,False,False,False,False,False,False,False,True,True
16.59,10.5,32.0,128.0,8.0,4000.0,180.0,100,5.384403315,0,False,False,False,False,False,False,False,False,False,False,True,False,False,False,False,False,False,False,False,False,False,False,False,False,False,False,False,False,False,False,False,False,False,False,False,False,True,True
16.71,10.5,16.0,128.0,8.0,4200.0,209.0,219,5.452410902,0,False,False,False,False,False,False,False,False,False,False,True,False,False,False,False,False,False,False,False,False,False,False,False,False,False,False,False,False,False,False,False,False,False,False,False,False,True,True
15.27,10.5,32.0,128.0,6.0,3800.0,175.0,151,5.411779971,0,False,False,False,False,False,False,False,False,False,False,True,False,False,False,False,False,False,False,False,False,False,False,False,False,False,False,False,False,False,False,False,False,False,False,False,False,True,True
15.34,10.5,16.0,128.0,6.0,4200.0,183.0,325,4.924423597,0,False,False,False,False,False,False,False,False,False,False,True,False,False,False,False,False,False,False,False,False,False,False,False,False,False,False,False,False,False,False,False,False,False,False,False,False,True,False
15.62,10.5,32.0,256.0,6.0,3340.0,152.9,285,5.12116244,0,False,False,False,False,False,False,False,False,False,False,True,False,False,False,False,False,False,False,False,False,False,False,False,False,False,False,False,False,False,False,False,False,False,False,False,False,True,False
15.47,13.0,8.0,32.0,3.0,3020.0,150.0,297,4.376637137,0,False,False,False,False,False,False,False,False,False,False,True,False,False,False,False,False,False,False,False,False,False,False,False,False,False,False,False,False,False,False,False,False,False,False,False,False,True,False
16.69,13.0,16.0,128.0,8.0,4100.0,197.0,369,4.812915795,1,False,False,False,False,False,False,False,False,False,False,True,False,False,False,False,False,False,False,False,False,False,False,False,False,False,False,False,False,False,False,False,False,False,False,False,False,True,False
16.74,13.0,16.0,128.0,6.0,4000.0,206.0,365,4.944210551,1,False,False,False,False,False,False,False,False,False,False,True,False,False,False,False,False,False,False,False,False,False,False,False,False,False,False,False,False,False,False,False,False,False,False,False,False,True,False
16.59,13.0,16.0,128.0,8.0,4500.0,198.0,306,4.981412435,1,False,False,False,False,False,False,False,False,False,False,True,False,False,False,False,False,False,False,False,False,False,False,False,False,False,False,False,False,False,False,False,False,False,False,False,False,True,True
16.59,13.0,16.0,128.0,8.0,4500.0,198.0,350,5.59849603,1,False,False,False,False,False,False,False,False,False,False,True,False,False,False,False,False,False,False,False,False,False,False,False,False,False,False,False,False,False,False,False,False,False,False,False,False,True,False
15.9,13.0,32.0,128.0,6.0,3750.0,174.0,489,4.974800841,1,False,False,False,False,False,False,False,False,False,False,True,False,False,False,False,False,False,False,False,False,False,False,False,False,False,False,False,False,False,False,False,False,False,False,False,False,True,False
16.74,13.0,16.0,64.0,4.0,4000.0,196.8,397,4.584661309,1,False,False,False,False,False,False,False,False,False,False,True,False,False,False,False,False,False,False,False,False,False,False,False,False,False,False,False,False,False,False,False,False,False,False,False,False,True,False
17.83,13.0,24.0,256.0,8.0,4200.0,233.0,279,5.15698419,1,False,False,False,False,False,False,False,False,False,False,True,False,False,False,False,False,False,False,False,False,False,False,False,False,False,False,False,False,False,False,False,False,False,False,False,False,True,True
14.5,13.0,5.0,16.0,2.0,3020.0,146.0,382,3.997099178,1,False,False,False,False,False,False,False,False,False,False,True,False,False,False,False,False,False,False,False,False,False,False,False,False,False,False,False,False,False,False,False,False,False,False,False,False,True,False
15.32,8.0,16.0,64.0,4.0,4050.0,164.0,511,4.733739287,1,False,False,False,False,False,False,False,False,False,False,False,False,False,False,False,True,False,False,False,False,False,False,False,False,False,False,False,False,False,False,False,False,False,False,False,False,True,False
16.23,8.0,32.0,128.0,6.0,4000.0,185.0,505,5.268528038,1,False,False,False,False,False,False,False,False,False,False,False,False,False,False,False,True,False,False,False,False,False,False,False,False,False,False,False,False,False,False,False,False,False,False,False,False,True,False
15.44,5.0,16.0,128.0,6.0,4300.0,180.0,310,5.169517619,0,False,False,False,False,False,False,False,False,False,False,False,False,False,True,False,False,False,False,False,False,False,False,False,False,False,False,False,False,False,False,False,False,False,False,False,False,True,True
15.34,8.0,32.0,128.0,6.0,4000.0,192.0,457,5.041940144,1,False,False,False,False,False,False,False,False,False,False,False,False,False,True,False,False,False,False,False,False,False,False,False,False,False,False,False,False,False,False,False,False,False,False,False,False,True,False
15.77,8.0,13.0,64.0,6.0,3550.0,181.0,255,4.455044727,1,False,False,False,False,False,False,False,False,False,False,False,False,False,True,False,False,False,False,False,False,False,False,False,False,False,False,False,False,False,False,False,False,False,False,False,False,True,False
15.39,8.0,20.0,128.0,8.0,4500.0,219.0,261,4.822134686,0,False,False,False,False,False,False,False,False,False,False,False,False,False,False,False,False,True,False,False,False,False,False,False,False,False,False,False,False,False,False,False,False,False,False,False,False,True,True
15.34,8.0,8.0,32.0,3.0,4000.0,189.4,349,4.349245145,0,False,False,False,False,False,False,False,False,False,False,False,False,False,False,False,False,False,False,False,True,False,False,False,False,False,False,False,False,False,False,False,False,False,False,False,False,True,False
15.29,8.0,5.0,32.0,2.0,3550.0,185.0,174,4.511189123,0,False,False,False,False,False,False,False,False,False,False,False,False,False,False,False,False,False,False,False,True,False,False,False,False,False,False,False,False,False,False,False,False,False,False,False,False,True,False
15.37,8.0,8.0,64.0,4.0,5000.0,200.0,352,4.454579827,0,False,False,False,False,False,False,False,False,False,False,False,False,False,False,False,False,False,False,False,True,False,False,False,False,False,False,False,False,False,False,False,False,False,False,False,False,True,False
15.27,8.0,5.0,32.0,2.0,3000.0,160.0,208,4.201403635,0,False,False,False,False,False,False,False,False,False,False,False,False,False,False,False,False,False,False,False,True,False,False,False,False,False,False,False,False,False,False,False,False,False,False,False,False,True,False
15.34,8.0,16.0,128.0,4.0,4000.0,192.0,186,4.670489652,0,False,False,False,False,False,False,False,False,False,False,False,False,False,False,False,False,False,False,False,True,False,False,False,False,False,False,False,False,False,False,False,False,False,False,False,False,True,False
15.34,8.0,16.0,64.0,4.0,5000.0,199.0,97,4.652530757,0,False,False,False,False,False,False,False,False,False,False,False,False,False,False,False,False,False,False,False,True,False,False,False,False,False,False,False,False,False,False,False,False,False,False,False,False,True,False
15.34,8.0,16.0,64.0,4.0,5000.0,197.0,202,4.718498871,0,False,False,False,False,False,False,False,False,False,False,False,False,False,False,False,False,False,False,False,True,False,False,False,False,False,False,False,False,False,False,False,False,False,False,False,False,True,False
15.37,13.0,16.0,128.0,4.0,4000.0,210.0,506,4.964242255,1,False,False,False,False,False,False,False,False,False,False,False,False,False,False,False,False,False,False,False,True,False,False,False,False,False,False,False,False,False,False,False,False,False,False,False,False,True,False
15.29,13.0,8.0,32.0,2.0,4000.0,183.6,415,4.317754745,1,False,False,False,False,False,False,False,False,False,False,False,False,False,False,False,False,False,False,False,True,False,False,False,False,False,False,False,False,False,False,False,False,False,False,False,False,True,False
12.83,13.0,5.0,32.0,2.0,3000.0,140.0,280,4.021773869,1,False,False,False,False,False,False,False,False,False,False,False,False,False,False,False,False,False,False,False,True,False,False,False,False,False,False,False,False,False,False,False,False,False,False,False,False,True,False
15.32,13.0,25.0,64.0,4.0,4000.0,188.0,205,4.824305716,1,False,False,False,False,False,False,False,False,False,False,False,False,False,False,False,False,False,False,False,True,False,False,False,False,False,False,False,False,False,False,False,False,False,False,False,False,True,False
15.29,13.0,8.0,64.0,4.0,4000.0,186.0,292,4.426641427,1,False,False,False,False,False,False,False,False,False,False,False,False,False,False,False,False,False,False,False,True,False,False,False,False,False,False,False,False,False,False,False,False,False,False,False,False,True,False
15.27,13.0,8.0,32.0,2.0,3000.0,149.7,342,4.230622181,1,False,False,False,False,False,False,False,False,False,False,False,False,False,False,False,False,False,False,False,True,False,False,False,False,False,False,False,False,False,False,False,False,False,False,False,False,True,False
16.23,13.0,25.0,128.0,4.0,4000.0,190.0,431,5.245812813,1,False,False,False,False,False,False,False,False,False,False,False,False,False,False,False,False,False,False,False,True,False,False,False,False,False,False,False,False,False,False,False,False,False,False,False,False,True,False
15.32,13.0,12.0,128.0,4.0,3500.0,176.0,491,4.762430312,1,False,False,False,False,False,False,False,False,False,False,False,False,False,False,False,False,False,False,False,True,False,False,False,False,False,False,False,False,False,False,False,False,False,False,False,False,True,False
12.83,13.0,5.0,16.0,2.0,3000.0,159.0,379,2.834389123,1,False,False,False,False,False,False,False,False,False,False,False,False,False,False,False,False,False,False,False,True,False,False,False,False,False,False,False,False,False,False,False,False,False,False,False,False,True,False
15.34,48.0,25.0,128.0,4.0,3600.0,165.0,371,5.325932534,1,False,False,False,False,False,False,False,False,False,False,False,False,False,False,False,False,False,False,False,True,False,False,False,False,False,False,False,False,False,False,False,False,False,False,False,False,True,False
15.32,13.0,25.0,128.0,4.0,3500.0,180.0,320,4.904978438,1,False,False,False,False,False,False,False,False,False,False,False,False,False,False,False,False,False,False,False,True,False,False,False,False,False,False,False,False,False,False,False,False,False,False,False,False,True,False
14.5,8.0,5.0,16.0,1.0,3000.0,155.0,139,3.956422593,0,False,False,False,False,False,False,False,False,False,False,False,False,False,False,False,False,False,False,False,False,True,False,False,False,False,False,False,False,False,False,False,False,False,False,False,False,True,False
15.29,13.0,5.0,32.0,2.0,4000.0,183.0,259,4.346140356,1,False,False,False,False,False,False,False,False,False,False,False,False,False,False,False,False,False,False,False,False,True,False,False,False,False,False,False,False,False,False,False,False,False,False,False,False,True,False
15.32,5.0,20.0,64.0,4.0,3500.0,180.0,434,4.725350346,1,False,False,False,False,False,False,False,False,False,False,False,False,False,False,False,False,False,False,False,False,True,False,False,False,False,False,False,False,False,False,False,False,False,False,False,False,True,False
15.32,5.0,8.0,32.0,3.0,3500.0,180.0,249,4.104459896,1,False,False,False,False,False,False,False,False,False,False,False,False,False,False,False,False,False,False,False,False,True,False,False,False,False,False,False,False,False,False,False,False,False,False,False,False,True,False
5.28,2.0,8.0,0.06,0.03,1500.0,118.0,339,3.417070731,1,False,False,False,False,False,False,False,False,False,False,False,False,False,False,False,False,False,False,False,False,True,False,False,False,False,False,False,False,False,False,False,False,False,True,False,False,True,False
14.5,13.0,5.0,16.0,2.0,3000.0,153.0,390,3.174296781,1,False,False,False,False,False,False,False,False,False,False,False,False,False,False,False,False,False,False,False,False,True,False,False,False,False,False,False,False,False,False,False,False,False,False,False,False,True,False
16.94,8.0,16.0,256.0,8.0,4085.0,206.0,341,5.533073233,1,False,False,False,False,False,False,False,False,False,False,False,False,False,False,False,False,False,False,False,False,False,True,False,False,False,False,False,False,False,False,False,False,False,False,False,False,True,False
16.64,8.0,16.0,128.0,8.0,3800.0,190.0,381,5.13732668,1,False,False,False,False,False,False,False,False,False,False,False,False,False,False,False,False,False,False,False,False,False,True,False,False,False,False,False,False,False,False,False,False,False,False,False,False,True,False
15.37,8.0,32.0,256.0,12.0,4025.0,171.0,227,5.44772826,0,False,False,False,False,False,False,False,False,False,False,False,False,False,False,False,False,False,False,False,False,False,False,True,False,False,False,False,False,False,False,False,False,False,False,False,False,True,True
15.34,8.0,32.0,128.0,8.0,4025.0,180.0,306,4.998090267,0,False,False,False,False,False,False,False,False,False,False,False,False,False,False,False,False,False,False,False,False,False,False,True,False,False,False,False,False,False,False,False,False,False,False,False,False,True,True
15.42,8.0,32.0,256.0,12.0,4260.0,217.0,193,5.742009104,0,False,False,False,False,False,False,False,False,False,False,False,False,False,False,False,False,False,False,False,False,False,False,True,False,False,False,False,False,False,False,False,False,False,False,False,False,True,True
15.42,8.0,32.0,128.0,8.0,4200.0,209.0,91,5.112770614,0,False,False,False,False,False,False,False,False,False,False,False,False,False,False,False,False,False,False,False,False,False,False,True,False,False,False,False,False,False,False,False,False,False,False,False,False,True,True
15.37,8.0,32.0,128.0,8.0,4025.0,171.0,455,5.179533831,1,False,False,False,False,False,False,False,False,False,False,False,False,False,False,False,False,False,False,False,False,False,False,True,False,False,False,False,False,False,False,False,False,False,False,False,False,True,True
15.37,8.0,16.0,128.0,8.0,4000.0,200.0,447,4.780718858,1,False,False,False,False,False,False,False,False,False,False,False,False,False,False,False,False,False,False,False,False,False,False,True,False,False,False,False,False,False,False,False,False,False,False,False,False,True,False
15.37,8.0,8.0,64.0,3.0,5000.0,195.0,508,4.49088104,1,False,False,False,False,False,False,False,False,False,False,False,False,False,False,False,False,False,False,False,False,False,False,True,False,False,False,False,False,False,False,False,False,False,False,False,False,True,False
15.37,8.0,16.0,128.0,4.0,5000.0,195.0,459,4.622027303,1,False,False,False,False,False,False,False,False,False,False,False,False,False,False,False,False,False,False,False,False,False,False,True,False,False,False,False,False,False,False,False,False,False,False,False,False,True,False
15.37,8.0,16.0,128.0,8.0,4000.0,189.0,414,4.958078043,1,False,False,False,False,False,False,False,False,False,False,False,False,False,False,False,False,False,False,False,False,False,False,True,False,False,False,False,False,False,False,False,False,False,False,False,False,True,False
16.59,8.0,16.0,128.0,8.0,4000.0,195.0,215,5.027623507,1,False,False,False,False,False,False,False,False,False,False,False,False,False,False,False,False,False,False,False,False,False,False,True,False,False,False,False,False,False,False,False,False,False,False,False,False,True,False
16.36,8.0,8.0,128.0,6.0,4200.0,209.0,148,4.755312844,0,False,False,False,False,False,False,False,False,False,False,False,False,False,False,False,False,False,False,False,False,False,False,False,False,False,True,False,False,False,False,False,False,False,False,False,False,True,True
16.69,8.0,8.0,128.0,6.0,4200.0,194.0,232,4.822858887,0,False,False,False,False,False,False,False,False,False,False,False,False,False,False,False,False,False,False,False,False,False,False,False,False,False,True,False,False,False,False,False,False,False,False,False,False,True,True
15.37,8.0,16.0,64.0,3.0,5000.0,199.0,320,4.664099254,0,False,False,False,False,False,False,False,False,False,False,False,False,False,False,False,False,False,False,False,False,False,False,False,False,False,True,False,False,False,False,False,False,False,False,False,False,True,False
15.39,8.0,8.0,64.0,6.0,4300.0,202.0,347,4.418599615,0,False,False,False,False,False,False,False,False,False,False,False,False,False,False,False,False,False,False,False,False,False,False,False,False,False,True,False,False,False,False,False,False,False,False,False,False,True,False
16.36,8.0,8.0,128.0,6.0,4200.0,205.0,257,5.251225759,0,False,False,False,False,False,False,False,False,False,False,False,False,False,False,False,False,False,False,False,False,False,False,False,False,False,True,False,False,False,False,False,False,False,False,False,False,True,True
15.37,8.0,5.0,32.0,2.0,5000.0,195.0,357,4.189503215,0,False,False,False,False,False,False,False,False,False,False,False,False,False,False,False,False,False,False,False,False,False,False,False,False,False,True,False,False,False,False,False,False,False,False,False,False,True,False
16.69,8.0,8.0,64.0,6.0,4200.0,202.0,201,4.694370831,0,False,False,False,False,False,False,False,False,False,False,False,False,False,False,False,False,False,False,False,False,False,False,False,False,False,True,False,False,False,False,False,False,False,False,False,False,True,True
16.56,8.0,8.0,32.0,3.0,5000.0,195.0,278,4.489871562,0,False,False,False,False,False,False,False,False,False,False,False,False,False,False,False,False,False,False,False,False,False,False,False,False,False,True,False,False,False,False,False,False,False,False,False,False,True,False
15.37,8.0,13.0,64.0,4.0,5000.0,198.0,299,4.700843936,1,False,False,False,False,False,False,False,False,False,False,False,False,False,False,False,False,False,False,False,False,False,False,False,False,False,True,False,False,False,False,False,False,False,False,False,False,True,False
15.37,8.0,16.0,64.0,6.0,4000.0,199.0,475,5.069155743,1,False,False,False,False,False,False,False,False,False,False,False,False,False,False,False,False,False,False,False,False,False,False,False,False,False,True,False,False,False,False,False,False,False,False,False,False,True,False
15.34,8.0,16.0,64.0,4.0,4000.0,183.0,264,4.624482497,1,False,False,False,False,False,False,False,False,False,False,False,False,False,False,False,False,False,False,False,False,False,False,False,False,False,True,False,False,False,False,False,False,False,False,False,False,True,False
15.32,8.0,16.0,64.0,4.0,4035.0,184.0,538,4.515573652,1,False,False,False,False,False,False,False,False,False,False,False,False,False,False,False,False,False,False,False,False,False,False,False,False,False,True,False,False,False,False,False,False,False,False,False,False,True,False
15.32,8.0,25.0,64.0,4.0,4045.0,172.0,277,4.882195678,1,False,False,False,False,False,False,False,False,False,False,False,False,False,False,False,False,False,False,False,False,False,False,False,False,False,True,False,False,False,False,False,False,False,False,False,False,True,False
15.37,8.0,8.0,256.0,8.0,4000.0,181.4,236,5.483426701,0,False,False,False,False,False,False,False,False,False,False,False,False,False,False,False,False,False,False,False,False,False,False,False,False,False,False,False,True,False,False,False,False,False,False,False,False,True,True
15.24,8.0,8.0,128.0,4.0,3600.0,151.0,349,4.937132267,0,False,False,False,False,False,False,False,False,False,False,False,False,False,False,False,False,False,False,False,False,False,False,False,False,False,False,False,True,False,False,False,False,False,False,False,False,True,False
15.27,8.0,8.0,128.0,6.0,3140.0,164.0,348,5.124380559,1,False,False,False,False,False,False,False,False,False,False,False,False,False,False,False,False,False,False,False,False,False,False,False,False,False,False,False,True,False,False,False,False,False,False,False,False,True,False
16.43,2.0,24.0,128.0,6.0,4500.0,177.0,121,5.142890873,0,False,False,False,False,False,False,False,False,False,False,False,False,False,False,False,False,False,False,False,False,False,False,False,True,False,False,False,False,False,False,False,False,False,False,False,False,True,False
16.59,2.0,16.0,64.0,6.0,4000.0,180.0,113,4.56100929,0,False,False,False,False,False,False,False,False,False,False,False,False,False,False,False,False,False,False,False,False,False,False,False,True,False,False,False,False,False,False,False,False,False,False,False,False,True,False
15.32,2.0,16.0,128.0,4.0,5500.0,290.0,306,4.745106026,0,False,False,False,False,False,False,False,False,False,False,False,False,False,False,False,False,False,False,False,False,False,False,False,True,False,False,False,False,False,False,False,False,False,False,False,False,True,False
15.32,8.0,16.0,128.0,8.0,5500.0,290.0,211,5.169062531,1,False,False,False,False,False,False,False,False,False,False,False,False,False,False,False,False,False,False,False,False,False,False,False,True,False,False,False,False,False,False,False,False,False,False,False,False,True,False
16.66,8.0,32.0,128.0,8.0,4315.0,181.5,165,5.305590851,0,False,False,False,False,False,False,False,False,False,False,False,False,False,False,False,False,False,False,False,False,False,False,False,False,False,False,False,False,False,True,False,False,False,False,False,False,True,True
16.59,8.0,16.0,128.0,8.0,4500.0,190.0,197,4.81283455,0,False,False,False,False,False,False,False,False,False,False,False,False,False,False,False,False,False,False,False,False,False,False,False,False,False,False,False,False,False,True,False,False,False,False,False,False,True,True
16.69,8.0,16.0,128.0,6.0,4500.0,195.0,352,5.147087417,0,False,False,False,False,False,False,False,False,False,False,False,False,False,False,False,False,False,False,False,False,False,False,False,False,False,False,False,False,False,True,False,False,False,False,False,False,True,True
16.59,8.0,16.0,128.0,8.0,5000.0,197.0,108,5.061074891,0,False,False,False,False,False,False,False,False,False,False,False,False,False,False,False,False,False,False,False,False,False,False,False,False,False,False,False,False,False,True,False,False,False,False,False,False,True,False
16.69,8.0,16.0,128.0,6.0,5000.0,201.0,135,4.938279632,0,False,False,False,False,False,False,False,False,False,False,False,False,False,False,False,False,False,False,False,False,False,False,False,False,False,False,False,False,False,True,False,False,False,False,False,False,True,True
16.36,8.0,16.0,128.0,6.0,4400.0,214.5,154,4.791815714,0,False,False,False,False,False,False,False,False,False,False,False,False,False,False,False,False,False,False,False,False,False,False,False,False,False,False,False,False,False,True,False,False,False,False,False,False,True,True
16.36,13.0,32.0,128.0,8.0,4350.0,198.5,489,5.217649463,1,False,False,False,False,False,False,False,False,False,False,False,False,False,False,False,False,False,False,False,False,False,False,False,False,False,False,False,False,False,True,False,False,False,False,False,False,True,True
16.36,13.0,32.0,128.0,8.0,4500.0,176.0,393,5.264243386,1,False,False,False,False,False,False,False,False,False,False,False,False,False,False,False,False,False,False,False,False,False,False,False,False,False,False,False,False,False,True,False,False,False,False,False,False,True,False
16.21,13.0,32.0,128.0,8.0,4500.0,186.7,351,4.002412005,1,False,False,False,False,False,False,False,False,False,False,False,False,False,False,False,False,False,False,False,False,False,False,False,False,False,False,False,False,False,True,False,False,False,False,False,False,True,False
16.59,13.0,16.0,128.0,4.0,5000.0,193.0,301,4.749962931,1,False,False,False,False,False,False,False,False,False,False,False,False,False,False,False,False,False,False,False,False,False,False,False,False,False,False,False,False,False,True,False,False,False,False,False,False,True,False
16.36,13.0,16.0,128.0,8.0,4100.0,201.8,486,4.760206188,1,False,False,False,False,False,False,False,False,False,False,False,False,False,False,False,False,False,False,False,False,False,False,False,False,False,False,False,False,False,True,False,False,False,False,False,False,True,False
16.59,13.0,32.0,64.0,4.0,5000.0,201.0,289,5.079788153,1,False,False,False,False,False,False,False,False,False,False,False,False,False,False,False,False,False,False,False,False,False,False,False,False,False,False,False,False,False,True,False,False,False,False,False,False,True,False
16.13,13.0,8.0,32.0,3.0,5000.0,190.5,321,4.522223265,1,False,False,False,False,False,False,False,False,False,False,False,False,False,False,False,False,False,False,False,False,False,False,False,False,False,False,False,False,False,True,False,False,False,False,False,False,True,False
16.59,8.0,8.0,32.0,3.0,5020.0,198.0,340,4.475061501,0,False,False,False,False,False,False,False,False,False,False,False,False,False,False,False,False,False,False,False,False,False,False,False,False,False,False,False,False,False,False,False,True,False,False,False,False,True,False
16.59,8.0,13.0,128.0,4.0,5020.0,199.0,354,4.94406805,0,False,False,False,False,False,False,False,False,False,False,False,False,False,False,False,False,False,False,False,False,False,False,False,False,False,False,False,False,False,False,False,True,False,False,False,False,True,False
16.94,8.0,16.0,128.0,6.0,4700.0,219.0,128,4.774153178,0,False,False,False,False,False,False,False,False,False,False,False,False,False,False,False,False,False,False,False,False,False,False,False,False,False,False,False,False,False,False,False,True,False,False,False,False,True,True
16.94,8.0,16.0,64.0,6.0,5020.0,209.0,284,4.870453263,0,False,False,False,False,False,False,False,False,False,False,False,False,False,False,False,False,False,False,False,False,False,False,False,False,False,False,False,False,False,False,False,True,False,False,False,False,True,False
16.59,8.0,13.0,64.0,3.0,5020.0,199.0,208,4.497028027,0,False,False,False,False,False,False,False,False,False,False,False,False,False,False,False,False,False,False,False,False,False,False,False,False,False,False,False,False,False,False,False,True,False,False,False,False,True,False
16.43,8.0,16.0,64.0,6.0,5260.0,204.0,200,4.781138269,0,False,False,False,False,False,False,False,False,False,False,False,False,False,False,False,False,False,False,False,False,False,False,False,False,False,False,False,False,False,False,False,True,False,False,False,False,True,False
16.69,8.0,16.0,64.0,6.0,4160.0,192.0,156,5.063164491,0,False,False,False,False,False,False,False,False,False,False,False,False,False,False,False,False,False,False,False,False,False,False,False,False,False,False,False,False,False,False,False,True,False,False,False,False,True,True
16.69,8.0,16.0,64.0,6.0,4160.0,192.0,351,4.829992328,0,False,False,False,False,False,False,False,False,False,False,False,False,False,False,False,False,False,False,False,False,False,False,False,False,False,False,False,False,False,False,False,True,False,False,False,False,True,True
16.94,8.0,16.0,128.0,8.0,4700.0,218.0,194,5.500523247,0,False,False,False,False,False,False,False,False,False,False,False,False,False,False,False,False,False,False,False,False,False,False,False,False,False,False,False,False,False,False,False,True,False,False,False,False,True,True
16.94,8.0,16.0,128.0,6.0,4700.0,218.0,306,5.136151316,0,False,False,False,False,False,False,False,False,False,False,False,False,False,False,False,False,False,False,False,False,False,False,False,False,False,False,False,False,False,False,False,True,False,False,False,False,True,True
16.94,8.0,16.0,64.0,4.0,5020.0,209.0,96,4.686934488,0,False,False,False,False,False,False,False,False,False,False,False,False,False,False,False,False,False,False,False,False,False,False,False,False,False,False,False,False,False,False,False,True,False,False,False,False,True,False
17.81,8.0,20.0,256.0,8.0,5000.0,253.0,361,5.223917044,0,False,False,False,False,False,False,False,False,False,False,False,False,False,False,False,False,False,False,False,False,False,False,False,False,False,False,False,False,False,False,False,True,False,False,False,False,True,True
16.94,8.0,20.0,128.0,8.0,4720.0,222.0,164,5.119190701,0,False,False,False,False,False,False,False,False,False,False,False,False,False,False,False,False,False,False,False,False,False,False,False,False,False,False,False,False,False,False,False,True,False,False,False,False,True,True
16.94,8.0,20.0,256.0,8.0,4500.0,208.0,112,5.341328962,0,False,False,False,False,False,False,False,False,False,False,False,False,False,False,False,False,False,False,False,False,False,False,False,False,False,False,False,False,False,False,False,True,False,False,False,False,True,True
16.94,8.0,20.0,128.0,8.0,4780.0,208.0,321,4.865609522,0,False,False,False,False,False,False,False,False,False,False,False,False,False,False,False,False,False,False,False,False,False,False,False,False,False,False,False,False,False,False,False,True,False,False,False,False,True,True
16.94,12.0,20.0,64.0,6.0,4500.0,208.0,421,4.81818259,1,False,False,False,False,False,False,False,False,False,False,False,False,False,False,False,False,False,False,False,False,False,False,False,False,False,False,False,False,False,False,False,True,False,False,False,False,True,False
16.94,12.0,20.0,64.0,6.0,4500.0,208.0,221,4.903569622,1,False,False,False,False,False,False,False,False,False,False,False,False,False,False,False,False,False,False,False,False,False,False,False,False,False,False,False,False,False,False,False,True,False,False,False,False,True,True
15.32,12.0,13.0,32.0,3.0,4000.0,200.0,444,4.609162207,1,False,False,False,False,False,False,False,False,False,False,False,False,False,False,False,False,False,False,False,False,False,False,False,False,False,False,False,False,False,False,False,True,False,False,False,False,True,False
16.43,12.0,32.0,256.0,8.0,5260.0,208.0,355,5.529190964,1,False,False,False,False,False,False,False,False,False,False,False,False,False,False,False,False,False,False,False,False,False,False,False,False,False,False,False,False,False,False,False,True,False,False,False,False,True,False
16.43,12.0,32.0,128.0,6.0,5260.0,208.0,391,5.224832277,1,False,False,False,False,False,False,False,False,False,False,False,False,False,False,False,False,False,False,False,False,False,False,False,False,False,False,False,False,False,False,False,True,False,False,False,False,True,False
16.43,12.0,32.0,128.0,6.0,5260.0,208.0,207,4.919615896,1,False,False,False,False,False,False,False,False,False,False,False,False,False,False,False,False,False,False,False,False,False,False,False,False,False,False,False,False,False,False,False,True,False,False,False,False,True,False
15.8,12.0,8.0,32.0,3.0,5000.0,188.0,506,4.30528057,1,False,False,False,False,False,False,False,False,False,False,False,False,False,False,False,False,False,False,False,False,False,False,False,False,False,False,False,False,False,False,False,True,False,False,False,False,True,False
15.8,12.0,8.0,32.0,2.0,5000.0,188.0,514,4.406475315,1,False,False,False,False,False,False,False,False,False,False,False,False,False,False,False,False,False,False,False,False,False,False,False,False,False,False,False,False,False,False,False,True,False,False,False,False,True,False
16.23,12.0,20.0,128.0,8.0,4000.0,196.0,391,5.176996831,1,False,False,False,False,False,False,False,False,False,False,False,False,False,False,False,False,False,False,False,False,False,False,False,False,False,False,False,False,False,False,False,True,False,False,False,False,True,True
16.23,12.0,32.0,64.0,6.0,4030.0,179.0,215,4.80557721,1,False,False,False,False,False,False,False,False,False,False,False,False,False,False,False,False,False,False,False,False,False,False,False,False,False,False,False,False,False,False,False,True,False,False,False,False,True,False
16.59,12.0,20.0,64.0,6.0,4500.0,200.0,215,4.891175854,1,False,False,False,False,False,False,False,False,False,False,False,False,False,False,False,False,False,False,False,False,False,False,False,False,False,False,False,False,False,False,False,True,False,False,False,False,True,False
16.23,12.0,20.0,128.0,8.0,4000.0,205.0,492,5.241905733,1,False,False,False,False,False,False,False,False,False,False,False,False,False,False,False,False,False,False,False,False,False,False,False,False,False,False,False,False,False,False,False,True,False,False,False,False,True,False
15.47,12.0,32.0,64.0,4.0,4030.0,173.8,489,4.924496264,1,False,False,False,False,False,False,False,False,False,False,False,False,False,False,False,False,False,False,False,False,False,False,False,False,False,False,False,False,False,False,False,True,False,False,False,False,True,False
13.84,13.0,5.0,16.0,2.0,4000.0,165.0,202,4.049870072,1,False,False,False,False,False,False,False,False,False,False,False,False,False,False,False,False,False,False,False,False,False,False,False,False,False,False,False,False,False,False,False,True,False,False,False,False,True,False
15.32,12.0,13.0,32.0,3.0,4000.0,190.0,356,4.626050664,1,False,False,False,False,False,False,False,False,False,False,False,False,False,False,False,False,False,False,False,False,False,False,False,False,False,False,False,False,False,False,False,True,False,False,False,False,True,False
16.23,12.0,16.0,64.0,6.0,4000.0,191.0,329,5.117993812,1,False,False,False,False,False,False,False,False,False,False,False,False,False,False,False,False,False,False,False,False,False,False,False,False,False,False,False,False,False,False,False,True,False,False,False,False,True,False
16.23,12.0,16.0,64.0,6.0,4000.0,191.0,443,4.946914217,1,False,False,False,False,False,False,False,False,False,False,False,False,False,False,False,False,False,False,False,False,False,False,False,False,False,False,False,False,False,False,False,True,False,False,False,False,True,False
15.21,12.0,5.0,32.0,3.0,4000.0,180.0,478,4.435567402,2,False,False,False,False,False,False,False,False,False,False,False,False,False,False,False,False,False,False,False,False,False,False,False,False,False,False,False,False,False,False,False,True,False,False,False,False,True,False
16.43,8.0,20.0,128.0,6.0,4000.0,168.0,217,5.371242497,0,False,False,False,False,False,False,False,False,False,False,False,False,False,False,False,False,False,False,False,False,False,False,False,False,False,False,False,False,False,False,False,False,True,False,False,False,True,True
16.89,8.0,8.0,128.0,8.0,4500.0,218.0,133,5.103882742,0,False,False,False,False,False,False,False,False,False,False,False,False,False,False,False,False,False,False,False,False,False,False,False,False,False,False,False,False,False,False,False,False,True,False,False,False,True,True
15.32,12.2,8.0,64.0,6.0,3700.0,193.0,429,4.600559573,1,False,False,False,False,False,False,False,True,False,False,False,False,False,False,False,False,False,False,False,False,False,False,False,False,False,False,False,False,False,False,False,False,False,False,False,False,True,False
12.88,12.2,8.0,64.0,6.0,2800.0,162.0,464,5.037342137,1,False,False,False,False,False,False,False,True,False,False,False,False,False,False,False,False,False,False,False,False,False,False,False,False,False,False,False,False,False,False,False,False,False,False,False,False,True,False
15.24,12.2,8.0,64.0,4.0,3700.0,167.0,397,4.777778051,1,False,False,False,False,False,False,False,True,False,False,False,False,False,False,False,False,False,False,False,False,False,False,False,False,False,False,False,False,False,False,False,False,False,False,False,False,True,False
12.85,12.2,8.0,64.0,4.0,3000.0,147.0,186,4.745106026,1,False,False,False,False,False,False,False,True,False,False,False,False,False,False,False,False,False,False,False,False,False,False,False,False,False,False,False,False,False,False,False,False,False,False,False,False,True,False
16.84,13.0,16.0,64.0,6.0,4300.0,203.0,195,4.714114273,0,False,False,False,False,False,False,False,False,False,True,False,False,False,False,False,False,False,False,False,False,False,False,False,False,False,False,False,False,False,False,False,False,False,False,False,False,True,True
15.37,13.0,8.0,128.0,4.0,3750.0,188.0,179,4.5582882,0,False,False,False,False,False,False,False,False,False,True,False,False,False,False,False,False,False,False,False,False,False,False,False,False,False,False,False,False,False,False,False,False,False,False,False,False,True,False
16.69,13.0,8.0,256.0,8.0,4000.0,190.0,266,5.557214088,0,False,False,False,False,False,False,False,False,False,True,False,False,False,False,False,False,False,False,False,False,False,False,False,False,False,False,False,False,False,False,False,False,False,False,False,False,True,True
16.69,13.0,8.0,128.0,8.0,4000.0,186.0,256,5.24528572,0,False,False,False,False,False,False,False,False,False,True,False,False,False,False,False,False,False,False,False,False,False,False,False,False,False,False,False,False,False,False,False,False,False,False,False,False,True,True
16.59,13.0,32.0,128.0,6.0,4000.0,185.0,275,5.381094793,0,False,False,False,False,False,False,False,False,False,True,False,False,False,False,False,False,False,False,False,False,False,False,False,False,False,False,False,False,False,False,False,False,False,False,False,False,True,True
15.37,13.0,16.0,128.0,8.0,4000.0,190.0,286,5.122176669,0,False,False,False,False,False,False,False,False,False,True,False,False,False,False,False,False,False,False,False,False,False,False,False,False,False,False,False,False,False,False,False,False,False,False,False,False,True,True
16.74,13.0,16.0,64.0,4.0,4000.0,196.8,231,4.752986561,1,False,False,False,False,False,False,False,False,False,True,False,False,False,False,False,False,False,False,False,False,False,False,False,False,False,False,False,False,False,False,False,False,False,False,False,False,True,False
16.74,13.0,16.0,128.0,8.0,4000.0,202.0,460,5.030503279,1,False,False,False,False,False,False,False,False,False,True,False,False,False,False,False,False,False,False,False,False,False,False,False,False,False,False,False,False,False,False,False,False,False,False,False,False,True,False
15.9,13.0,32.0,128.0,8.0,4000.0,182.0,431,5.334167019,1,False,False,False,False,False,False,False,False,False,True,False,False,False,False,False,False,False,False,False,False,False,False,False,False,False,False,False,False,False,False,False,False,False,False,False,False,True,False
15.9,13.0,32.0,128.0,6.0,3750.0,174.0,265,5.109756385,1,False,False,False,False,False,False,False,False,False,True,False,False,False,False,False,False,False,False,False,False,False,False,False,False,False,False,False,False,False,False,False,False,False,False,False,False,True,False
15.77,13.0,32.0,128.0,4.0,3400.0,164.0,355,3.902982261,1,False,False,False,False,False,False,False,False,False,True,False,False,False,False,False,False,False,False,False,False,False,False,False,False,False,False,False,False,False,False,False,False,False,False,False,False,True,False
16.69,10.5,16.0,128.0,8.0,4000.0,178.0,203,4.821732126,0,False,False,False,False,False,False,False,False,False,False,True,False,False,False,False,False,False,False,False,False,False,False,False,False,False,False,False,False,False,False,False,False,False,False,False,False,True,True
16.59,10.5,32.0,128.0,8.0,4000.0,180.0,256,5.197446756,0,False,False,False,False,False,False,False,False,False,False,True,False,False,False,False,False,False,False,False,False,False,False,False,False,False,False,False,False,False,False,False,False,False,False,False,False,True,True
16.71,10.5,16.0,128.0,8.0,4200.0,209.0,162,5.482844822,0,False,False,False,False,False,False,False,False,False,False,True,False,False,False,False,False,False,False,False,False,False,False,False,False,False,False,False,False,False,False,False,False,False,False,False,False,True,True
15.27,10.5,32.0,128.0,6.0,3800.0,175.0,295,5.07704706,0,False,False,False,False,False,False,False,False,False,False,True,False,False,False,False,False,False,False,False,False,False,False,False,False,False,False,False,False,False,False,False,False,False,False,False,False,True,True
15.34,10.5,16.0,128.0,6.0,4200.0,183.0,212,4.69015451,0,False,False,False,False,False,False,False,False,False,False,True,False,False,False,False,False,False,False,False,False,False,False,False,False,False,False,False,False,False,False,False,False,False,False,False,False,True,False
15.62,10.5,32.0,256.0,6.0,3340.0,152.9,237,5.062468443,0,False,False,False,False,False,False,False,False,False,False,True,False,False,False,False,False,False,False,False,False,False,False,False,False,False,False,False,False,False,False,False,False,False,False,False,False,True,False
15.47,13.0,8.0,32.0,3.0,3020.0,150.0,326,4.255470856,0,False,False,False,False,False,False,False,False,False,False,True,False,False,False,False,False,False,False,False,False,False,False,False,False,False,False,False,False,False,False,False,False,False,False,False,False,True,False
16.69,13.0,16.0,128.0,8.0,4100.0,197.0,257,4.965149664,1,False,False,False,False,False,False,False,False,False,False,True,False,False,False,False,False,False,False,False,False,False,False,False,False,False,False,False,False,False,False,False,False,False,False,False,False,True,False
16.74,13.0,16.0,128.0,6.0,4000.0,206.0,338,5.019661105,1,False,False,False,False,False,False,False,False,False,False,True,False,False,False,False,False,False,False,False,False,False,False,False,False,False,False,False,False,False,False,False,False,False,False,False,False,True,False
16.59,13.0,16.0,128.0,8.0,4500.0,198.0,283,5.327536305,1,False,False,False,False,False,False,False,False,False,False,True,False,False,False,False,False,False,False,False,False,False,False,False,False,False,False,False,False,False,False,False,False,False,False,False,False,True,True
16.59,13.0,16.0,128.0,8.0,4500.0,198.0,360,5.036952602,1,False,False,False,False,False,False,False,False,False,False,True,False,False,False,False,False,False,False,False,False,False,False,False,False,False,False,False,False,False,False,False,False,False,False,False,False,True,False
15.9,13.0,32.0,128.0,6.0,3750.0,174.0,211,4.919761924,1,False,False,False,False,False,False,False,False,False,False,True,False,False,False,False,False,False,False,False,False,False,False,False,False,False,False,False,False,False,False,False,False,False,False,False,False,True,False
16.74,13.0,16.0,64.0,4.0,4000.0,196.8,263,4.765757251,1,False,False,False,False,False,False,False,False,False,False,True,False,False,False,False,False,False,False,False,False,False,False,False,False,False,False,False,False,False,False,False,False,False,False,False,False,True,False
17.83,13.0,24.0,256.0,8.0,4200.0,233.0,351,5.299366816,1,False,False,False,False,False,False,False,False,False,False,True,False,False,False,False,False,False,False,False,False,False,False,False,False,False,False,False,False,False,False,False,False,False,False,False,False,True,True
14.5,13.0,5.0,16.0,2.0,3020.0,146.0,308,4.240607069,1,False,False,False,False,False,False,False,False,False,False,True,False,False,False,False,False,False,False,False,False,False,False,False,False,False,False,False,False,False,False,False,False,False,False,False,False,True,False
15.32,8.0,16.0,64.0,4.0,4050.0,164.0,231,4.708628894,1,False,False,False,False,False,False,False,False,False,False,False,False,False,False,False,True,False,False,False,False,False,False,False,False,False,False,False,False,False,False,False,False,False,False,False,False,True,False
16.23,8.0,32.0,128.0,6.0,4000.0,185.0,446,5.298817242,1,False,False,False,False,False,False,False,False,False,False,False,False,False,False,False,True,False,False,False,False,False,False,False,False,False,False,False,False,False,False,False,False,False,False,False,False,True,False
15.44,5.0,16.0,128.0,6.0,4300.0,180.0,194,4.913242948,0,False,False,False,False,False,False,False,False,False,False,False,False,False,True,False,False,False,False,False,False,False,False,False,False,False,False,False,False,False,False,False,False,False,False,False,False,True,True
15.34,8.0,32.0,128.0,6.0,4000.0,192.0,193,5.524177225,1,False,False,False,False,False,False,False,False,False,False,False,False,False,True,False,False,False,False,False,False,False,False,False,False,False,False,False,False,False,False,False,False,False,False,False,False,True,False
15.77,8.0,13.0,64.0,6.0,3550.0,181.0,249,4.602667056,1,False,False,False,False,False,False,False,False,False,False,False,False,False,True,False,False,False,False,False,False,False,False,False,False,False,False,False,False,False,False,False,False,False,False,False,False,True,False
15.39,8.0,20.0,128.0,8.0,4500.0,219.0,139,5.569260115,0,False,False,False,False,False,False,False,False,False,False,False,False,False,False,False,False,True,False,False,False,False,False,False,False,False,False,False,False,False,False,False,False,False,False,False,False,True,True
15.34,8.0,8.0,32.0,3.0,4000.0,189.4,101,4.579031528,0,False,False,False,False,False,False,False,False,False,False,False,False,False,False,False,False,False,False,False,True,False,False,False,False,False,False,False,False,False,False,False,False,False,False,False,False,True,False
15.29,8.0,5.0,32.0,2.0,3550.0,185.0,230,4.290185431,0,False,False,False,False,False,False,False,False,False,False,False,False,False,False,False,False,False,False,False,True,False,False,False,False,False,False,False,False,False,False,False,False,False,False,False,False,True,False
15.37,8.0,8.0,64.0,4.0,5000.0,200.0,277,4.464527856,0,False,False,False,False,False,False,False,False,False,False,False,False,False,False,False,False,False,False,False,True,False,False,False,False,False,False,False,False,False,False,False,False,False,False,False,False,True,False
15.27,8.0,5.0,32.0,2.0,3000.0,160.0,249,4.149779269,0,False,False,False,False,False,False,False,False,False,False,False,False,False,False,False,False,False,False,False,True,False,False,False,False,False,False,False,False,False,False,False,False,False,False,False,False,True,False
15.34,8.0,16.0,128.0,4.0,4000.0,192.0,176,4.876494192,0,False,False,False,False,False,False,False,False,False,False,False,False,False,False,False,False,False,False,False,True,False,False,False,False,False,False,False,False,False,False,False,False,False,False,False,False,True,False
15.34,8.0,16.0,64.0,4.0,5000.0,199.0,156,4.650717001,0,False,False,False,False,False,False,False,False,False,False,False,False,False,False,False,False,False,False,False,True,False,False,False,False,False,False,False,False,False,False,False,False,False,False,False,False,True,False
15.34,8.0,16.0,64.0,4.0,5000.0,197.0,364,4.743278588,0,False,False,False,False,False,False,False,False,False,False,False,False,False,False,False,False,False,False,False,True,False,False,False,False,False,False,False,False,False,False,False,False,False,False,False,False,True,False
15.37,13.0,16.0,128.0,4.0,4000.0,210.0,266,4.799090879,1,False,False,False,False,False,False,False,False,False,False,False,False,False,False,False,False,False,False,False,True,False,False,False,False,False,False,False,False,False,False,False,False,False,False,False,False,True,False
15.29,13.0,8.0,32.0,2.0,4000.0,183.6,407,4.465563232,1,False,False,False,False,False,False,False,False,False,False,False,False,False,False,False,False,False,False,False,True,False,False,False,False,False,False,False,False,False,False,False,False,False,False,False,False,True,False
12.83,13.0,5.0,32.0,2.0,3000.0,140.0,435,4.275137173,1,False,False,False,False,False,False,False,False,False,False,False,False,False,False,False,False,False,False,False,True,False,False,False,False,False,False,False,False,False,False,False,False,False,False,False,False,True,False
15.32,13.0,25.0,64.0,4.0,4000.0,188.0,216,4.948334268,1,False,False,False,False,False,False,False,False,False,False,False,False,False,False,False,False,False,False,False,True,False,False,False,False,False,False,False,False,False,False,False,False,False,False,False,False,True,False
15.29,13.0,8.0,64.0,4.0,4000.0,186.0,228,4.598346961,1,False,False,False,False,False,False,False,False,False,False,False,False,False,False,False,False,False,False,False,True,False,False,False,False,False,False,False,False,False,False,False,False,False,False,False,False,True,False
15.27,13.0,8.0,32.0,2.0,3000.0,149.7,194,4.21980178,1,False,False,False,False,False,False,False,False,False,False,False,False,False,False,False,False,False,False,False,True,False,False,False,False,False,False,False,False,False,False,False,False,False,False,False,False,True,False
16.23,13.0,25.0,128.0,4.0,4000.0,190.0,348,4.835329072,1,False,False,False,False,False,False,False,False,False,False,False,False,False,False,False,False,False,False,False,True,False,False,False,False,False,False,False,False,False,False,False,False,False,False,False,False,True,False
15.32,13.0,12.0,128.0,4.0,3500.0,176.0,481,4.789489745,1,False,False,False,False,False,False,False,False,False,False,False,False,False,False,False,False,False,False,False,True,False,False,False,False,False,False,False,False,False,False,False,False,False,False,False,False,True,False
12.83,13.0,5.0,16.0,2.0,3000.0,159.0,371,3.037353948,1,False,False,False,False,False,False,False,False,False,False,False,False,False,False,False,False,False,False,False,True,False,False,False,False,False,False,False,False,False,False,False,False,False,False,False,False,True,False
15.34,48.0,25.0,128.0,4.0,3600.0,165.0,422,5.331026541,1,False,False,False,False,False,False,False,False,False,False,False,False,False,False,False,False,False,False,False,True,False,False,False,False,False,False,False,False,False,False,False,False,False,False,False,False,True,False
15.32,13.0,25.0,128.0,4.0,3500.0,180.0,200,4.77474417,1,False,False,False,False,False,False,False,False,False,False,False,False,False,False,False,False,False,False,False,True,False,False,False,False,False,False,False,False,False,False,False,False,False,False,False,False,True,False
14.5,8.0,5.0,16.0,1.0,3000.0,155.0,196,3.879086505,0,False,False,False,False,False,False,False,False,False,False,False,False,False,False,False,False,False,False,False,False,True,False,False,False,False,False,False,False,False,False,False,False,False,False,False,False,True,False
15.29,13.0,5.0,32.0,2.0,4000.0,183.0,520,4.145671189,1,False,False,False,False,False,False,False,False,False,False,False,False,False,False,False,False,False,False,False,False,True,False,False,False,False,False,False,False,False,False,False,False,False,False,False,False,True,False
15.32,5.0,20.0,64.0,4.0,3500.0,180.0,459,4.789406575,1,False,False,False,False,False,False,False,False,False,False,False,False,False,False,False,False,False,False,False,False,True,False,False,False,False,False,False,False,False,False,False,False,False,False,False,False,True,False
15.32,5.0,8.0,32.0,3.0,3500.0,180.0,417,4.145354483,1,False,False,False,False,False,False,False,False,False,False,False,False,False,False,False,False,False,False,False,False,True,False,False,False,False,False,False,False,False,False,False,False,False,False,False,False,True,False
5.28,2.0,8.0,0.1,0.03,1500.0,118.0,295,3.444576105,1,False,False,False,False,False,False,False,False,False,False,False,False,False,False,False,False,False,False,False,False,True,False,False,False,False,False,False,False,False,False,False,False,False,True,False,False,True,False
14.5,13.0,5.0,16.0,2.0,3000.0,153.0,235,4.022311359,1,False,False,False,False,False,False,False,False,False,False,False,False,False,False,False,False,False,False,False,False,True,False,False,False,False,False,False,False,False,False,False,False,False,False,False,False,True,False
16.94,8.0,16.0,256.0,8.0,4085.0,206.0,367,5.415344561,1,False,False,False,False,False,False,False,False,False,False,False,False,False,False,False,False,False,False,False,False,False,True,False,False,False,False,False,False,False,False,False,False,False,False,False,False,True,False
16.64,8.0,16.0,128.0,8.0,3800.0,190.0,476,4.947127353,1,False,False,False,False,False,False,False,False,False,False,False,False,False,False,False,False,False,False,False,False,False,True,False,False,False,False,False,False,False,False,False,False,False,False,False,False,True,False
15.37,8.0,32.0,256.0,12.0,4025.0,171.0,348,5.630315323,0,False,False,False,False,False,False,False,False,False,False,False,False,False,False,False,False,False,False,False,False,False,False,True,False,False,False,False,False,False,False,False,False,False,False,False,False,True,True
15.34,8.0,32.0,128.0,8.0,4025.0,180.0,326,5.364292355,0,False,False,False,False,False,False,False,False,False,False,False,False,False,False,False,False,False,False,False,False,False,False,True,False,False,False,False,False,False,False,False,False,False,False,False,False,True,True
15.42,8.0,32.0,256.0,12.0,4260.0,217.0,159,5.505981731,0,False,False,False,False,False,False,False,False,False,False,False,False,False,False,False,False,False,False,False,False,False,False,True,False,False,False,False,False,False,False,False,False,False,False,False,False,True,True
15.42,8.0,32.0,128.0,8.0,4200.0,209.0,261,5.792037522,0,False,False,False,False,False,False,False,False,False,False,False,False,False,False,False,False,False,False,False,False,False,False,True,False,False,False,False,False,False,False,False,False,False,False,False,False,True,True
15.37,8.0,32.0,128.0,8.0,4025.0,171.0,225,5.613930704,1,False,False,False,False,False,False,False,False,False,False,False,False,False,False,False,False,False,False,False,False,False,False,True,False,False,False,False,False,False,False,False,False,False,False,False,False,True,True
15.37,8.0,16.0,128.0,8.0,4000.0,200.0,462,5.334359958,1,False,False,False,False,False,False,False,False,False,False,False,False,False,False,False,False,False,False,False,False,False,False,True,False,False,False,False,False,False,False,False,False,False,False,False,False,True,False
15.37,8.0,8.0,64.0,3.0,5000.0,195.0,368,4.54361388,1,False,False,False,False,False,False,False,False,False,False,False,False,False,False,False,False,False,False,False,False,False,False,True,False,False,False,False,False,False,False,False,False,False,False,False,False,True,False
15.37,8.0,16.0,128.0,4.0,5000.0,195.0,481,4.638024523,1,False,False,False,False,False,False,False,False,False,False,False,False,False,False,False,False,False,False,False,False,False,False,True,False,False,False,False,False,False,False,False,False,False,False,False,False,True,False
15.37,8.0,16.0,128.0,8.0,4000.0,189.0,238,5.091047164,1,False,False,False,False,False,False,False,False,False,False,False,False,False,False,False,False,False,False,False,False,False,False,True,False,False,False,False,False,False,False,False,False,False,False,False,False,True,False
16.59,8.0,16.0,128.0,8.0,4000.0,195.0,297,4.655958353,1,False,False,False,False,False,False,False,False,False,False,False,False,False,False,False,False,False,False,False,False,False,False,True,False,False,False,False,False,False,False,False,False,False,False,False,False,True,False
16.36,8.0,8.0,128.0,6.0,4200.0,209.0,219,4.657667755,0,False,False,False,False,False,False,False,False,False,False,False,False,False,False,False,False,False,False,False,False,False,False,False,False,False,True,False,False,False,False,False,False,False,False,False,False,True,True
16.69,8.0,8.0,128.0,6.0,4200.0,194.0,258,5.031287234,0,False,False,False,False,False,False,False,False,False,False,False,False,False,False,False,False,False,False,False,False,False,False,False,False,False,True,False,False,False,False,False,False,False,False,False,False,True,True
15.37,8.0,16.0,64.0,3.0,5000.0,199.0,206,4.633174382,0,False,False,False,False,False,False,False,False,False,False,False,False,False,False,False,False,False,False,False,False,False,False,False,False,False,True,False,False,False,False,False,False,False,False,False,False,True,False
15.39,8.0,8.0,64.0,6.0,4300.0,202.0,231,4.800819203,0,False,False,False,False,False,False,False,False,False,False,False,False,False,False,False,False,False,False,False,False,False,False,False,False,False,True,False,False,False,False,False,False,False,False,False,False,True,False
16.36,8.0,8.0,128.0,6.0,4200.0,205.0,141,5.259992252,0,False,False,False,False,False,False,False,False,False,False,False,False,False,False,False,False,False,False,False,False,False,False,False,False,False,True,False,False,False,False,False,False,False,False,False,False,True,True
15.37,8.0,5.0,32.0,2.0,5000.0,195.0,279,4.465218226,0,False,False,False,False,False,False,False,False,False,False,False,False,False,False,False,False,False,False,False,False,False,False,False,False,False,True,False,False,False,False,False,False,False,False,False,False,True,False
16.69,8.0,8.0,64.0,6.0,4200.0,202.0,282,4.912801934,0,False,False,False,False,False,False,False,False,False,False,False,False,False,False,False,False,False,False,False,False,False,False,False,False,False,True,False,False,False,False,False,False,False,False,False,False,True,True
16.56,8.0,8.0,32.0,3.0,5000.0,195.0,113,4.377265318,0,False,False,False,False,False,False,False,False,False,False,False,False,False,False,False,False,False,False,False,False,False,False,False,False,False,True,False,False,False,False,False,False,False,False,False,False,True,False
15.37,8.0,13.0,64.0,4.0,5000.0,198.0,293,4.487737089,1,False,False,False,False,False,False,False,False,False,False,False,False,False,False,False,False,False,False,False,False,False,False,False,False,False,True,False,False,False,False,False,False,False,False,False,False,True,False
15.37,8.0,16.0,64.0,6.0,4000.0,199.0,181,4.895598484,1,False,False,False,False,False,False,False,False,False,False,False,False,False,False,False,False,False,False,False,False,False,False,False,False,False,True,False,False,False,False,False,False,False,False,False,False,True,False
15.34,8.0,16.0,64.0,4.0,4000.0,183.0,503,4.570475216,1,False,False,False,False,False,False,False,False,False,False,False,False,False,False,False,False,False,False,False,False,False,False,False,False,False,True,False,False,False,False,False,False,False,False,False,False,True,False
15.32,8.0,16.0,64.0,4.0,4035.0,184.0,433,4.521027418,1,False,False,False,False,False,False,False,False,False,False,False,False,False,False,False,False,False,False,False,False,False,False,False,False,False,True,False,False,False,False,False,False,False,False,False,False,True,False
15.32,8.0,25.0,64.0,4.0,4045.0,172.0,288,4.778198696,1,False,False,False,False,False,False,False,False,False,False,False,False,False,False,False,False,False,False,False,False,False,False,False,False,False,True,False,False,False,False,False,False,False,False,False,False,True,False
15.37,8.0,13.0,32.0,3.0,5000.0,192.0,222,4.653674595,0,False,False,False,False,False,False,False,False,False,False,False,False,False,False,False,False,False,False,False,False,False,False,False,False,False,False,True,False,False,False,False,False,False,False,False,False,True,False
15.42,8.0,32.0,128.0,6.0,4500.0,185.0,98,5.214120208,0,False,False,False,False,False,False,False,False,False,False,False,False,False,False,False,False,False,False,False,False,False,False,False,False,False,False,True,False,False,False,False,False,False,False,False,False,True,True
15.34,8.0,8.0,32.0,3.0,5000.0,197.0,360,4.302712828,0,False,False,False,False,False,False,False,False,False,False,False,False,False,False,False,False,False,False,False,False,False,False,False,False,False,False,True,False,False,False,False,False,False,False,False,False,True,False
15.34,8.0,20.0,64.0,4.0,5000.0,185.0,210,4.780299272,0,False,False,False,False,False,False,False,False,False,False,False,False,False,False,False,False,False,False,False,False,False,False,False,False,False,False,True,False,False,False,False,False,False,False,False,False,True,False
15.34,8.0,8.0,32.0,2.0,4000.0,177.0,352,4.186467851,0,False,False,False,False,False,False,False,False,False,False,False,False,False,False,False,False,False,False,False,False,False,False,False,False,False,False,True,False,False,False,False,False,False,False,False,False,True,False
15.34,8.0,32.0,64.0,6.0,6000.0,191.0,190,4.754968551,0,False,False,False,False,False,False,False,False,False,False,False,False,False,False,False,False,False,False,False,False,False,False,False,False,False,False,True,False,False,False,False,False,False,False,False,False,True,False
15.47,8.0,13.0,128.0,12.0,5000.0,222.0,197,5.623042302,0,False,False,False,False,False,False,False,False,False,False,False,False,False,False,False,False,False,False,False,False,False,False,False,False,False,False,True,False,False,False,False,False,False,False,False,False,True,True
15.47,8.0,13.0,128.0,12.0,5000.0,220.0,176,5.594265183,0,False,False,False,False,False,False,False,False,False,False,False,False,False,False,False,False,False,False,False,False,False,False,False,False,False,False,True,False,False,False,False,False,False,False,False,False,True,False
15.42,8.0,13.0,128.0,12.0,4500.0,188.0,190,5.470967304,0,False,False,False,False,False,False,False,False,False,False,False,False,False,False,False,False,False,False,False,False,False,False,False,False,False,False,True,False,False,False,False,False,False,False,False,False,True,True
15.42,8.0,13.0,128.0,8.0,4500.0,186.0,204,4.606669062,0,False,False,False,False,False,False,False,False,False,False,False,False,False,False,False,False,False,False,False,False,False,False,False,False,False,False,True,False,False,False,False,False,False,False,False,False,True,False
15.29,8.0,13.0,128.0,12.0,4000.0,163.0,124,5.486165291,0,False,False,False,False,False,False,False,False,False,False,False,False,False,False,False,False,False,False,False,False,False,False,False,False,False,False,True,False,False,False,False,False,False,False,False,False,True,True
15.29,8.0,13.0,128.0,8.0,4000.0,163.0,148,5.216022124,0,False,False,False,False,False,False,False,False,False,False,False,False,False,False,False,False,False,False,False,False,False,False,False,False,False,False,True,False,False,False,False,False,False,False,False,False,True,False
15.42,8.0,10.0,256.0,8.0,3300.0,183.0,355,5.47109351,0,False,False,False,False,False,False,False,False,False,False,False,False,False,False,False,False,False,False,False,False,False,False,False,False,False,False,True,False,False,False,False,False,False,False,False,False,True,False
15.32,8.0,13.0,64.0,4.0,4050.0,218.0,249,4.989411658,0,False,False,False,False,False,False,False,False,False,False,False,False,False,False,False,False,False,False,False,False,False,False,False,False,False,False,True,False,False,False,False,False,False,False,False,False,True,False
15.42,8.0,32.0,128.0,6.0,4500.0,199.0,326,5.369800468,0,False,False,False,False,False,False,False,False,False,False,False,False,False,False,False,False,False,False,False,False,False,False,False,False,False,False,True,False,False,False,False,False,False,False,False,False,True,False
15.42,8.0,32.0,128.0,6.0,4500.0,186.0,213,5.199546204,0,False,False,False,False,False,False,False,False,False,False,False,False,False,False,False,False,False,False,False,False,False,False,False,False,False,False,True,False,False,False,False,False,False,False,False,False,True,False
12.88,12.0,5.0,16.0,2.0,3000.0,149.0,332,4.153399325,1,False,False,False,False,False,False,False,False,False,False,False,False,False,False,False,False,False,False,False,False,False,False,False,False,False,False,True,False,False,False,False,False,False,False,False,False,True,False
15.42,12.0,32.0,128.0,6.0,4500.0,179.0,202,5.302010538,1,False,False,False,False,False,False,False,False,False,False,False,False,False,False,False,False,False,False,False,False,False,False,False,False,False,False,True,False,False,False,False,False,False,False,False,False,True,False
15.37,12.0,32.0,64.0,4.0,4000.0,172.0,382,5.069218618,1,False,False,False,False,False,False,False,False,False,False,False,False,False,False,False,False,False,False,False,False,False,False,False,False,False,False,True,False,False,False,False,False,False,False,False,False,True,False
15.37,12.0,8.0,32.0,3.0,4000.0,183.0,461,4.433551152,1,False,False,False,False,False,False,False,False,False,False,False,False,False,False,False,False,False,False,False,False,False,False,False,False,False,False,True,False,False,False,False,False,False,False,False,False,True,False
15.34,12.0,16.0,64.0,4.0,6000.0,188.0,455,4.781641329,1,False,False,False,False,False,False,False,False,False,False,False,False,False,False,False,False,False,False,False,False,False,False,False,False,False,False,True,False,False,False,False,False,False,False,False,False,True,False
15.34,12.0,8.0,32.0,3.0,4000.0,169.0,532,4.414009681,1,False,False,False,False,False,False,False,False,False,False,False,False,False,False,False,False,False,False,False,False,False,False,False,False,False,False,True,False,False,False,False,False,False,False,False,False,True,False
17.86,12.0,9.0,512.0,12.0,4235.0,263.0,434,5.573749717,1,False,False,False,False,False,False,False,False,False,False,False,False,False,False,False,False,False,False,False,False,False,False,False,False,False,False,True,False,False,False,False,False,False,False,False,False,True,True
15.42,12.0,32.0,128.0,6.0,4500.0,206.0,254,5.572306112,1,False,False,False,False,False,False,False,False,False,False,False,False,False,False,False,False,False,False,False,False,False,False,False,False,False,False,True,False,False,False,False,False,False,False,False,False,True,True
15.34,12.0,16.0,32.0,3.0,4000.0,169.0,369,4.76037745,1,False,False,False,False,False,False,False,False,False,False,False,False,False,False,False,False,False,False,False,False,False,False,False,False,False,False,True,False,False,False,False,False,False,False,False,False,True,False
15.34,12.0,32.0,64.0,4.0,4000.0,169.0,315,5.137091718,1,False,False,False,False,False,False,False,False,False,False,False,False,False,False,False,False,False,False,False,False,False,False,False,False,False,False,True,False,False,False,False,False,False,False,False,False,True,False
15.44,12.0,10.0,256.0,12.0,4300.0,196.0,489,5.200153118,1,False,False,False,False,False,False,False,False,False,False,False,False,False,False,False,False,False,False,False,False,False,False,False,False,False,False,True,False,False,False,False,False,False,False,False,False,True,False
15.32,12.0,10.0,256.0,8.0,3500.0,168.0,429,5.205050099,1,False,False,False,False,False,False,False,False,False,False,False,False,False,False,False,False,False,False,False,False,False,False,False,False,False,False,True,False,False,False,False,False,False,False,False,False,True,False
15.29,12.0,8.0,32.0,2.0,4000.0,168.0,497,4.243626265,1,False,False,False,False,False,False,False,False,False,False,False,False,False,False,False,False,False,False,False,False,False,False,False,False,False,False,True,False,False,False,False,False,False,False,False,False,True,False
14.81,8.0,5.0,32.0,2.0,3000.0,141.0,383,4.191320021,1,False,False,False,False,False,False,False,False,False,False,False,False,False,False,False,False,False,False,False,False,False,False,False,False,False,False,True,False,False,False,False,False,False,False,False,False,True,False
10.34,12.0,7.0,64.0,3.0,1821.0,148.0,235,5.011901159,0,False,True,False,False,False,False,False,False,False,False,False,False,False,False,False,False,False,False,False,False,False,False,False,False,False,False,False,False,False,False,False,False,False,False,False,True,True,False
15.37,8.0,7.0,64.0,4.0,3969.0,226.0,298,5.34046648,1,False,True,False,False,False,False,False,False,False,False,False,False,False,False,False,False,False,False,False,False,False,False,False,False,False,False,False,False,False,False,False,False,False,False,False,True,True,False
12.9,8.0,7.0,64.0,4.0,3046.0,188.0,351,5.440164091,1,False,True,False,False,False,False,False,False,False,False,False,False,False,False,False,False,False,False,False,False,False,False,False,False,False,False,False,False,False,False,False,False,False,False,False,True,True,False
15.27,8.0,7.0,64.0,4.0,3110.0,194.0,208,5.100902476,1,False,True,False,False,False,False,False,False,False,False,False,False,False,False,False,False,False,False,False,False,False,False,False,False,False,False,False,False,False,False,False,False,False,False,False,True,True,False
16.74,8.0,24.0,128.0,8.0,6000.0,240.0,325,5.71531571,1,False,False,True,False,False,False,False,False,False,False,False,False,False,False,False,False,False,False,False,False,False,False,False,False,False,False,False,False,False,False,False,False,False,False,False,False,True,False
15.34,8.0,8.0,64.0,6.0,5000.0,190.0,232,4.492337378,1,False,False,True,False,False,False,False,False,False,False,False,False,False,False,False,False,False,False,False,False,False,False,False,False,False,False,False,False,False,False,False,False,False,False,False,False,True,False
15.24,13.0,8.0,128.0,8.0,4000.0,200.0,541,5.03773152,2,False,False,True,False,False,False,False,False,False,False,False,False,False,False,False,False,False,False,False,False,False,False,False,False,False,False,False,False,False,False,False,False,False,False,False,False,True,False
15.8,13.0,5.0,32.0,3.0,4000.0,165.0,201,4.357349647,0,True,False,False,False,False,False,False,False,False,False,False,False,False,False,False,False,False,False,False,False,False,False,False,False,False,False,False,False,False,False,False,False,False,False,False,False,True,False
15.8,13.0,5.0,32.0,2.0,4000.0,160.0,149,4.349761674,0,True,False,False,False,False,False,False,False,False,False,False,False,False,False,False,False,False,False,False,False,False,False,False,False,False,False,False,False,False,False,False,False,False,False,False,False,True,False
12.83,13.0,5.0,16.0,2.0,4000.0,168.0,176,4.132121927,0,True,False,False,False,False,False,False,False,False,False,False,False,False,False,False,False,False,False,False,False,False,False,False,False,False,False,False,False,False,False,False,False,False,False,False,False,True,False
